timestamp_ms,satellite_id,temperature_c,battery_percent,status,payload_len,payload_hex
1787300123637,42,16.875536,100,NOMINAL,32,"52 7f 6b 8d c2 79 26 35 45 ff 0c 00 1e 9b af cd 6a 45 33 be f8 db 59 c9 4c 0e d3 df 63 d9 7a da"
1787300123637,42,22.2272568,99,NOMINAL,32,"4d 7c a5 95 22 35 45 9b b6 2c bd 1c 4b d8 62 41 9f d5 0d 83 21 a7 6d c8 2f c1 8a c5 c1 f5 de a5"
1787300123637,42,24.5301208,98,NOMINAL,32,"9d 6c 27 61 23 34 c4 1a f3 76 f6 02 3b 0d 1e 1d 02 81 46 f8 23 a5 17 79 71 a7 be 74 b8 1d 3c 58"
1787300123637,42,15.3321743,97,NOMINAL,32,"17 ca 41 c1 e2 00 03 03 ad 8a ef 4a fb 9e 1e 03 f1 bd a4 ab 7a 57 21 43 25 1c 87 04 59 1a c8 e4"
1787300123637,42,25.7016315,96,NOMINAL,32,"b8 30 f6 95 31 f9 e1 1f 28 3b b4 88 58 f3 9e cf bb 14 e1 c0 b0 f1 75 fe a9 76 2b d9 8f 23 a6 e1"
1787300123637,42,24.3670959,95,NOMINAL,32,"cf db b9 5a e5 2e 75 7e bd 62 3b d6 62 2f e0 50 3d 10 85 e6 e3 91 c4 16 15 52 65 3c 64 37 e2 12"
1787300123637,42,10.5234194,94,WARNING,32,"2c 2f ab 5e 42 61 6f 28 a0 d3 78 e4 a1 89 7d cb 7e 75 68 66 cf d8 98 58 77 b8 cd 9e 55 64 8c 69"
1787300123637,42,15.2896309,93,NOMINAL,32,"9a 54 cc 78 f9 45 0c 01 4d 61 ad 71 6c f8 65 f5 92 06 b9 48 8a 93 9b 62 c6 a9 0b 48 58 5c 12 59"
1787300123637,42,21.0379715,92,NOMINAL,32,"d0 75 48 39 c2 f8 8d 3f 89 bd 22 a3 bc 53 c8 ec 61 de cf af 13 ed 0b 10 5c d6 a9 a1 a1 c5 49 0e"
1787300123637,42,20.0813522,91,SAFE_MODE,32,"71 35 bb 42 da 78 43 e1 50 f0 26 a2 87 24 b2 63 ec f2 43 bd 2c 8f c3 eb 90 9f d5 ae d5 6b 83 95"
1787300123637,42,20.6947823,90,NOMINAL,32,"ee bc f3 ae c8 41 e8 ae 3d b0 95 f3 5a b7 37 09 2c e2 4b 46 8f 12 7c e2 de e8 4e 23 e6 5d 59 72"
1787300123637,42,23.217371,89,NOMINAL,32,"b5 13 7c 51 4b 29 6f 6f 02 79 ef 2d 18 d2 67 78 c7 42 5f c9 79 ad db 66 84 f9 03 f0 2f 0d 32 f5"
1787300123637,42,24.2451515,88,NOMINAL,32,"97 30 a0 34 50 92 44 3a 25 fa 57 d4 48 1e bf 28 ca 02 f1 c5 98 23 8a c6 57 ad 41 a3 8b 2b 60 f2"
1787300123637,42,21.2341251,87,NOMINAL,32,"a0 19 cc 23 fd a1 ce 6d 52 ee a7 0e 4d 24 d9 3b 09 02 ad 6f 3d b6 6c b5 75 d0 09 e2 7a 4b 31 97"
1787300123637,42,24.3828678,86,NOMINAL,32,"9b b5 d4 87 cf e0 74 d6 c6 58 62 03 a2 9f 17 ca eb f4 a9 89 38 14 ae f3 09 0f 4b f1 06 d3 b1 db"
1787300123637,42,25.2257729,85,NOMINAL,32,"db f1 12 c9 09 93 33 f1 e5 64 5e 06 ce dc a5 12 a4 5e 01 67 bc 77 53 4f 09 a9 dc b0 e5 78 9d d8"
1787300123637,42,18.1301212,84,NOMINAL,32,"e4 9c 06 29 76 63 f9 2b f5 a7 d6 c7 2d 77 97 1f 87 6e 7b 82 a6 ca c8 44 88 b1 89 37 3b 66 3f 27"
1787300123637,42,26.2931042,83,NOMINAL,32,"f1 d3 b1 65 a1 a3 64 7a 39 76 83 2c 6e 36 7f f5 7f aa d7 11 89 c0 5e 4e 22 9d 7d 4b f2 d2 b8 2b"
1787300123637,42,14.9448738,82,NOMINAL,32,"4a 78 5d 7c 3e 98 26 32 13 28 a4 e0 3d 50 40 c9 c1 17 68 a0 50 94 4a be c9 f5 55 0f 48 4f 92 fc"
1787300123637,42,14.7785282,81,NOMINAL,32,"c1 31 d2 75 1f aa 4c 99 bd 9c 03 13 54 ae 11 14 9c 59 4e 7b 0d 12 fc 99 2c 5b f4 4f de 52 54 d4"
1787300123637,42,26.0560589,80,NOMINAL,32,"ce bb 3a 1d 0b 5b 27 d4 0b 51 e6 02 5b e3 d7 82 5e 7a 03 86 ca 37 c2 6d b5 b7 9b f3 a2 af 7c de"
1787300123637,42,17.7100334,79,NOMINAL,32,"ac 11 f9 6f b7 69 7c 5d 4c f7 7d ae 5c 47 8d 56 f6 7d e4 cd 6e 16 d5 76 23 38 de b5 1a c6 01 a2"
1787300123637,42,21.1288414,78,NOMINAL,32,"29 59 9c 15 92 91 62 2a 4a 91 34 76 1e e9 2b 4a 1b 29 e7 4d 61 e4 2d 8f 6b 7f 8c 98 ba 4a 36 8a"
1787300123637,42,23.9575081,77,NOMINAL,32,"48 72 14 31 a8 2b 91 63 b3 b5 d9 1d 88 ad 0c b7 90 e7 0b f0 d3 23 8d 0b a2 e2 2b 48 76 0e bf f3"
1787300123637,42,24.3458004,76,NOMINAL,32,"14 44 3f dc 4c 2d d6 17 f6 cf 0c c4 a3 08 62 aa 15 bf 0c fa 45 05 a9 91 e8 c3 ff 4d 9b 6b 73 f4"
1787300123637,42,26.6783104,75,NOMINAL,32,"35 80 30 c9 c7 9f d7 a0 13 69 54 14 6c ef 44 4e 7d 92 b2 58 ab 67 0d fd 29 dc 6f 58 5e ac ae 05"
1787300123637,42,22.9110832,74,NOMINAL,32,"60 56 5d 3e bd f9 b8 7f b5 db 99 10 ff 93 52 4f ad c5 f1 98 d3 e3 53 d0 ab 5f eb 99 3a d8 cf 32"
1787300123637,42,24.4604931,73,SAFE_MODE,32,"88 58 e8 4d 14 fa 97 8f fd 2b 3f fa 27 f3 85 d3 46 27 42 7d 47 46 4a 83 2f e0 32 2c b5 8f ee fc"
1787300123637,42,18.1165924,72,NOMINAL,32,"7a 61 0c 3b ae ff e6 6f 93 c0 37 81 57 63 e6 8d f6 1b 05 4d 6e 11 81 cd 64 c1 8d 1e f1 7c ed 63"
1787300123637,42,20.1457996,71,NOMINAL,32,"84 8c 32 78 81 f2 63 11 e8 3f fe 76 4a 09 5b 8b 5a 56 3a 43 97 d9 f0 1b 60 a1 91 42 c1 08 58 4e"
1787300123637,42,18.9049187,70,NOMINAL,32,"c7 26 39 57 04 28 66 e6 e9 74 2e a2 51 38 b2 e9 57 c4 a1 1b 82 9d e7 67 5a 4a e9 32 3d fd 9b 0b"
1787300123637,42,18.9154167,69,NOMINAL,32,"42 5c 0e a9 c2 4b 8d 43 1e 83 2d 09 7e b6 c0 26 a5 6a 1c ca 5f 52 64 21 24 d1 af fc c4 bd fa ed"
1787300123637,42,21.5666885,68,NOMINAL,32,"8f e1 d2 18 c2 00 05 58 1d f8 c0 73 f1 bf 4b 49 68 be a8 56 ab b6 94 ee f1 a4 9d 6a c2 b1 d9 d9"
1787300123637,42,16.1948586,67,NOMINAL,32,"c8 e2 43 a0 39 0c a0 95 68 84 69 a1 8d e3 01 60 3c 9d 0d 66 9c 3e 0a 9b ac 18 17 89 1e 61 6d 99"
1787300123637,42,20.4426899,66,NOMINAL,32,"c2 a1 21 70 ef b3 9f 47 58 ab 03 5c 63 f3 e5 18 49 e2 33 ff 1d 8d 64 e0 53 e2 3c 15 ec d4 c6 17"
1787300123637,42,20.1769905,65,NOMINAL,32,"53 c0 38 7e 7a f6 5f e4 bb 60 98 1a 3a 47 10 e5 1a 45 fd 12 38 f5 24 dc 9d c7 9d 5a 92 0e 59 00"
1787300123637,42,25.1026878,64,NOMINAL,32,"8b 8b 21 e1 95 3e 92 0c 16 01 29 15 10 2b 2d 8f 55 64 2d ee 15 00 5b ee a0 2f f8 4a 6d 87 4b 34"
1787300123637,42,22.3047581,63,NOMINAL,32,"a8 30 41 af c0 59 f3 e0 21 dd 2e 66 f6 d0 ef 7d 88 70 4c 39 42 2d b7 51 f5 78 94 5f 37 78 a5 b3"
1787300123637,42,18.231863,62,NOMINAL,32,"9f 21 3b 32 2b 3f a4 99 ff 33 4f 46 68 20 2e d2 e3 6c 93 42 57 d0 f5 e6 f9 db 63 d1 92 18 1f 1d"
1787300123637,42,22.7277527,61,NOMINAL,32,"fd ee 64 01 97 38 d4 a5 8e 24 de 5b 3a b8 f2 81 2b 0d d5 0a 17 bb fc 95 96 51 f8 2e 5c cb 69 34"
1787300123637,42,24.6692276,60,NOMINAL,32,"0f 25 f6 61 f0 9e d9 50 bf 0a cb ac 78 f0 6f 55 e8 8e cc 02 46 c9 9d 4d 6f 3a 05 66 1f 70 f6 4a"
1787300123637,42,25.8971672,59,NOMINAL,32,"93 fa 2a 82 68 3f 7a eb f4 49 45 9e 2d 2e 17 40 0a 7a 5c e7 0c 97 5f ab c3 6f 0e 20 34 3c 76 58"
1787300123637,42,16.6161175,58,NOMINAL,32,"4f 10 c8 b3 49 89 39 72 60 6f 39 28 9f 5e 44 26 f4 fa 0e 7e ca 0b 61 7d 89 13 68 7c f5 99 3d 71"
1787300123637,42,20.038681,57,NOMINAL,32,"86 63 57 2a f3 9d 91 0f f8 68 90 72 a8 26 e1 01 a5 89 0e 18 95 e1 5d 71 cf f6 a2 db bf 3e 87 89"
1787300123637,42,20.629076,56,NOMINAL,32,"34 56 67 a9 a2 62 61 ab 88 09 54 1b b5 71 22 2b 63 82 ba a5 ab 33 a3 68 43 43 a0 de 20 8f c3 b0"
1787300123637,42,27.165554,55,WARNING,32,"b9 37 5c 82 e8 56 b2 de 46 6c 6d 52 16 ca 41 39 50 70 9f 3e 73 7c 9f fc 03 12 9e 7a c1 0d aa 13"
1787300123637,42,14.5979195,54,NOMINAL,32,"ec 86 6a 0f d5 53 46 49 12 09 0e 1c b8 ff b6 8a 21 0f 01 4d 67 57 cf e9 14 4b fd c7 44 41 ae a6"
1787300123637,42,21.0694542,53,NOMINAL,32,"ea 32 39 e0 18 d6 a4 9a 27 d8 b0 f6 35 59 e1 19 a4 4c 82 db 5c 30 8e 2c 9a 1c 5c bf f6 df 6c c1"
1787300123637,42,19.8019772,52,NOMINAL,32,"37 f0 a3 76 69 73 e4 6b 21 04 af c6 d0 0c 44 8f 52 fe 33 cb af a7 0c ec 84 ca fc eb 28 a8 bd 30"
1787300123637,42,15.8084812,51,NOMINAL,32,"cd 7c eb 2c 40 a2 40 35 01 ac 98 95 15 b4 fc a9 88 fe 98 63 ed 74 97 a5 5e 39 c9 04 78 cd b9 fd"
1787300123637,42,24.0984821,50,NOMINAL,32,"42 0a 0e 4c 0f 58 31 53 6f a7 6c 6c d0 02 c4 45 b0 e6 8d 0b 6c 97 b6 f4 e2 38 48 c8 19 2d 9f ab"
1787300123637,42,21.0930042,49,NOMINAL,32,"e8 f0 4f 98 ab 66 0d 93 bc ac 05 33 39 c3 be 86 85 6c 06 e1 a5 f5 57 e1 09 41 76 f1 ad 47 f5 ed"
1787300123637,42,28.9691162,48,NOMINAL,32,"82 53 61 79 92 cf dd 6f 21 15 c7 e9 a3 3a 8c 8c c1 69 ff ea 3c 6b aa 0a 77 7b c4 3a aa a3 4e 78"
1787300123637,42,23.6875038,47,NOMINAL,32,"af 55 21 46 49 69 cb 7b c8 71 d8 0b 4b ed 2d 10 4d f4 e4 90 a7 92 ac 7d 48 39 f0 4d 7c d7 9c 9a"
1787300123637,42,28.4333649,46,NOMINAL,32,"32 47 33 92 99 81 cf be ca 91 77 e8 af 7c a9 b2 1f 54 86 a4 78 5c 40 9d 2d 6b a1 09 3b bc 42 10"
1787300123637,42,21.321804,45,NOMINAL,32,"0e a3 e9 16 92 93 4a 0e 1f 14 5e 0f 21 11 de 79 e4 ab 26 6f 59 32 e7 e5 8d 12 79 67 49 d6 ee 07"
1787300123637,42,24.0190926,44,NOMINAL,32,"33 d7 82 f6 f3 cc 76 1d 7f ed 90 05 f7 42 ae e8 7c b0 a6 8e c0 37 9e 58 f2 54 f1 d3 22 3a 47 2d"
1787300123637,42,20.2763309,43,NOMINAL,32,"24 a8 df 06 ad 8e da 6d a7 bf 17 5d 59 91 04 ed 86 cd 37 df 85 cf e9 b1 7a d7 66 f1 5d c0 2e 43"
1787300123637,42,11.3825121,42,NOMINAL,32,"93 16 2d 78 34 62 ed fe 61 08 33 af ba 46 54 97 60 02 3c 21 13 5a 79 90 ec e5 ef f6 91 f9 a0 9d"
1787300123637,42,17.2163124,41,NOMINAL,32,"4d 50 a4 3f 56 af f5 81 30 7d cc b4 cd 00 28 8b 33 09 be 4a 56 42 fe a7 80 d5 6b e0 43 07 3f f2"
1787300123637,42,20.0516071,40,NOMINAL,32,"5d 77 41 f4 9e c8 56 f5 f3 5e ed 4f 69 5e 89 7e 79 e8 07 7c 6b 26 c9 31 3d 76 f9 d3 df 02 bc 80"
1787300123637,42,20.1852665,39,NOMINAL,32,"d8 ac 3a 23 97 b4 e5 55 9f 46 14 31 e6 04 06 35 ab de 98 07 9e da 46 57 5d 47 bb d2 3c fe ed 8b"
1787300123637,42,20.4642944,38,NOMINAL,32,"95 5b a3 7d b4 0d 81 16 80 2c 8c 3e d4 2f 6f 8b 5e a6 82 67 da 91 99 ab ea ae ac 2a 73 87 ee 70"
1787300123637,42,21.6819954,37,NOMINAL,32,"9e 3a d1 21 0f 2f 7f 4d 97 6d 50 aa 17 89 18 14 16 c1 e8 3c 63 fc 84 2e e3 30 14 26 fa 5c db 09"
1787300123637,42,21.0679626,36,NOMINAL,32,"8f 0b fa b5 12 de ad 14 08 0d 4a 90 80 53 68 ec d7 09 4e f9 4b c0 89 60 a8 29 3d ae d5 06 d4 ad"
1787300123637,42,22.5645885,35,NOMINAL,32,"e4 c6 7f c8 5c b9 f1 f8 4a 7c c4 ff 71 de e4 27 0e 9a b0 96 f7 8d 60 72 c9 c3 90 8e 61 0a c0 c6"
1787300123637,42,25.8344898,34,NOMINAL,32,"da 92 47 fc ba 18 bb 01 b1 7e f0 ac c4 f9 b9 2e 31 d2 85 3e cd 9d 49 af 09 ca da b7 47 a2 58 c6"
1787300123637,42,15.5700598,33,NOMINAL,32,"84 41 30 c6 65 c2 1c ac 7f 91 c0 a5 3a 2e ef c1 cd f9 8e 09 2b 73 05 f1 7a 6c cf bf 7a d9 65 f0"
1787300123637,42,20.2355766,32,NOMINAL,32,"3e 9e 23 95 2a 51 10 2a eb 9e 47 f5 d6 da 30 75 1d 86 c3 0a 0d 20 de 8b e1 b2 65 03 26 20 bf b7"
1787300123637,42,22.0836926,31,NOMINAL,32,"c4 31 c4 a9 75 c6 ba 0b c7 53 01 ac bc fe 3b e2 34 cb 0a c3 93 d0 ae b1 47 aa ed 5c f7 2d d8 32"
1787300123637,42,20.3327312,30,NOMINAL,32,"fe 68 a7 06 69 65 c6 cd 79 d4 73 e1 2d 16 b0 40 1c c4 6f 86 a5 17 30 ef 68 4f 25 8b c5 73 1e 87"
1787300123637,42,23.9720154,29,WARNING,32,"20 e9 0e 60 3d 78 a5 6e c6 f6 82 08 aa b5 9f d8 fe 2d 5c 5b 3f 08 c7 4f 0e b4 13 24 a6 87 bf e2"
1787300123637,42,24.5733299,28,NOMINAL,32,"26 48 79 40 57 96 51 57 0b 67 83 50 ba 27 45 94 49 3e 8d 4e 98 bd 29 b0 99 6c c1 80 81 b4 a4 23"
1787300123637,42,18.3476582,27,NOMINAL,32,"60 42 4d f0 1b ae 8f 54 33 62 dc 21 0e 46 d7 4d 21 4c 99 0f 7a 9b c0 8b e8 6a a7 f4 ce e4 1b c0"
1787300123637,42,20.6685009,26,NOMINAL,32,"58 6d fb 06 fd f2 18 97 3d 00 64 cb c8 2e cb d8 8c 7d 9f f2 3e bb ef b7 34 4d bf 97 bc e8 ce 4a"
1787300123637,42,18.3843498,25,NOMINAL,32,"1e ab 08 77 dc 35 59 8a f1 f0 2d 19 25 e3 e1 6e 79 ef 89 3c 67 95 aa 3a d1 41 f1 28 f6 fc 3c 42"
1787300123637,42,18.2683697,24,WARNING,32,"b3 fd f5 f9 96 c1 b9 04 20 c1 79 fe 1b 4e 29 b9 46 48 5a ba bd 80 bc 25 40 65 9e 63 eb 16 4f a3"
1787300123637,42,21.9776459,23,NOMINAL,32,"fa 4f 6c ee 3c db 8b 84 49 90 f9 de 71 19 52 5e a3 c7 9b 0c 7c 93 68 ca 93 fc b4 b9 59 00 ad 96"
1787300123637,42,23.4621334,22,NOMINAL,32,"f6 4e 13 a7 c2 7c 26 f8 c5 ad f1 91 e6 5a cd 7f 8f 2f dc cd 16 d9 de 1d 3e 6b 22 1f c9 74 d4 43"
1787300123637,42,22.7542076,21,NOMINAL,32,"5a 3e 04 bd 3e be c6 2b 96 c8 5c ff 37 5f ec 60 85 dc a0 aa c9 d9 3b cc 51 d9 32 22 82 37 d8 e3"
1787300123637,42,20.1535568,20,NOMINAL,32,"20 91 d3 5f 6c 8b 8b b5 f2 b7 40 72 0f e3 7b be d5 3e 04 ea 17 5b 79 af 54 9a c5 52 e0 ec f1 ec"
1787300123637,42,20.0319138,19,NOMINAL,32,"32 c8 96 ec 46 73 ff 0f c8 d4 c0 a3 30 26 45 8b 87 47 6f 5a 24 ec 1a cc ed 54 ee b2 ff 6d fa b6"
1787300123637,42,18.2661076,18,NOMINAL,32,"3e b4 7f 60 29 a8 6c d8 7f 8e b0 0c 60 00 da fb 2c 88 44 63 e1 c4 05 ee 01 7b 68 d8 db 6a 32 0c"
1787300123637,42,21.3421669,17,NOMINAL,32,"b4 fd ba fc b9 26 fc d8 d5 de fa c3 91 2d 42 0c c1 e5 26 a8 df bf 76 f0 6a 04 bb e0 a6 b1 61 4a"
1787300123637,42,20.3788891,16,NOMINAL,32,"33 44 ee f7 bc 53 5a 5f 4e 58 47 a9 0f 90 15 58 88 e1 e2 f9 79 e9 f9 65 34 1e 34 47 7d 32 a7 15"
1787300123637,42,25.4006062,15,NOMINAL,32,"fb 69 3e f6 6a 9e 74 48 15 cc 88 7d 1f 4f 5f 9d d0 7c a6 32 e4 76 b7 f8 fc 2e ed 6b 80 3b 13 23"
1787300123637,42,20.2146816,14,NOMINAL,32,"3c ba 77 0e 6d 8b a0 fc a2 a4 43 dc 92 e2 ad 94 c2 6b 32 6d 40 e2 cd 04 53 60 1d 7d 5e 88 53 39"
1787300123637,42,14.5523968,13,NOMINAL,32,"cb ee 7b f1 be 01 a2 a4 6d b5 30 8f 42 31 92 ad 2d 15 9d ac 70 08 cd df 5f 69 31 f5 3f 73 b4 b7"
1787300123637,42,19.3275566,12,NOMINAL,32,"c4 78 ff 91 5d 42 94 5a af f9 4c 80 e8 76 b6 6c d3 ec 28 4e 11 f5 ea 76 3d 74 14 4f be 31 78 5b"
1787300123637,42,27.2548561,11,NOMINAL,32,"70 75 41 59 9e b9 71 5a 2b f9 cc a5 5d 4a 1f ca 15 48 92 e3 5f 9c fa c4 b3 98 1e 46 e7 6a 8a 63"
1787300123637,42,23.2964554,10,NOMINAL,32,"30 a5 87 c5 ee 73 00 42 cd 46 30 f0 e5 26 ec 61 d0 44 44 c3 1a 63 7c 20 f7 01 ab 21 3e bb b5 ce"
1787300123637,42,24.9544086,9,NOMINAL,32,"90 69 2c c2 83 f0 ac 78 e6 9e 33 7c 41 61 25 ec b1 63 26 ee ce f7 9f 79 d5 91 9a cd cc 50 b0 11"
1787300123637,42,17.8484669,8,NOMINAL,32,"61 37 d0 b2 e9 7b a6 53 ed af 5e ae aa b5 98 a9 87 67 54 97 b8 74 2c 3d a4 1b ed f8 23 bb 89 70"
1787300123637,42,31.4001198,7,NOMINAL,32,"37 6b 9d c7 8e 2b e7 91 0e cc e4 18 0b 87 63 17 8c 7e 8f b9 2d 60 b3 53 a8 3f 35 13 17 d2 c8 83"
1787300123637,42,23.4962368,6,NOMINAL,32,"f5 e7 74 21 42 a7 e0 23 d5 fd 54 0f f9 59 85 c2 3c 03 9b bd 48 f4 9d 7a c0 7d 5c 03 dd 57 02 d1"
1787300123637,42,20.2769699,5,NOMINAL,32,"b0 c0 29 1c 87 40 e7 0c 71 30 4e 1f 2a 22 38 b9 28 51 e4 e8 50 c4 a5 55 a6 60 63 0e 99 60 21 51"
1787300123637,42,18.1784077,4,NOMINAL,32,"b3 63 15 92 5f 46 2f 1a 88 a9 cc 8f 55 eb ec 63 83 5b a7 de 01 53 df fc b3 2f 7e f6 ae 93 ad 2a"
1787300123637,42,23.570755,3,NOMINAL,32,"a8 2e a0 eb bd 80 d8 f2 31 7b 97 bd 07 ea 80 38 09 5f 24 e3 11 3f 3e e3 5f 28 b1 ee af 30 da 04"
1787300123637,42,17.0978928,2,NOMINAL,32,"88 cf 50 a9 1f 72 1e b2 00 b3 46 42 40 5e 56 ff 97 3c da 20 6a eb 88 a7 87 ae 9e 9e f2 5c ca ce"
1787300123637,42,15.0020561,1,NOMINAL,32,"25 4a 37 47 45 f1 7f 9c 16 7b f3 c7 ad 4d bc 10 af 9f 60 1e b9 3a 5c c5 0b 95 20 01 44 fc 69 04"
1787300123637,42,25.2876854,0,NOMINAL,32,"60 a0 15 80 ac d7 84 45 e4 29 3d 01 00 9e 2d f1 0d 50 b3 2f 1d 93 a1 72 d7 4a 3c eb 3c 47 3a a4"
1787300123637,42,20.1818523,100,WARNING,32,"2c d2 9b 3d 88 50 9a 30 78 31 a4 a2 ff 43 91 88 0d 6b 63 8b 51 70 8e b1 d0 fd 72 a9 2f 7f 7e d5"
1787300123637,42,23.0485229,99,NOMINAL,32,"9c 7b a1 f9 6f 35 92 58 14 04 12 65 e8 1d 39 79 8d 00 7f b9 0d 32 b4 44 bb 4f 4d 15 35 a7 61 c9"
1787300123637,42,19.3058243,98,NOMINAL,32,"37 ed 46 34 64 16 a5 a8 a5 32 f5 31 19 43 01 23 18 83 41 53 8a 6c cf ba 50 9c a4 e3 5f 25 6f a0"
1787300123637,42,20.8555183,97,NOMINAL,32,"61 ce 3d fb ac 5f 97 1c 6f df 05 27 e5 1a d1 4b f3 46 eb 0f 54 8f 22 5a 94 5b 12 ff f1 ae 6c e0"
1787300123637,42,27.1711235,96,NOMINAL,32,"a1 59 d5 29 44 75 37 00 58 3f 3f 5f fa 5f 1a 6b 7e 25 4a 40 d3 9c 32 f3 b9 5f e4 a6 d3 c2 3e c2"
1787300123637,42,18.2179623,95,NOMINAL,32,"80 99 63 9e 70 97 54 3c 24 5f 18 1c 5f 41 a0 68 d3 f5 a1 f3 59 59 74 22 4c 51 a6 03 dc 40 c9 7d"
1787300123637,42,24.2867165,94,NOMINAL,32,"d6 d6 25 31 92 55 2c 8b 31 22 fb a1 99 cd cd 10 67 3f 8e 07 17 d7 ec 60 20 5f ed d8 0c eb bb 22"
1787300123637,42,20.2269878,93,NOMINAL,32,"73 ab fb 85 3b 2b 31 2a a9 ca c9 c5 ea 07 f8 b2 84 62 64 fc 0a 0f d4 ce 8a cf 9e 7b b5 89 35 90"
1787300123637,42,20.8556385,92,NOMINAL,32,"7b 5f 40 73 c9 fb 4d 1f 15 43 fe cb 33 6f e2 10 ab 4f d2 72 2b 84 45 cf 6a 67 15 40 ba 60 ee 27"
1787300123637,42,25.7423191,91,NOMINAL,32,"07 62 e2 64 b4 25 35 ac 5d af e2 42 6d 08 8a f9 3a f3 dd 85 ed 03 82 75 4a 62 09 e8 0d c2 c9 24"
1787300123637,42,23.1424389,90,NOMINAL,32,"b0 f5 b4 49 16 ad 27 db 9a a0 b3 30 05 b9 f6 aa 40 43 d1 c7 ac d0 ae 5b 25 c4 7b a8 59 90 cc 2e"
1787300123637,42,22.7659092,89,NOMINAL,32,"be ad 96 f4 3c 0c 9b 8c 14 9e 04 7c 39 7a 54 31 a5 72 71 9b ab 9f b2 88 95 03 58 38 14 df ef 35"
1787300123637,42,13.7249937,88,NOMINAL,32,"47 94 d9 58 34 ca 60 aa 15 6c bc b1 2d 13 17 22 c9 de 00 28 c3 62 94 fe bd e0 70 90 c7 ff 16 cc"
1787300123637,42,22.6767731,87,SAFE_MODE,32,"03 78 0a 7f eb 07 aa 07 e4 2d 0b b9 ee 38 47 f0 24 b6 f4 b1 3d 85 c9 e1 3f e0 91 5e 98 14 05 e6"
1787300123637,42,17.8607101,86,WARNING,32,"e3 a7 0a 2f 89 a6 21 a4 19 77 9f de 14 8c 09 11 a5 be 2a 0f d5 78 86 b6 48 61 ae 82 f4 1a a2 ae"
1787300123637,42,18.5902996,85,NOMINAL,32,"8a 24 1a 53 14 5b d9 6e b2 4f 6d ba ed ce 1f 15 61 a5 61 b2 c7 a9 33 5f 2d 26 9f 5c 63 02 ba 99"
1787300123637,42,22.4556217,84,NOMINAL,32,"6c f1 9e ea 6c 87 32 ae 60 1b 82 b3 a6 8d f7 69 be 0b 5a 70 0b 86 33 75 28 df 71 8f df 3a 81 34"
1787300123637,42,21.7525597,83,NOMINAL,32,"0c 6f 32 7c 96 fa 20 17 5c 75 e2 26 e8 ee 60 fb ba b5 ef 1f 6c af 70 ec 82 0b 36 47 a9 eb a5 fa"
1787300123637,42,22.0927467,82,NOMINAL,32,"22 57 03 cf e9 f1 b9 f5 74 0c 1e 79 c6 cf 59 c3 1c 99 5f 15 01 85 77 05 7a 16 15 36 d2 da 78 c3"
1787300123637,42,21.3295116,81,NOMINAL,32,"91 95 ab 0a 3a 50 dd 34 56 04 31 5e 13 40 a0 02 fe d8 91 86 3a d6 4f 04 84 b8 9d 86 21 f8 90 2d"
1787300123637,42,18.6991386,80,NOMINAL,32,"6b 4e 46 97 eb fc 08 49 57 dd 80 09 06 bf 97 3d 61 cd a2 c8 d0 9e 66 b1 9b ab ba 94 9b 70 f3 97"
1787300123637,42,31.5604038,79,NOMINAL,32,"c1 00 83 c9 73 45 ba e2 ba 65 30 b1 80 63 84 89 5e 9d 72 7d 07 46 e0 95 11 38 b8 f7 d5 a6 f8 b4"
1787300123637,42,32.5228348,78,NOMINAL,32,"8f 48 8d 60 1e 21 99 35 62 66 b7 93 f2 d8 a8 0e d8 21 23 58 62 2e 37 9e 97 33 1a f2 24 0f 47 b8"
1787300123637,42,19.7679729,77,NOMINAL,32,"23 09 b0 46 01 7d 31 de 17 b6 96 c3 d3 17 6a 29 4c 5e 4d 93 a4 07 c4 a7 9e 17 d0 1d 02 dd aa 34"
1787300123637,42,18.7762108,76,NOMINAL,32,"52 76 ac ab e5 d4 5e 32 87 48 f2 87 6d d8 db 5b a7 27 ac 9e 7c 11 91 89 3c f1 7a e8 c9 68 3b 6a"
1787300123637,42,21.7495251,75,SAFE_MODE,32,"4b 66 24 5d 04 3f 1a 32 45 b3 19 c1 39 b6 b0 3b a6 c6 e6 c2 ca 7f 4a 1e 08 87 61 3c 72 91 9d df"
1787300123637,42,20.9031258,74,NOMINAL,32,"49 3d 4e c2 de 06 f1 49 e3 dd 1e b1 8d 04 de 5a 8f 56 54 59 52 f2 ca f2 c1 9c 57 dd d6 37 fa ee"
1787300123637,42,23.0484695,73,NOMINAL,32,"e5 d8 d3 52 0c 11 d4 c3 f2 b1 62 99 9a ae 73 d3 3c e8 69 f2 56 4a ac f8 cc b2 0b 8b 6b 04 b1 1b"
1787300123637,42,24.8453579,72,NOMINAL,32,"f1 de b9 3d 7c 4e 4b 7b 8c ce 91 0a 89 dd 68 b4 12 37 27 d5 d8 f1 d5 9e 77 32 31 58 ff a7 a5 ae"
1787300123638,42,23.0498829,71,NOMINAL,32,"3f 72 5f 7f b9 a2 5c 81 bc 15 6e c6 23 ad 80 45 44 9c 06 c5 f9 8a 67 8f f9 3f 73 40 e3 05 3b f0"
1787300123638,42,24.3556805,70,NOMINAL,32,"4d a1 3c 6f 22 a7 fb 38 95 72 3b 7f 83 0b 36 d9 80 87 b3 b0 15 3a b1 2c 00 48 5f e8 72 c1 f3 f9"
1787300123638,42,16.3878136,69,NOMINAL,32,"98 d9 32 d1 32 33 63 0a 7a 05 5f 02 76 ff d3 e5 5c 5c 2c f3 de b9 32 15 45 a7 b9 b4 cd d8 cc 8d"
1787300123638,42,22.1248379,68,NOMINAL,32,"74 61 9e 50 7f 1d 62 41 92 d7 32 74 ac 49 a9 c6 21 07 b3 be ef 75 43 14 bc c4 22 87 b8 99 02 d5"
1787300123638,42,24.3036232,67,NOMINAL,32,"dd d1 42 72 46 77 ac ca 96 88 83 a0 f2 7b 26 38 56 8d ca ce 07 90 3b e5 4c 04 32 ff 83 75 4f 13"
1787300123638,42,17.1898441,66,NOMINAL,32,"42 1c 50 6a df 10 67 af eb 3c 3a 2d 8f 8a af 53 e3 72 8f d5 ce ef 7f 1b 11 8a 13 d6 56 74 07 1a"
1787300123638,42,20.1951981,65,NOMINAL,32,"72 11 26 61 11 ac ea 8a 59 12 38 41 14 af b8 40 f0 47 dd 2d 58 1b 9a 2b bf 0b 33 ad da ef df 19"
1787300123638,42,25.9115429,64,NOMINAL,32,"80 50 94 06 d8 2a 03 39 9b d5 f8 81 5c b6 7a 03 da 9c 42 34 28 51 f9 61 3a a5 d9 77 c4 0b 9b aa"
1787300123638,42,23.2514954,63,NOMINAL,32,"d4 35 db 87 1b 0c 14 fe 08 ae 85 32 e3 8d c4 2f 0e 76 a5 30 8e 92 b2 40 45 01 ca 2d 43 1a 92 0f"
1787300123638,42,19.7592335,62,NOMINAL,32,"21 73 9c 9a 08 29 e4 8f f0 b5 61 e8 3e 2b ff 92 9d f1 e3 1f 5d 7a 50 d0 45 12 50 6d 83 02 fd 42"
1787300123638,42,23.9219475,61,NOMINAL,32,"f5 ea ae 2f c8 71 87 fc 71 00 13 ca 0c 57 71 47 f3 ce f1 45 98 81 4e d8 39 eb 53 54 a3 e2 04 c4"
1787300123638,42,20.8656979,60,NOMINAL,32,"c7 32 e4 35 74 29 74 86 50 b3 1c 41 1d 72 95 58 ad db 5c a2 5d 51 c0 3e 76 85 39 cb d0 59 a5 00"
1787300123638,42,22.5593243,59,WARNING,32,"09 47 c8 b9 8c ab f4 ae ac 03 6e ce 2c 23 0c 6c 11 38 b9 50 8f e2 37 b3 87 ae fb f9 ca 31 6b 96"
1787300123638,42,25.2315998,58,NOMINAL,32,"fb 11 18 9f 14 45 0c 02 f9 7d 58 d2 10 32 54 92 24 3d bc d9 d5 8b e1 e0 e3 57 56 bf b9 92 49 aa"
1787300123638,42,17.1789093,57,NOMINAL,32,"2a c3 40 d3 8a 06 af 96 e7 f8 ff d9 fa db 9a f4 d1 93 38 4b 47 4e e1 53 2f b6 70 25 0f 34 55 c4"
1787300123638,42,27.547226,56,NOMINAL,32,"a8 32 ee e6 9e 9d da 3f 7f a9 da 36 13 dc c2 b8 3a ff 1c 37 fc 2b ab 60 55 af 7d f0 83 71 ab 48"
1787300123638,42,24.7641087,55,NOMINAL,32,"54 c9 66 b8 be 22 ba d0 73 47 9d 80 c6 ad 33 9a 84 52 32 d7 3f 0e 82 04 fb f3 21 81 8c 35 90 e5"
1787300123638,42,28.6307793,54,WARNING,32,"75 41 6b 4e 36 17 0b 37 05 7a 22 c2 ce d1 b3 b7 22 65 bd ab 13 9f f8 d1 90 fa fe 2f 42 d9 20 fb"
1787300123638,42,26.6851463,53,NOMINAL,32,"e9 d3 d6 15 4a bc c5 25 dc 8f 64 1e e9 ae 14 5a 91 4b d5 3f 6d 9b 58 89 d4 0a 33 3d ac 22 68 c5"
1787300123638,42,27.6380024,52,NOMINAL,32,"03 8c 87 76 92 81 23 7d ff 68 0b 14 02 23 1d ce df ce be bd af 6d ab 7e f5 7a 6c fa 7b 3e b7 39"
1787300123638,42,14.2462292,51,NOMINAL,32,"69 7a 0d 57 a6 80 49 91 0c cf 8b 8f 6b c3 dd c4 5e f0 89 0b 6f cd d5 a8 23 ab 93 73 14 0c 23 a7"
1787300123638,42,24.7026138,50,WARNING,32,"5f a7 e1 7b ef b9 13 ac 86 cb 23 d1 d8 85 ed 3a ec a4 07 cd 7c b2 8a c7 86 d0 08 04 17 09 28 80"
1787300123638,42,21.2811089,49,NOMINAL,32,"fa ea 23 e4 9b a7 ae 53 9f 5a 30 b0 2e 4c 30 fd 5c 25 58 49 b8 e6 57 e4 6d e5 43 48 b0 5a cf f2"
1787300123638,42,25.1024513,48,NOMINAL,32,"1e 15 9a 50 ff 46 8c f0 1b a8 9d f5 09 96 c8 f1 1b 2a 65 b3 8a e0 15 fc 13 9a 98 7f 3d f7 07 9b"
1787300123638,42,19.5169716,47,NOMINAL,32,"75 33 a3 3d 11 87 35 ef 11 5b 02 b6 35 79 11 b7 73 5a 0a f3 bd 51 c7 f0 93 c8 ba 60 29 59 49 e2"
1787300123638,42,16.1759777,46,NOMINAL,32,"66 86 2e a8 a7 b8 53 0c af c8 e2 a9 2c 23 c9 21 b3 6b 14 b5 83 f2 92 43 f8 d2 9e 68 d6 45 5d 29"
1787300123638,42,25.5192394,45,NOMINAL,32,"d0 a4 ba 49 5c cb 35 13 ee b9 c2 17 11 cb 27 61 93 bc 43 b5 4c 39 02 e3 ba e9 17 38 e0 29 27 eb"
1787300123638,42,24.3801003,44,NOMINAL,32,"84 ea b1 8a 52 04 0f e2 31 b2 bd d0 18 26 b6 d4 56 3a 6c 1f b2 4e 6f 97 c3 1a 84 aa b9 37 fb c4"
1787300123638,42,22.6197357,43,CRITICAL,32,"7f 29 c5 66 75 f5 f6 2a cc c3 cc 1c 67 db f5 a5 2b 86 95 4f f0 e0 36 a3 7e 2f 5e ca bc f1 de 92"
1787300123638,42,21.235815,42,NOMINAL,32,"09 6d 5d e9 b3 99 33 d2 41 fb b3 9b 83 66 ab c4 85 47 1b 8b 07 93 ef 11 5d f3 13 3d ef f0 fa 17"
1787300123638,42,23.7426434,41,NOMINAL,32,"9d 2b ae 8b dc fb 7d aa 77 b3 ab bd 6d 41 2e 1e 82 15 df 74 ab a8 03 5f 79 86 ef a0 5a cc de 7d"
1787300123638,42,29.778944,40,NOMINAL,32,"00 33 7c 55 0c 32 bb d7 48 dd e4 cd 2f c8 02 83 43 9c d9 6f 9a 38 97 aa 44 f0 e1 d9 21 2c be 69"
1787300123638,42,21.3617001,39,NOMINAL,32,"b3 cd 5f bd bb ab 55 19 e9 8d 74 07 6a 10 af 04 9b 91 c5 1f 69 6f 26 6f 0c d9 f0 aa 6f 8b 17 5a"
1787300123638,42,30.7703819,38,NOMINAL,32,"2d 6a b2 34 b5 6f 9d 5d dc 5f 8d 13 a0 1a b3 3b 2a 95 63 48 bc 5b 41 59 e2 6a ff b0 0a 3d 72 a6"
1787300123638,42,20.8330879,37,NOMINAL,32,"9d e0 57 ae a4 34 2c d8 65 5e 92 c5 a1 17 e2 7f 59 66 65 44 da b4 34 ab d3 3b c2 a8 0c f3 88 2b"
1787300123638,42,22.0520439,36,NOMINAL,32,"ba 9f 19 d3 0d 3f 4b 42 2a 0a 6a 0c 1b 87 0b f0 c4 f4 d8 47 2c 58 ab b6 02 30 e1 89 57 8d bb fb"
1787300123638,42,18.9876595,35,NOMINAL,32,"95 7d 31 b6 a0 72 b7 30 65 be 33 b7 79 98 10 b1 26 43 af c9 69 cf 5c d0 7b 7d e3 e2 78 f4 f2 27"
1787300123638,42,16.9810276,34,NOMINAL,32,"b8 31 5c ef 55 4e 0e f5 41 a7 40 47 f0 75 e0 45 3f 71 23 7e de 1e bb 86 25 29 3f 75 45 2d 27 9f"
1787300123638,42,23.4623947,33,NOMINAL,32,"cc 92 08 c1 64 16 fa 87 0f 7d c5 4f dd 26 26 ea bc 65 62 a4 9f 5e 9d f1 54 5c e9 5b 3d 57 9e e4"
1787300123638,42,23.0977516,32,NOMINAL,32,"39 65 20 66 da 86 4b 58 bd 36 6f 19 25 00 75 56 da c5 81 d1 4c 5e dc fa a8 82 82 b2 09 40 29 3a"
1787300123638,42,23.9249077,31,NOMINAL,32,"a0 a9 ec 70 3e 58 92 49 9f ad 2d a4 2c aa e6 60 72 fd 35 0a 24 0c fc 79 4b 8a f6 98 16 aa 72 d2"
1787300123638,42,18.6067657,30,NOMINAL,32,"53 60 37 50 27 d6 c6 98 a9 ee 70 ed bb 32 2b 56 11 e1 2f ef 77 44 c0 d5 d4 e2 38 56 a3 3a 3d eb"
1787300123638,42,33.3672028,29,NOMINAL,32,"21 7d ce e4 1b 02 75 81 c5 2b 34 4b 3e d4 19 5a b3 a7 25 7b 38 48 83 9b fd c2 a0 23 96 8a 99 f6"
1787300123638,42,17.8938332,28,NOMINAL,32,"14 44 cf 48 fe 8f be e2 9f 2c 1b 04 aa be 7d c7 93 60 99 83 1f bb e3 ae ea f5 ab 91 54 81 14 6f"
1787300123638,42,28.2369709,27,WARNING,32,"f9 c1 c4 ce ee 39 7f 5e be c9 21 23 d3 57 ec 24 24 5a d0 d9 da 61 a1 8d c0 51 ec 4f e0 2c 23 95"
1787300123638,42,20.3250351,26,NOMINAL,32,"87 ce 0c 08 0d 5c 49 f0 c3 c4 a9 84 24 e2 bc c7 a4 27 db 0b 1c 30 a5 a0 d9 5c 27 b3 44 6c e0 aa"
1787300123638,42,25.7521896,25,NOMINAL,32,"3f fd 4f 53 72 72 53 93 80 5f 67 e7 18 1e 39 dd 9a 22 5d 2b 4b 92 5c 7c 02 b2 54 85 e7 8a 11 1a"
1787300123638,42,22.0131817,24,NOMINAL,32,"24 61 cb a4 19 66 3f 21 57 fa 5f 96 fa 89 6b 58 e6 9c 6c 58 e7 75 a8 db 89 50 80 7c 76 f1 a1 ff"
1787300123638,42,24.3515129,23,NOMINAL,32,"4c 45 e0 a5 7d 0f 98 f5 c9 14 30 28 3f 8a e5 be 3f 6d 19 51 9e 8a e2 24 37 27 b0 c5 23 73 37 8e"
1787300123638,42,24.8796177,22,WARNING,32,"dc 91 e0 62 89 e6 36 d7 78 ce ee 3b 05 56 4a 17 c4 57 32 b8 7b 56 76 83 42 76 c9 75 ee 8d 56 bf"
1787300123638,42,16.7982178,21,WARNING,32,"22 ec 50 c3 a6 4a 99 36 10 65 94 2a 76 fd 60 83 8c 9e d2 1f 2d c5 9d 53 64 90 59 b2 52 b4 2d 90"
1787300123638,42,21.8171539,20,WARNING,32,"70 fb 15 86 10 ff 62 da 8e 7c 62 c2 0a d7 c1 b3 7f 1f 85 a4 15 c1 4e ec ee 99 4a 29 66 5e 9c b2"
1787300123638,42,21.0039978,19,CRITICAL,32,"08 65 79 1b 00 ff 6c f3 83 16 c9 bf 1d 70 b7 ae 2a 26 1e 9c 96 15 ec 79 21 d8 80 d1 b4 2d 4d 53"
1787300123638,42,18.7581348,18,NOMINAL,32,"cc 01 ef 4b 2f 86 92 d1 95 10 9e 2a 50 fa c9 dc 8c 5a 32 be 1a 16 d0 ad 09 f6 f8 d9 4c 73 a6 9d"
1787300123638,42,18.1252575,17,NOMINAL,32,"7b 97 7d 44 4e 45 8a fe d0 98 a1 87 53 09 19 a2 27 2e f7 0a 7b 41 45 ad 94 6d 08 bf ba 32 5d ae"
1787300123638,42,17.3409252,16,NOMINAL,32,"c6 bb 66 a7 2b a8 d8 ec 73 15 77 d8 96 6e 32 02 72 a7 32 fd 3e 22 de 30 72 4a 74 bf cc 25 5e ee"
1787300123638,42,25.9376297,15,NOMINAL,32,"d1 f3 e7 4c 95 92 46 cd 4e e6 21 a3 90 ae 71 0b 71 65 e6 75 96 27 b9 b7 e3 5d 7a 2d 85 f7 2a 1b"
1787300123638,42,24.7257214,14,NOMINAL,32,"7c 85 58 b4 70 97 40 be 78 86 4c 19 2b c3 4c e7 b6 2d b8 b8 97 ab 5f d9 c9 92 50 67 8f 72 2a 5c"
1787300123638,42,23.2576275,13,NOMINAL,32,"5c a1 de 80 4e 8f db 5e 5d 5a 64 57 1e 52 b9 57 db 2c af 06 71 9e bf 11 2a db 20 5c 4a d9 7a 25"
1787300123638,42,24.1758747,12,NOMINAL,32,"47 e4 ee 64 b5 41 a7 cb 96 8b d4 c0 73 53 73 04 75 87 76 6e d6 6a da eb d9 cf 1a a0 71 8a a7 4d"
1787300123638,42,16.2968845,11,NOMINAL,32,"d8 dc 0f 68 f0 5b 75 b2 ae dd bb e3 56 ce 59 c6 f0 e0 71 35 a5 04 1f 7c 7b 07 58 fa 30 25 69 12"
1787300123638,42,19.779335,10,NOMINAL,32,"86 63 10 ed f4 43 70 44 09 65 e7 b4 70 94 16 6c a4 17 5d f3 33 17 f5 e4 94 a6 b3 18 72 0d b1 6e"
1787300123638,42,25.57971,9,NOMINAL,32,"9d 76 5c c2 3e c9 40 a1 8c 6a fa 1f 18 b2 68 ca 12 2e cc e5 3b 76 3e 98 fd 8c d3 45 8a 85 33 bd"
1787300123638,42,19.7434883,8,NOMINAL,32,"15 02 a7 73 26 41 b8 ce dc 89 bd 15 cd a7 cb 0b f6 72 54 59 d5 48 fe 5d e4 d2 9d 50 1c bd 3b f0"
1787300123638,42,19.2538853,7,WARNING,32,"cf 5a 23 3b 20 26 2a 7f a4 e5 b9 80 42 c0 39 25 64 16 9d 7b 0b 5f 1b 4d 70 34 ac 0a ea 6d 26 41"
1787300123638,42,25.3622189,6,NOMINAL,32,"33 43 b3 b9 6f 3b 98 d7 1a aa 83 66 45 f0 bc a3 81 9c 75 d2 a1 ed a9 d1 3d c7 0b 3a e3 b8 f6 8b"
1787300123638,42,22.4887104,5,NOMINAL,32,"45 ae 05 a6 66 fe 9b cc e1 36 bd fc d4 2d 04 ad 39 a5 ab 31 ad 21 63 be 3a 86 0c 77 60 d4 8e 47"
1787300123638,42,22.5403271,4,NOMINAL,32,"26 a1 3c 87 9c e6 df 46 67 cb d3 f3 e0 85 37 40 2c 5a bf 26 b0 8e 7a a0 e5 38 11 92 3b fb 29 de"
1787300123638,42,23.0414658,3,NOMINAL,32,"c3 de 8e 3d d4 9d 81 38 3b 26 2e ed 10 46 b5 18 df 20 1a 63 47 91 24 66 be 20 82 b6 a9 4a 0f 29"
1787300123638,42,19.7354889,2,NOMINAL,32,"c2 74 18 f5 46 cf 9a f4 4f 18 a9 78 e0 7d 11 ac ac 72 7d 35 03 70 35 54 08 12 ca 17 71 85 df 67"
1787300123638,42,14.6332626,1,NOMINAL,32,"09 f3 ca b4 49 f4 e7 bd ae 2c 6f 44 9e ff 9e 02 e5 62 15 64 a9 ba e0 16 2f c1 70 a3 06 55 9e f2"
1787300123638,42,20.1273308,0,NOMINAL,32,"27 8a cf 64 1b f2 15 44 1b 5e 53 5c 05 7b 0e f0 41 c7 da d4 62 4d 9e 21 52 d0 11 83 b8 55 27 20"
1787300123638,42,27.344965,100,NOMINAL,32,"32 35 c2 30 20 36 42 80 ec a8 d1 bb 6f 26 e4 46 c7 95 78 21 4c 92 ac 9b 18 94 79 19 67 fc 96 39"
1787300123638,42,26.5216141,99,NOMINAL,32,"ff 6d 87 8e f6 7a 8b b7 d7 85 2f c9 c1 8d 89 b8 30 fc 79 fd 79 eb 90 c2 1a 26 0c 6f 89 55 4f 73"
1787300123638,42,24.5612793,98,NOMINAL,32,"38 5c ca 81 27 45 47 ae 33 b5 12 27 29 50 44 fa d6 c8 85 8f 79 49 b5 31 26 24 ad d8 c8 a6 10 37"
1787300123638,42,29.7567043,97,NOMINAL,32,"1b 3d 19 b8 71 9f 1f 1c 23 d6 8c d3 dd 32 11 1c 7c 5e f5 c6 df b6 ee 8c 8c 20 b3 00 c1 7a 3b 20"
1787300123638,42,30.3126373,96,NOMINAL,32,"4f 8b 8e 9f ea 14 19 2c 0c 42 e3 9e 3e 6c 33 b2 17 ac e6 c7 6f ef 8d 6e 7c ac a6 91 4a e8 2e 1e"
1787300123638,42,21.9051285,95,CRITICAL,32,"c7 05 12 9b 9b d3 7e 19 6d be f0 d8 0c ca 76 7d e7 5b 9b 09 e4 73 cf cf c7 79 22 b7 dd 63 d7 1c"
1787300123638,42,19.6196709,94,NOMINAL,32,"13 a1 d7 f7 80 82 93 bf c3 53 29 41 e8 97 1c 4c f6 c5 01 2f 56 fb 99 41 56 18 28 d6 e7 15 cc 61"
1787300123638,42,18.7673416,93,CRITICAL,32,"29 29 0e 0f 4a 73 36 d8 d0 0f ea 5b e5 53 b2 f5 da 0e a2 27 bd cd ab 42 8d 64 38 a6 5b 5e ad cc"
1787300123638,42,19.9367638,92,NOMINAL,32,"81 3d fb 77 b0 bc de 23 ff 44 9e cc cf 70 03 02 32 62 1c f9 40 0c 49 f8 92 8b 1f 48 f4 a1 48 98"
1787300123638,42,19.8316307,91,NOMINAL,32,"31 98 aa 57 c2 3e 5a 90 0b 12 90 7c 1b af 2c 76 45 0d d4 37 4a 0c 29 2d 9d 47 45 5d 4d b8 8e 5e"
1787300123638,42,17.7975616,90,WARNING,32,"45 4c 33 63 9e 73 36 28 e5 d2 d5 41 47 13 f1 00 84 91 b7 8f 9a 06 d7 f9 57 f1 a5 f5 7e f4 e9 b9"
1787300123638,42,19.5963631,89,NOMINAL,32,"57 31 1c 7d 1b cd 81 b5 c5 07 12 6f 6a dd fb 2f 25 7b 67 b0 34 fd d5 58 5a 44 23 74 01 0d bf 65"
1787300123638,42,23.6389427,88,NOMINAL,32,"ed db c7 41 9f b3 eb 6c 8e a8 65 aa 34 73 5f 55 36 6d b4 5b ed 2b 6c 69 3d d8 08 cf 67 49 a7 ac"
1787300123638,42,26.3402481,87,WARNING,32,"07 2b c9 c2 d6 bd 5b ad 3f 6b 67 24 54 e6 49 93 22 46 68 7b 66 fa 87 52 28 a1 d2 20 6e 6d 32 e1"
1787300123638,42,26.6948509,86,WARNING,32,"1d c4 a4 b9 a3 66 db a2 75 04 dc 4b 03 88 61 77 28 58 ba f7 e7 d1 da 50 40 2e f9 f4 ce d4 6a 09"
1787300123638,42,23.4352932,85,NOMINAL,32,"9b 33 37 9d ea 93 3a bb 6c 64 f1 c3 a0 6a 3f 9d 04 c4 e9 55 7a 62 5c cc ed bc dd c6 40 34 34 c8"
1787300123638,42,21.6542072,84,NOMINAL,32,"00 95 c3 97 30 d2 eb 6b 7b 25 f7 09 38 fe 60 81 7f ac c1 25 ec 28 b7 ce 1e 61 95 7e f8 21 98 45"
1787300123638,42,19.7542992,83,NOMINAL,32,"6d fa 59 59 b8 4f c9 8e f8 00 eb d1 a5 a6 95 9d ee 3a f3 75 0c 6e 67 89 32 c6 8b f1 f4 65 3f b0"
1787300123638,42,23.1447201,82,NOMINAL,32,"7e 9f cf 2a 38 ff 8e c1 5f 53 99 5a 31 84 ae c3 84 c0 b1 c3 e9 6e 7d d9 48 60 9e 64 18 dc 90 2d"
1787300123638,42,20.741848,81,NOMINAL,32,"ff a1 a8 83 01 35 5e ed 53 c9 45 8e d2 1a fd d3 ac fd ca 82 19 04 53 7f 33 d4 f2 42 03 e0 88 5f"
1787300123638,42,17.7157898,80,NOMINAL,32,"a1 73 4d 7f 6b 0d 12 e3 c5 15 03 90 87 23 d9 dc 97 bb 91 7a e3 00 5e ee 4f fc 46 62 ab 25 11 0b"
1787300123638,42,22.4604568,79,NOMINAL,32,"bb 3e 69 91 40 f4 ca aa 3a 0a df eb b6 da a7 be 14 a3 9e 18 6c ec 2a 74 40 07 d3 d0 96 64 31 0b"
1787300123638,42,15.3212328,78,NOMINAL,32,"35 00 4e af 9b f6 ff 12 8e da 35 e7 34 df 13 a2 b4 ea 0f 11 a0 e5 96 e5 7b a6 3b c7 c2 76 5c bd"
1787300123638,42,19.896698,77,NOMINAL,32,"cd ec af c2 08 9d b2 65 e5 b2 a5 2f 35 76 04 51 48 71 e1 18 3d ff 1e e2 b0 21 41 26 a4 72 41 4b"
1787300123638,42,11.9108343,76,NOMINAL,32,"98 af 02 5f 22 e1 80 50 b2 e0 a1 7a 69 20 4c 1a e2 08 cb 8e 08 0c b4 88 b0 a9 2b 69 87 76 3a 72"
1787300123638,42,26.3710861,75,NOMINAL,32,"53 14 f4 f5 4a d9 fe 29 87 d5 72 78 3d 47 68 12 91 d5 77 91 6e 23 76 07 af e9 e9 5f ce 89 39 4a"
1787300123638,42,21.636673,74,NOMINAL,32,"5d 7c 70 62 42 f3 63 b2 12 b3 ff 97 59 cc 1c e2 80 3c ee 6b 38 1f 24 5c 30 f6 3a 33 4b e6 59 f1"
1787300123638,42,22.4530983,73,CRITICAL,32,"d8 56 93 d4 e3 62 31 e4 e5 c3 0a 65 12 9f 34 ca ba 60 4e de 30 ae bf 59 77 91 c7 80 c1 65 4c 49"
1787300123638,42,21.1626148,72,NOMINAL,32,"dc 3f 90 7b 82 bf a4 cd 9b 30 cd 97 10 03 ce b3 db d4 59 1c aa 55 cc 2f aa 8e ae f4 fa 5b a0 53"
1787300123638,42,16.9558449,71,NOMINAL,32,"2b bd b2 26 06 0b 69 b0 36 ce 51 6a 01 b4 d6 59 a9 88 28 00 30 f3 18 70 f6 8c 98 c2 61 7c 40 14"
1787300123638,42,28.4188519,70,NOMINAL,32,"8b 13 97 34 96 f4 02 e2 cd 7b d4 a6 6c 27 7a 22 63 9d 57 b2 06 1e f7 e6 12 01 85 92 42 23 c0 01"
1787300123638,42,24.0930824,69,NOMINAL,32,"ef 08 87 cd 43 7e f8 73 2e e9 93 93 aa 96 99 b4 13 1a 60 7e 8a 72 f9 2d 57 54 fa 62 72 6e 1d 55"
1787300123638,42,13.8073282,68,NOMINAL,32,"89 dd 67 78 4f e9 33 1e 52 e8 a7 0c d0 cd bd 52 33 63 8f e1 44 a9 ef 57 64 fb 5a 93 f1 e7 e4 d0"
1787300123638,42,23.1714783,67,NOMINAL,32,"a9 d9 ee 3e dc 68 66 76 9d 72 95 fe 1f 63 77 cd ff 5a 44 40 64 db 7a 3c b9 a0 4d a4 72 04 d7 82"
1787300123638,42,21.1007729,66,NOMINAL,32,"68 f6 54 b7 2b 96 e0 4d 74 50 f8 45 17 d9 61 41 c3 c2 63 04 90 58 57 45 f1 95 0d 68 08 f3 6d f3"
1787300123638,42,19.1743393,65,NOMINAL,32,"a1 cc 8f c4 5b 9e 49 80 12 d7 76 5e 8a 4e dd f8 37 c5 73 80 6a d1 63 70 2a 6c 5d bc 23 d7 0c ac"
1787300123638,42,25.2466755,64,NOMINAL,32,"ec 23 38 99 86 46 3d 42 0f 0b db 3b 54 ac 78 dd 29 3f 17 20 3b 25 51 74 89 54 08 6a 76 09 d0 ee"
1787300123638,42,19.9642143,63,NOMINAL,32,"c2 ad 56 bc 24 2c 01 0d e5 a6 8c 1d d1 82 c3 f0 80 19 7b 4e ad d3 fc 75 b7 ea f7 ad 07 9d 06 a6"
1787300123638,42,18.2505016,62,NOMINAL,32,"a8 c5 02 fb d8 67 45 e4 82 b2 7a a3 6f c4 ee d3 fc 36 48 b7 71 46 0c b8 f5 ab 8f 1d 6c 17 5f ef"
1787300123638,42,25.7249393,61,NOMINAL,32,"72 e0 cc 46 44 ea 8d 04 87 6e 94 6f b0 d0 5b e2 ce 34 a5 1f bc fd 49 73 cd bc a8 4c 60 46 2c 59"
1787300123638,42,11.9820147,60,NOMINAL,32,"51 d7 f6 6f 12 25 66 d4 a0 b1 0e 2b 85 f1 8e 26 e9 2c 8b c8 64 d4 47 b5 81 1c eb f6 cb e7 cc 15"
1787300123638,42,24.7551975,59,WARNING,32,"aa bc 17 63 14 04 b2 de b6 22 04 83 bc de 60 b2 d0 1d 06 6d 76 c0 3a 29 f3 eb aa 79 b7 74 65 cc"
1787300123638,42,19.2797298,58,NOMINAL,32,"88 4e ac 00 7e f9 59 71 ab 71 e2 4b 27 fe 56 7c 41 6d 64 b5 8a 1e a6 9c 66 71 44 e2 6b c7 ba c4"
1787300123638,42,18.7012405,57,NOMINAL,32,"e3 18 b4 32 69 f2 d9 b9 c2 a6 70 10 8e a5 8f e1 7f ab ce 9b 8b bd c2 a7 a6 25 a0 c0 9c 89 94 63"
1787300123638,42,22.2528553,56,NOMINAL,32,"47 7e c9 5f da d5 b3 41 49 4f 16 93 9e 7e 18 05 ef da f7 62 3e 1d ea ba 2d 08 91 55 b7 a5 74 96"
1787300123638,42,18.2697582,55,NOMINAL,32,"2d 82 86 b4 3b 2f c4 12 16 d2 fe d4 f5 b3 80 52 9f 17 82 3e e4 44 85 85 6e 59 f2 5c 40 e6 25 e2"
1787300123638,42,17.8003101,54,NOMINAL,32,"7a 11 18 cb d3 48 d0 69 ba d8 5b 97 94 f5 8b 2e bf 3b e7 e7 06 25 4d a6 7b b4 4f 6d 8c af a7 cd"
1787300123638,42,21.148241,53,NOMINAL,32,"54 66 5c bb 89 d2 d2 13 8d 69 5e af 3a dc 98 e1 15 20 14 d6 db 36 11 df 07 ca 56 be c9 3a 43 21"
1787300123638,42,14.6402626,52,NOMINAL,32,"7f 18 f2 f4 28 68 e7 37 8d bd 8c 1a ad b3 86 8c c4 6e 77 3d b4 ae 7e 25 1c 2e de 68 6d ab 9d 83"
1787300123638,42,27.4789238,51,WARNING,32,"0b c4 5b 02 b1 a6 d1 bc 3e ea dc 6f 8e 78 b9 11 10 1b a7 ad 4c ab 74 f0 0d 9e 6b a9 fb 2c e1 5b"
1787300123638,42,18.9415455,50,NOMINAL,32,"9a a9 b1 e8 77 d9 3c 34 bb 5e 5f 2f 8c f6 71 93 17 11 b8 5c ce 7a 0d 60 d6 74 0f 05 e9 7a 21 7f"
1787300123638,42,21.7832928,49,NOMINAL,32,"a4 80 91 0a 1a e3 de 78 af 35 23 b6 f6 83 86 46 2c fa 80 c5 0d 0d c9 c2 8b ef 4c 57 bc 06 83 6e"
1787300123638,42,21.7358665,48,NOMINAL,32,"ed ec 7f 77 02 7e d6 be bf bd c6 be d8 e3 dc ba 2e 00 1d fa ff c4 6a ba 0d 52 56 0c 8e 1e c9 07"
1787300123638,42,23.4773426,47,NOMINAL,32,"6c c4 65 67 f1 4a ab ba ae ed 97 fa 4b 2c 3e 75 4d e9 71 d3 14 69 c7 a0 f9 c0 33 84 fe 69 93 c0"
1787300123638,42,24.4944439,46,NOMINAL,32,"12 95 b2 a4 a9 14 87 4d a1 ed 4c 53 6c 84 96 d0 8d e4 84 47 40 ec f4 09 31 05 4c dd b1 c6 8f 37"
1787300123638,42,19.9601135,45,NOMINAL,32,"a1 ce 34 6a d1 64 b9 d3 24 f7 ac c7 64 6b 67 20 a6 a1 ee d2 9f d3 7a 42 2d 5f 55 ff eb 5c 7f 91"
1787300123638,42,22.2178879,44,NOMINAL,32,"23 5c 39 96 4b b3 86 0f ef 53 3f f7 17 49 52 e1 bc 31 39 97 08 77 74 fd 36 4e d5 1d e6 c1 82 d8"
1787300123638,42,28.588932,43,CRITICAL,32,"52 b8 0a 36 90 e8 aa 07 c8 72 53 5f aa 5c 5e 40 87 de 6f ad 48 bd 5a 2a 05 64 cd 06 f2 de cc c5"
1787300123638,42,21.7295971,42,NOMINAL,32,"c8 3b 01 d1 e1 db 7e 97 d6 e8 cb 2d c0 b1 5c 76 f2 c5 ab 12 5d d1 6b 3f 44 0e 85 49 9f 21 0a d4"
1787300123638,42,22.9607105,41,NOMINAL,32,"e7 4e 9d a3 42 bb ff ae 8b cd d6 2d 9f 6f 5c 33 ff e9 8c 91 29 7f 81 12 d7 41 ee fa 5d 16 b3 cf"
1787300123638,42,25.9574394,40,NOMINAL,32,"e8 af 47 eb 28 e2 eb 9c 5b 35 95 29 b3 28 88 d9 9b e7 4a 1e 8b b8 06 f3 82 83 10 66 84 ca 2e eb"
1787300123638,42,22.0369244,39,NOMINAL,32,"d7 8f 9a e3 a7 26 ae 67 15 83 bb 4c f1 6b 0b d2 e1 34 40 22 a1 ba 39 e6 c8 c9 3e b1 95 b6 55 91"
1787300123638,42,18.5058117,38,NOMINAL,32,"bb 2f a2 75 fe ce b5 7e c7 56 d1 f8 ff 2e c7 b4 d4 2a 63 03 88 ea cf e9 1a 79 52 bf fd 68 17 4a"
1787300123638,42,21.1795311,37,NOMINAL,32,"fa bb ea 25 bd 4a f8 8a 4b c7 9b 9c 03 c2 9d 2a 94 d0 d6 f7 7e 76 16 1a 33 ad 0f 9e 76 b8 58 f8"
1787300123638,42,24.3932972,36,NOMINAL,32,"d0 1f 4c cc db 11 83 f4 1e c3 25 ff 77 14 55 80 cd 29 43 8e 4c 56 9c 9e 68 c8 1b 03 92 d4 68 cc"
1787300123638,42,18.4633656,35,NOMINAL,32,"4e af 1d c0 5b 25 c1 c9 f7 42 f8 28 b0 d4 52 1d 4c fc c9 e0 5b fe 9b 8f 62 5b 81 52 4a b4 16 a9"
1787300123638,42,22.9908237,34,NOMINAL,32,"dd 02 8b 16 7d 08 5b 0f a9 34 6c bd ad d9 8f 63 2c bb fa ff e5 88 6f ce ff 0f 98 ab a6 23 cc 42"
1787300123638,42,26.3837357,33,NOMINAL,32,"d7 88 29 d6 24 ba c4 f9 bb 00 7c 19 31 4c a9 eb 9f 71 63 79 54 49 3e 7e 24 b6 85 d7 cd 60 0f dc"
1787300123638,42,27.3474388,32,NOMINAL,32,"f3 55 80 ce ca 55 4e db 39 2f ed 25 76 f5 b6 b1 e6 e3 af ae 94 3b 0a 9b 5f 4d bb 59 0b cc 99 8d"
1787300123638,42,23.2323914,31,NOMINAL,32,"82 50 ec a3 f0 7b a9 ea c6 db f4 ad 1a e3 bb de 40 c3 43 74 61 be 5f b6 2c 1e f5 45 36 dd ed b4"
1787300123638,42,28.5901146,30,NOMINAL,32,"60 c1 ef a7 b7 97 e0 77 37 b1 27 00 b2 b8 54 16 00 0d bb b5 5f 06 a9 df 53 e6 ef ca 52 45 da 6e"
1787300123638,42,21.5102253,29,NOMINAL,32,"4c 7b 42 bc 13 4e 02 69 85 11 0b ab b9 43 40 75 eb 13 b5 05 48 ba b6 37 75 f2 3f a0 0c b9 f8 e2"
1787300123638,42,23.3011627,28,NOMINAL,32,"df 7a bb 9f 83 5e 83 5a 8d 13 af dc 0c 3c 4f f4 0a f5 50 88 21 81 70 4c 18 5e f6 76 4d 3c c0 23"
1787300123638,42,26.7245026,27,NOMINAL,32,"8c ae 5f f7 43 cb be e1 a1 f0 e9 28 f6 cd b2 86 25 3d 14 b4 7a a6 bb d3 55 34 4b d8 b5 ab d5 06"
1787300123638,42,20.963665,26,NOMINAL,32,"13 e4 95 e0 0b 60 93 e0 ca 4f 5a 43 84 5b 25 8c c6 84 a8 98 a7 63 52 c9 be c8 fa 6c 5b 5b 67 55"
1787300123638,42,18.6803722,25,WARNING,32,"53 45 65 1b d7 e6 61 f8 17 4c 59 b0 dd 3b 9d 89 d9 d3 13 1f 84 b0 aa a3 dd b9 ff c6 4a 7b 47 21"
1787300123638,42,16.2442112,24,NOMINAL,32,"0c d3 2e b9 76 51 88 c4 69 e8 6e 77 3e 1a 72 1a 63 24 56 ba 6c 12 02 de d8 2b 4f b2 e2 62 7b bf"
1787300123638,42,17.7196407,23,NOMINAL,32,"b4 6b dd a6 e3 e2 e1 8d 08 9c fe 56 25 25 23 72 3d de 9a 4c 26 96 f2 77 79 06 71 35 0a d8 a1 b2"
1787300123638,42,17.2477131,22,NOMINAL,32,"b0 68 59 1f f0 b3 ce ed fc a3 fa 50 9d 7c d0 ae 1d 8d e3 bb bc 20 fc 91 6c a0 95 7d 8c fd bd 86"
1787300123638,42,19.6602745,21,WARNING,32,"26 9b 82 96 b2 98 f2 a3 53 1d 50 7a a8 54 9f 0d 8c 95 74 e5 da f4 12 b8 b8 11 7c ba 81 a5 84 32"
1787300123638,42,19.1865711,20,NOMINAL,32,"4c ed 65 e9 e1 81 ed 2f dc 0c 7d 6b f9 c7 4f f2 73 26 e2 a9 da df 86 ba ba 66 64 9d e8 6f c8 b1"
1787300123638,42,19.364769,19,NOMINAL,32,"d5 b9 7f 73 46 ed fa 3a f1 10 02 61 fa 1e 0d a2 93 d5 a0 15 d1 f4 97 9c ca 14 0d f5 22 32 99 08"
1787300123638,42,20.6960793,18,NOMINAL,32,"db 96 79 9b 36 53 e5 b3 a5 e5 b5 b3 4d 46 13 c1 96 57 eb 7c 14 ca 5c d1 4d 34 8a 9c 56 64 99 83"
1787300123638,42,19.8833961,17,NOMINAL,32,"5b 2e 1f 7d d9 5a dc 98 49 1f dc 71 19 88 19 3e cb 35 d9 a1 a9 3f 35 cd 79 12 51 fc b6 27 9b 23"
1787300123638,42,18.5089836,16,NOMINAL,32,"21 8d 13 44 10 0a f5 8b a0 38 81 cb 3f 8f e7 c1 72 26 7a 23 01 fe 00 69 e9 1f e6 84 ec 53 46 cd"
1787300123638,42,26.5149498,15,NOMINAL,32,"bc 9a e9 13 c0 1f 41 bd 97 fa 6f 9d 6f fe e5 eb 8d bf 2a 2f fc 2d 24 6d 5f 26 f4 a0 d4 01 5a c9"
1787300123638,42,24.8717709,14,NOMINAL,32,"bb f8 8f 87 4f bc c6 b8 92 97 9e 04 ce ac 7e 1e 5c c1 fd 04 36 3b 79 f7 a4 ac 0a 80 30 6d f1 62"
1787300123638,42,20.6776447,13,NOMINAL,32,"31 c7 63 13 ee 1f a8 ea 95 61 3a ae 1f bf 7f d0 f2 fa 59 f2 45 01 60 82 97 9e 92 e6 d7 af 90 78"
1787300123638,42,28.660675,12,NOMINAL,32,"6d db 4e 0b 1f 2a 6b b5 89 9a 18 26 7f 56 d9 be 6d d6 c8 0a 28 88 35 22 c2 2b cd a8 cc 77 19 e8"
1787300123638,42,23.107666,11,NOMINAL,32,"70 81 89 6c b6 44 54 6a 38 ba fa 64 47 c8 be c6 7c 11 62 ca a5 8a 70 5a 91 2c de 3f 6a 07 a3 d0"
1787300123638,42,24.9720764,10,NOMINAL,32,"d4 4a 41 95 51 75 99 08 ea 83 32 14 f9 42 7a de bc 22 aa 93 4d 5c 59 70 95 74 e5 53 06 df f9 df"
1787300123638,42,24.6080799,9,NOMINAL,32,"2b 24 e3 fa d5 ed 5e 91 ef da 0b bb c3 dd b2 6d f1 4b 0e 9a da 7d 71 a5 a6 5e c5 aa 8c 36 aa 60"
1787300123638,42,23.4016304,8,NOMINAL,32,"1d 82 71 8f f0 8f 79 cd ec 89 b1 17 90 50 55 42 5c f3 86 4a 67 e2 bc dc 15 1f e1 05 52 74 4b 2f"
1787300123638,42,23.6340122,7,NOMINAL,32,"f0 12 ae ac 0c bf 4f e4 24 27 b7 97 0c 35 cb a4 44 5d 1b 75 ab 1e 6b ba d8 a1 ff 33 93 ec 0c 19"
1787300123638,42,21.2431469,6,NOMINAL,32,"fa e9 56 35 43 31 e7 cd b7 42 af 8a a5 1d 60 e5 f4 20 e8 0c 9e 70 0d 3e 78 98 57 ec 3a 41 90 2b"
1787300123638,42,19.6963902,5,NOMINAL,32,"8e fa 1a a5 f0 25 3f de 0c e9 a3 08 1b 52 81 e8 1d 5e 09 b9 3d 88 f8 ed 1f 0e bc e6 84 14 e5 ad"
1787300123638,42,19.5551758,4,NOMINAL,32,"2a 55 62 76 f7 d4 c2 83 0c a8 55 50 63 9f 0e 7d aa 6b 7d cd b3 8f 6e de 47 69 b4 03 1a 80 d1 c0"
1787300123638,42,22.1957626,3,NOMINAL,32,"8c 41 4b 44 63 33 7a c4 4d 7f 38 41 86 dd b1 07 18 26 81 94 c3 21 1d fb 23 41 2f b5 83 b9 fb 36"
1787300123638,42,24.5657215,2,NOMINAL,32,"72 af cf e3 95 1a da 83 c7 cb dd 9f dc 13 de 31 65 7e 98 8b 27 fd 99 a1 e2 70 b7 5d a0 96 dc ce"
1787300123638,42,20.5552235,1,NOMINAL,32,"a4 b7 2b 88 6e af b6 47 07 be 15 d3 7f f7 ff 2c 47 56 aa f4 ee 7f f6 25 2c e8 af 89 16 3f 29 77"
1787300123638,42,20.9675655,0,NOMINAL,32,"20 5a 01 97 d3 dd ba 61 ad f5 65 b2 0a 1d fa f1 a3 9f 49 7f b8 77 22 8f f9 fe b7 55 0a 81 9f 21"
1787300123638,42,15.5063314,100,NOMINAL,32,"9c 11 a4 6b 7d 6f 9f 5e 25 27 6d de 63 e8 4e ef ec 79 97 4f a9 45 a5 b0 e0 3d 88 ad 0f 05 25 0c"
1787300123638,42,23.2690601,99,NOMINAL,32,"97 1c 28 52 d2 57 af 4a 48 53 31 81 9c 6c 19 50 b0 f9 06 3d 84 7d ae a4 f4 49 f4 cc 4c f8 c1 a4"
1787300123638,42,20.6815186,98,NOMINAL,32,"a2 8f 58 d1 a3 e2 4f 98 a6 84 cb 37 8f 4a 48 d8 79 bc bd 23 77 aa 71 e9 83 b7 4d 3e 86 fe 18 31"
1787300123638,42,14.1040659,97,NOMINAL,32,"96 0d 40 de 1e 24 8c 96 fe c9 cd 1e bd 06 55 0b 50 f3 4c 9a 1d 09 12 8d d5 45 1a 06 5b d2 4b 3b"
1787300123638,42,21.9798031,96,NOMINAL,32,"23 c7 93 1b 74 d0 9b 64 e8 d4 f8 6e 3e b1 d9 1e 73 1f 36 ab 52 25 72 95 20 12 31 14 9f f1 6c e9"
1787300123638,42,29.0042953,95,NOMINAL,32,"f0 19 07 d7 c6 53 f2 b0 c2 a6 57 e0 41 e5 fb a5 98 32 30 c0 13 2f d0 4f 97 a6 f5 db ae 39 5c fd"
1787300123638,42,14.9458523,94,WARNING,32,"4e f5 a9 49 0e 8f ea 20 30 29 f8 fe 33 c7 8f 15 60 ed 2c 32 cc d8 73 bb cb 9e f9 3e 4b 3c db 92"
1787300123638,42,11.2133141,93,NOMINAL,32,"29 a9 94 fc f2 95 c1 88 52 c1 d9 7b d9 0d 4d dc 48 de 6d 27 bf 36 88 d3 5a 2d 19 41 a6 51 35 b0"
1787300123638,42,24.0343876,92,NOMINAL,32,"ef 0e 04 c8 27 13 01 11 b9 43 70 52 27 69 0f e0 1e a7 b2 f6 ec 68 b4 65 95 02 04 08 33 13 cf ec"
1787300123638,42,22.7682343,91,WARNING,32,"0a 49 ca 30 f1 60 c9 fb 6c 43 88 61 ae 2a bc a4 78 a8 bc c6 fe cd 82 d5 1c 0d 18 dd 50 56 e6 05"
1787300123638,42,17.7070065,90,NOMINAL,32,"bd af c9 58 64 d9 cb 36 50 db 98 52 29 14 63 73 77 02 42 c5 61 29 63 54 53 f7 35 6c e2 ea ce f0"
1787300123638,42,26.2808323,89,NOMINAL,32,"24 25 ab 6b e7 ba c6 53 25 6c f4 83 da 0b e6 4e c1 dd f1 5f e5 e9 aa c0 77 39 11 5f fe 58 e8 3c"
1787300123638,42,24.9798336,88,WARNING,32,"06 f1 d9 8a d3 39 9c 80 6a ff 4b 56 52 1b 7c c2 5a e1 a5 a1 c5 f6 7f f3 21 6e 4d 7b 85 c3 62 52"
1787300123638,42,22.1877861,87,NOMINAL,32,"8b 55 18 1b 85 16 0c dc 1c 1d b1 67 14 23 13 e1 78 19 58 87 02 bb 72 98 6e e3 c2 89 29 bf 4f ae"
1787300123638,42,19.630331,86,WARNING,32,"14 96 e1 51 a7 41 b0 5f 43 93 11 9d c4 6c 87 44 46 d1 01 1b 3e 14 ed 17 f6 bd 6d 5d 18 c7 30 7e"
1787300123638,42,23.797226,85,NOMINAL,32,"20 c4 99 84 4a bf 50 61 01 b1 8f 93 10 7e f8 11 a9 c2 a1 9c 82 25 c9 c2 f0 ab 60 cb 51 cd d9 96"
1787300123638,42,22.8616867,84,NOMINAL,32,"27 73 d0 d0 cd b6 85 bb 6b 0e e9 bd f7 b9 cc eb 54 36 a5 a7 af 0e ce 34 b5 07 05 2e 9d a7 d8 40"
1787300123638,42,26.2306499,83,NOMINAL,32,"c8 10 43 a0 fb 39 05 ea 32 b0 d0 fc b7 fd da 09 ac b5 84 ec 88 a2 ae 04 5e c0 ea 19 56 c6 cd 30"
1787300123638,42,21.097578,82,NOMINAL,32,"83 e1 23 4a 7b ef a0 30 5d 20 c5 5b 1c 2c 52 97 2c ec d0 85 21 c1 7e f8 9e c0 ac 43 da f2 3a bb"
1787300123638,42,12.7357006,81,NOMINAL,32,"27 84 64 9f 0c c7 c2 55 3e 6b bd e9 da 88 8e de f4 5a 39 32 dd d7 f8 6c 45 e6 6d 83 98 d3 0a 29"
1787300123638,42,22.4939632,80,WARNING,32,"d3 4a 9d fc 4b 97 85 2b bf 43 01 b8 74 69 23 7f 94 38 03 5c cb ad aa 4c 1e 46 5e df f9 14 c1 b1"
1787300123638,42,18.9482822,79,NOMINAL,32,"1d 63 4e 0f 40 0a ba c2 c8 8c 8b 93 29 02 0a 01 17 5c 45 e9 79 51 6d 2a 1a f5 78 fe 82 01 17 aa"
1787300123638,42,20.3522682,78,NOMINAL,32,"5b 39 8e 66 ae f0 47 9b 4d ee 8b ee e6 72 8c 6b 72 65 50 1c c3 5f 06 d3 c0 84 25 95 17 5d 0f c0"
1787300123638,42,15.7822828,77,NOMINAL,32,"23 5d 5f 28 cb e4 a2 d2 cb ba 6a 2e e2 ce c6 1e 2b 41 f4 72 92 36 fe 8b 85 3d 4a 21 5b a3 77 52"
1787300123638,42,18.1934662,76,NOMINAL,32,"00 14 b5 67 c6 09 0f f1 92 f4 93 71 11 5c ea 87 1b ea 7c 28 28 8b db 2e 1f 3d ed be bb 6a 43 7b"
1787300123638,42,25.9583282,75,WARNING,32,"1d c2 25 cf 54 7d f0 7a 9c 22 ae cd 02 15 2e 08 e9 f8 3a 02 36 5f 51 55 f0 f2 bb 7b 9a 57 91 d7"
1787300123638,42,24.1673183,74,NOMINAL,32,"73 f6 7d 72 29 7b 4d 4e 0b 88 e8 b7 e5 4b eb 0f 1a 98 71 7a 53 d1 eb 67 34 80 d1 d1 41 cf 6b 32"
1787300123638,42,22.3129559,73,NOMINAL,32,"1a 83 2c 4c b8 d0 ee 26 d6 d7 0e 0e 43 37 12 4a 7d 40 b7 e8 3b fd e5 ff a7 85 76 55 9d e8 e0 84"
1787300123638,42,16.816803,72,NOMINAL,32,"5e dd 52 eb fc 44 9c 88 55 cb 0f 04 17 d5 a9 d9 63 38 ae e5 eb a3 e5 23 e9 22 6b cd 11 60 d2 75"
1787300123638,42,26.4720764,71,NOMINAL,32,"03 d6 e3 dd 7a 7b 13 09 06 7a 66 d3 a5 e3 7a 71 2f 52 db bc 33 a5 73 67 c0 35 05 ba b2 df e0 9a"
1787300123638,42,18.2585487,70,NOMINAL,32,"ee e0 14 cf bc 0e a7 80 a3 9d 72 dc b3 2f b5 12 6e 7a 37 17 1d c0 de f3 0c 1b b1 7b 79 a2 60 9b"
1787300123638,42,18.2074203,69,NOMINAL,32,"ef 19 47 95 09 6b 96 23 e2 a3 9a 61 eb 31 06 53 91 d0 a2 5f 8b 2f cc ab 9a b1 77 4c e8 1f a2 ca"
1787300123638,42,15.448103,68,NOMINAL,32,"bc 39 b2 5b b9 c0 4a 60 25 b7 9d 38 73 59 da a3 11 28 23 d8 b4 80 a9 32 f3 32 e0 f3 77 af 54 52"
1787300123638,42,26.9842625,67,NOMINAL,32,"d1 12 f1 19 a6 1e 79 0d b6 54 04 45 35 86 73 24 26 f6 05 b7 99 3f b0 8f bb 80 ed 2b 52 0a 71 4d"
1787300123638,42,27.0202103,66,NOMINAL,32,"da b2 e0 aa b0 df ea 40 4c 1f cf f6 37 07 20 79 10 68 fa 0d 5d 7d 15 cb 4d 17 90 92 29 ac 05 33"
1787300123638,42,22.9783287,65,NOMINAL,32,"72 e2 9c 60 3d 48 cb e5 aa cc 68 cd 39 c0 7d 4a 4f 2a ac 24 e6 4a 65 08 82 d8 63 6b 34 d7 22 4e"
1787300123638,42,19.3153019,64,WARNING,32,"be cc cb d8 c8 ac 61 0a 77 4a 0b 52 3e 52 4a 25 37 04 8f ae 6a ad 95 30 b1 56 b3 35 79 29 c9 c8"
1787300123638,42,22.234396,63,NOMINAL,32,"25 2c 6a 58 6c 78 84 d3 63 4a 5f cb 7a 41 a4 7a 38 2e 46 4e 35 7e 13 34 ff 32 8f b3 98 e6 a6 31"
1787300123638,42,20.4319191,62,NOMINAL,32,"2b 77 80 a6 fa 1c 33 a0 65 29 aa df 57 7b 5c d8 6f 16 25 7a 8b f7 dc 3d fd e4 5e 14 75 19 6b 88"
1787300123638,42,19.0365772,61,NOMINAL,32,"73 39 d1 46 22 4f cc f9 cd 7b fc 7f 0d 54 23 a9 9b 93 ab a7 8b 3d 69 a5 09 0a d6 b5 b7 51 1d 5e"
1787300123638,42,25.1220322,60,NOMINAL,32,"b7 c8 06 b4 22 86 5c 4d ff 87 a1 d7 b9 34 5f eb 1e ae ef a5 4f 63 7a a2 8a d6 b4 b8 a5 b4 a0 5e"
1787300123638,42,19.0721207,59,NOMINAL,32,"39 94 53 3d 8e a9 e6 64 5d 73 6c fb 1d ae 5f 66 8a 74 1d 95 04 dd 86 0c 0a dd 15 51 3f 9e b5 c1"
1787300123638,42,25.6620598,58,CRITICAL,32,"2b a8 10 0a 89 55 14 67 e9 c7 cd df 4f b0 e4 85 ad 84 89 9c 87 07 04 24 a9 b0 97 92 53 aa a5 4a"
1787300123638,42,25.9673767,57,NOMINAL,32,"00 93 5c 4e 4f 63 65 25 08 22 02 1b 69 70 db 4c 73 96 eb 14 1a 94 82 2b e9 4f c0 51 0f 3d 2e ca"
1787300123638,42,14.6150751,56,NOMINAL,32,"a8 17 63 fc d5 a7 f0 ac db 75 55 5f 2e a5 62 f4 82 db 4f 0a b9 fc 3e 2e 2a a6 24 04 74 6f b5 90"
1787300123638,42,19.829567,55,NOMINAL,32,"47 80 6d 02 b8 ea 7c 6c b4 3f 22 d4 c4 92 8a 72 81 e7 b2 a4 36 1a 0a 49 20 2e c4 f4 6d 20 3f f2"
1787300123638,42,25.6367855,54,NOMINAL,32,"e6 87 1d 06 fc 90 e9 b9 a3 f7 96 10 db 22 0c 2b 70 e8 cf 26 11 a0 2a 4a fb 73 e7 26 ff 67 e3 17"
1787300123638,42,22.8801403,53,NOMINAL,32,"ed cf e4 dc 5f d4 1c 13 4f 7f 0d 4e 93 4a de 8e 3e ec b7 d8 06 19 7d d8 8f e7 fe 43 41 0d 3b 3b"
1787300123638,42,16.2427444,52,NOMINAL,32,"14 09 4c 7e 5f 89 03 e0 6b e4 cc 2d 84 7a cf cf 2f 03 5a a0 81 e6 90 81 ff b1 77 9c 5d c0 61 21"
1787300123638,42,24.7322502,51,NOMINAL,32,"af a3 dd f7 24 13 98 da 4e d1 85 9f ce f9 c9 77 1b 5c 2c 01 c3 1d 47 22 21 37 49 32 32 2b e4 62"
1787300123638,42,20.5103607,50,NOMINAL,32,"7b a4 73 e0 33 d0 bf b6 bc 7a 4c 7f da 17 a8 e1 e2 19 92 96 b5 2d e6 f8 b5 93 2c 5f b5 b2 01 4d"
1787300123638,42,18.9448853,49,NOMINAL,32,"63 14 55 3e 0d 58 cb 25 6d 75 50 c3 ab d0 6b a3 83 16 89 53 3e a8 c6 de ab 90 1e 42 17 d5 da e0"
1787300123638,42,22.8867512,48,NOMINAL,32,"f4 05 2d 32 14 8e 30 15 87 ef 36 39 2e d1 ac 1a 84 bd 3c 46 9f 51 db 29 31 03 ba fb 98 87 34 3b"
1787300123638,42,26.9780025,47,NOMINAL,32,"16 17 26 f9 9f f1 01 bf a8 0a fb 7a af 88 07 40 ef 62 b2 24 0b 4d 89 2b 32 97 58 0c 68 08 20 2f"
1787300123638,42,20.3417721,46,NOMINAL,32,"6a 40 bd b1 bd e7 0f 26 42 af 11 2a 8f 17 3f e1 55 66 b5 2c de ea 67 80 31 39 1e 4e b0 90 0e d2"
1787300123638,42,20.114233,45,NOMINAL,32,"9b 4b 88 c4 df 89 18 5e 7c 44 a7 98 eb 96 d9 9d 31 7d 2d 47 fa 1e 3d 3a 87 82 b1 bf 16 a2 87 84"
1787300123638,42,19.9737968,44,NOMINAL,32,"db e4 9b 7c b1 6e 1a 39 4d cf 43 d4 42 30 de 83 07 10 06 83 fc 82 dd 72 7b 1a 95 46 89 e6 f9 b5"
1787300123638,42,22.723671,43,CRITICAL,32,"87 d6 4d 69 92 13 93 ae ff ce 1b de 06 9c 02 e9 1c 23 3d 1a ac 9a 93 46 5f 67 63 52 f9 10 e2 8d"
1787300123638,42,18.8258972,42,NOMINAL,32,"74 8c 36 96 74 ea 3e e3 4f 0d 07 71 7e b2 ea 36 be 40 70 0b ad 38 20 74 fc 53 b0 5d cf 42 c8 d2"
1787300123638,42,25.3212757,41,NOMINAL,32,"0e 7f 47 c4 15 83 f1 22 2e 12 c2 23 b7 5f ad aa b6 f4 7f 42 68 c5 7c 74 41 aa f2 0c 06 3f ca d3"
1787300123638,42,21.1378212,40,NOMINAL,32,"a2 32 2a cb e4 04 99 79 2d a4 24 be 07 cf a9 d3 73 d7 02 ab 8c 81 77 e6 18 28 2c 5f f1 0b 3b 94"
1787300123638,42,22.1860085,39,NOMINAL,32,"ce 2c e6 c2 30 57 c8 93 f7 ba 4d 50 dc 6b f8 45 13 6e cd 1b d9 08 72 15 a9 e9 24 24 5d e7 27 5f"
1787300123638,42,22.662611,38,NOMINAL,32,"00 56 25 b8 15 38 4e a2 cd 2a 0e a2 49 30 00 e5 d0 9a 6e b3 52 a8 c0 43 b9 de e5 dd c1 d9 a3 92"
1787300123638,42,19.6366596,37,NOMINAL,32,"1e 19 bd e7 eb 92 bb 97 71 d2 fa 6a 10 69 8f 46 60 3f 1a 58 a3 7c fb 95 83 52 07 8a f3 66 31 2f"
1787300123638,42,23.2943993,36,WARNING,32,"b9 de b5 29 c9 23 45 57 7a 8f 06 fd 16 e6 21 4b 09 ad 31 f8 4d 82 7b 06 7b 4e 4e 9a ea dd 35 d2"
1787300123638,42,24.5694218,35,NOMINAL,32,"11 c6 e8 44 c1 29 49 cd 98 61 c3 ef b0 69 02 c6 01 11 cc 1d 3c 08 68 08 a2 ad 6e c7 76 11 dc 37"
1787300123638,42,25.8012428,34,WARNING,32,"d2 8a c8 a6 bd f7 52 57 94 b8 0c 4c 43 e1 e1 4d 3d 8f a4 07 2b 34 31 82 47 37 14 8f ba d9 05 6c"
1787300123638,42,14.1102152,33,NOMINAL,32,"fe f0 a6 36 b5 1f b8 44 ad 3d df 52 0c f1 1c b2 5c fa 67 64 8e 77 4e 72 f4 39 f2 1b 65 31 ea 66"
1787300123638,42,21.6356125,32,NOMINAL,32,"f2 54 85 80 7a 0d b3 2a 07 8d f1 4c 9c 07 27 89 1d c7 06 15 09 17 c9 61 4d cd bf ed b8 5d bb 7f"
1787300123638,42,20.1462746,31,NOMINAL,32,"dc 5c ac 54 2c 4f d4 42 4e 54 70 c1 6e d6 d5 29 7d e4 03 ab 46 ed 99 a8 72 af 85 ad 48 f0 99 29"
1787300123638,42,23.9740601,30,NOMINAL,32,"97 75 56 56 32 a7 be c2 ee fa 06 c2 02 9e 61 8b c2 07 0c 3e fb c0 ca 3b 17 26 04 67 fd 08 f9 59"
1787300123638,42,21.2984409,29,NOMINAL,32,"5e e9 82 56 8b 27 66 9c a3 dd 10 96 42 a2 66 9e 51 e2 5b b2 39 6f 7a 9b 73 53 17 ed 88 ca b6 ee"
1787300123638,42,23.2413139,28,NOMINAL,32,"58 35 09 8d 38 4c f3 49 da e9 05 f5 3c 54 eb f1 04 94 f2 ac 9d 08 3c 40 1c 22 a3 87 7e 5a cf 0c"
1787300123638,42,15.5153141,27,WARNING,32,"6c 07 0d 4d 0f 8a 2d af 7d 9b 1a 2a 12 c2 79 b6 bc c0 16 bc ea 6b b4 eb ec bf e2 00 78 91 ea d5"
1787300123638,42,24.2323227,26,NOMINAL,32,"ff 27 88 93 fb 87 9a b8 9c 95 48 d3 1b 0a ec bc 98 79 0d bd 12 41 33 32 e9 df b9 64 c6 bc 01 e6"
1787300123638,42,22.1854668,25,NOMINAL,32,"d6 68 aa f0 62 05 60 ab bd e5 be 16 9c 0e b6 b7 bb 18 c1 10 43 5b b6 35 43 61 28 09 5b 31 05 d1"
1787300123638,42,24.2540874,24,NOMINAL,32,"c3 3f 98 89 29 d4 b9 6e 96 1a 2b ad 8b 69 6f 6c b1 01 73 89 01 70 f3 d3 eb a1 3a 08 c2 b8 a1 d8"
1787300123638,42,24.7285919,23,NOMINAL,32,"56 59 75 aa eb c0 ff 82 2d 10 66 02 40 7e 48 7a ef d6 bb eb 6d f0 5b 9e c5 ac 72 39 22 b7 73 84"
1787300123638,42,20.8016682,22,WARNING,32,"1e c7 3e b2 c6 af 9b c2 26 19 2b 1c 09 1c 8b 71 01 8f 37 36 02 38 7f 84 4f e2 84 61 07 db f4 1c"
1787300123638,42,17.6102753,21,NOMINAL,32,"c2 1d 83 10 6a c0 42 e5 09 7c 1d 34 01 31 0f 32 53 2b a3 26 88 e6 51 12 dc cb d6 ca ac 98 cc 8f"
1787300123638,42,16.8504314,20,NOMINAL,32,"2b 36 40 2b 97 53 31 77 81 8b f9 b3 ab 9b 29 b8 5f cb 45 eb 68 d3 ca 6d 97 9f 74 74 83 24 aa 0c"
1787300123638,42,22.2360249,19,NOMINAL,32,"76 b9 04 a9 2d 3a 38 cf c7 5a 25 af e6 2d f7 f0 2c 64 0f a8 9d 96 14 51 0e d9 3f 06 8b a5 c0 ca"
1787300123638,42,21.011652,18,NOMINAL,32,"86 49 46 d4 19 df d9 29 2e de 33 01 63 b5 1a 9d 45 36 60 3a 9f f3 58 63 54 d2 25 0f 44 71 0e 54"
1787300123638,42,27.6459103,17,WARNING,32,"7a b8 4f bf 4f 5a c9 9f 10 f7 1c 14 39 6e 37 c8 88 26 2c 4c 33 39 84 b5 83 e9 a9 96 87 73 32 83"
1787300123638,42,19.4119263,16,NOMINAL,32,"a2 ef 39 ea 74 c7 34 ac 62 09 10 87 d8 81 b1 84 c0 95 54 df 49 39 5a 88 19 08 2a 6c 77 02 06 0d"
1787300123638,42,18.4943695,15,NOMINAL,32,"19 e0 17 e3 0d eb a4 fc 50 41 49 8a ce a6 02 fc ae 21 6f e3 4d 7f 25 fe 52 4e 71 0e 5c 08 ba 7c"
1787300123638,42,29.4614716,14,NOMINAL,32,"1f c8 9c 2b 92 63 f5 21 e2 8e d6 14 0c 87 00 90 b0 f5 12 ea 5a 41 6e cb 88 de 19 15 d4 d7 7f 5c"
1787300123638,42,18.7949581,13,NOMINAL,32,"4e 59 85 c8 68 ed a0 29 1d 5d cd 8f 0b 45 48 fe 44 d2 08 99 9e 54 6d 77 b8 f7 8f 6c 6a 8f 16 86"
1787300123638,42,22.190115,12,NOMINAL,32,"b9 bf bb 9b b5 e8 3d e3 33 e9 ee 91 2d ad 01 f7 6d 6c 48 48 74 40 34 65 56 6e 90 0d de 90 c0 14"
1787300123638,42,20.4108524,11,NOMINAL,32,"8e f7 ce f1 e0 1c c1 1f 91 94 50 19 f0 50 3c b2 21 d5 5f 5b a6 fe 66 a4 a9 06 59 f3 94 cd 8c c8"
1787300123638,42,17.6701775,10,NOMINAL,32,"a1 93 5d 95 ce 6b 01 08 fc 91 53 4c 93 0a 47 de f9 bd c7 14 4e 0f 1c 7a 70 26 ca 0c 50 24 08 37"
1787300123638,42,19.9050617,9,NOMINAL,32,"2c 56 63 6b e5 41 cf 0f 43 d9 3c a1 f1 92 26 05 df 48 45 39 cf 47 72 bc 71 94 f3 3d 1d 79 2e 1b"
1787300123638,42,15.6846695,8,NOMINAL,32,"95 37 2e db 3f 91 c4 ed fa 98 1d 36 55 ea db 53 d0 90 f4 7b 8a 01 8a bb af 12 80 89 49 a0 1a c6"
1787300123638,42,15.8228979,7,NOMINAL,32,"89 59 c6 34 40 f3 70 33 fd 78 28 a1 46 07 38 f8 13 42 97 26 03 5a 24 ba 72 90 66 b8 14 41 ce 7f"
1787300123638,42,18.3619652,6,NOMINAL,32,"06 40 9c da f5 ff 18 00 4f b5 1b c4 d8 89 b4 a7 7c 9d 1e a6 cc 3f 6a f2 5d a4 80 b7 e7 54 a9 09"
1787300123638,42,26.8146172,5,NOMINAL,32,"62 2f e1 a2 dc c0 dd b2 81 77 be 5f 4d 2f c9 c3 e4 99 27 e0 48 ba 42 57 18 90 3c 94 b5 94 3e 9f"
1787300123638,42,21.0441265,4,NOMINAL,32,"f9 a8 b0 99 db ba 73 eb 0c a9 a3 22 3e 39 1d 5c 3e 5c 70 40 57 14 5a 44 ee 52 51 4a 5d ee c2 a1"
1787300123638,42,14.8144436,3,NOMINAL,32,"f0 4f 64 b6 f9 a3 f1 c4 eb 4d ce 67 69 2e 3e 99 bd 94 e8 8e b2 13 36 b7 a3 f1 59 4b 10 f9 ac eb"
1787300123638,42,23.9186592,2,NOMINAL,32,"a4 ed 96 2b 5b d2 e0 c2 d4 b3 bb 42 15 db 61 d9 09 05 f0 b9 4c c8 8e b9 e1 19 4f a6 64 66 f6 a7"
1787300123638,42,18.9240704,1,NOMINAL,32,"3b 97 0d 9c d7 fa 17 ab 3a 29 33 e7 04 1b 8d 23 75 08 81 99 8c 88 ee a1 e4 87 f3 47 00 17 84 4b"
1787300123638,42,25.5321503,0,NOMINAL,32,"df 30 80 78 f4 0f 5c e9 5e 14 50 ad 38 d5 fa d9 d4 1f 49 8f e1 d9 e3 d0 0d a9 12 2b b8 fb e0 72"
1787300123638,42,22.1784782,100,NOMINAL,32,"f0 ec 2b fd c2 99 aa c9 ba 43 a4 a4 1f df 96 06 28 78 c2 f6 21 ae 27 b5 d8 60 06 fa 49 e1 4d 63"
1787300123638,42,20.7350101,99,NOMINAL,32,"92 bd 8c ea 92 e2 b7 6e 84 f1 6b b4 b1 bb 4b f0 32 a1 c3 7b a0 d0 ce d5 18 f4 60 92 3a 6e 0f d6"
1787300123638,42,17.1203442,98,NOMINAL,32,"92 2a c0 06 7d 79 31 ef 71 f9 cb f7 84 c2 18 40 57 bb 8a b7 fd 03 72 40 28 3b 33 90 bd 12 bd 10"
1787300123638,42,21.0550194,97,WARNING,32,"26 f7 e8 35 98 85 8e 93 28 3b a0 35 ab 7b b3 dd fd db 2f 22 32 77 29 0b 29 05 67 11 d1 b2 4a d4"
1787300123638,42,23.34902,96,NOMINAL,32,"b6 2e 41 7e 9c b9 fb 06 83 a4 31 d7 80 81 7a 52 26 6b 0d a7 ab 1e a4 8b 63 15 16 b8 20 d0 51 39"
1787300123638,42,16.8600559,95,NOMINAL,32,"0b e5 27 e7 94 1e 65 e0 e7 77 bc 0b 17 ea b1 74 fb a4 32 e5 c4 a9 cb 0a dc 52 7f d0 1b 1f 04 70"
1787300123638,42,31.1186733,94,NOMINAL,32,"29 ac ca 0e f2 ec 19 73 6a f4 0a d7 60 8d 7d 0c c2 44 e0 f1 50 76 4b 6b 4d 99 7c 97 68 a3 b7 4a"
1787300123638,42,13.3054943,93,NOMINAL,32,"98 bf fc e1 7f 74 05 35 88 fe 7f fa 45 07 b6 44 c8 92 34 1d a7 e1 f1 c9 96 7f 2c 7d 22 44 5f cc"
1787300123638,42,23.1479206,92,NOMINAL,32,"1c b5 8f 8e 19 0c 05 91 97 db 6b 51 a0 38 62 2e 8e 67 92 7c 40 5f cc 8d dd 27 5b 0e 6a 46 f5 4d"
1787300123638,42,20.2014694,91,NOMINAL,32,"6a 3d ca 71 8f 51 b2 2a 15 c2 52 ab f8 cf b7 30 e5 18 f9 e4 17 15 c5 b9 34 c7 91 ed d8 d9 6e 37"
1787300123638,42,20.1970406,90,NOMINAL,32,"62 40 ab 49 5a bc 4d 1f 7d 13 77 5e e7 12 69 70 98 2b 02 0d 65 2c 75 9b b3 dc b0 d5 f3 8b 43 dd"
1787300123638,42,20.4694347,89,NOMINAL,32,"f3 1c 30 42 11 f3 41 1d be 31 8e 6b 8a b8 62 16 fd a5 c1 01 23 e4 09 4f 99 83 e9 de 7f ac 01 09"
1787300123638,42,19.9471874,88,NOMINAL,32,"c3 d9 3d c1 f6 a3 a8 30 b5 9b c0 2d d5 6a bb 7c 8a 63 a4 18 83 14 d2 6d a7 e1 1e 7a 7a 6e a8 66"
1787300123638,42,16.2332993,87,NOMINAL,32,"4b f3 17 a2 7e db c2 81 9f a4 93 49 d4 69 83 a8 f8 35 3a 62 03 ed 8f 35 b8 3d 08 40 bd 29 48 af"
1787300123638,42,22.8134708,86,NOMINAL,32,"ff e2 92 96 ae 0a 52 2b 79 c2 ea 34 e9 5f e3 62 3b fe 03 26 52 97 fe 77 d8 52 01 c1 e8 10 4f 86"
1787300123638,42,20.5329609,85,CRITICAL,32,"d7 03 a2 62 ce 62 ea 5a 69 23 fe 0b 2d 2f 3a d4 e0 75 be c0 8a e1 6b 87 e8 bf 7d 75 0d c7 53 2a"
1787300123638,42,18.9681549,84,NOMINAL,32,"f3 7c 76 98 3c 1e c6 11 13 a7 c1 68 a6 9e 91 0e a1 d8 a3 4b e8 74 eb 60 4a aa 28 4d 12 3a d8 ff"
1787300123638,42,24.6275501,83,NOMINAL,32,"c5 95 22 ab 73 5c 83 60 9d 1a da 56 9d 52 ca c0 3a 2a f0 54 7a 9c 5f f5 55 24 c3 25 51 bb 3c 7e"
1787300123638,42,20.2944622,82,NOMINAL,32,"56 bd c7 84 f6 6e b6 2d a8 04 2e c7 51 44 46 50 4f 3f 6a a9 7e a3 6a c5 14 77 1c d9 d3 0f 5e f7"
1787300123638,42,16.6491413,81,NOMINAL,32,"e4 09 bb 19 04 b6 b9 d6 9b bb b5 a3 22 d0 d7 c7 17 99 b8 67 35 f3 85 2b 5b a6 4a 79 d7 2e 53 83"
1787300123638,42,31.1303082,80,NOMINAL,32,"be 32 d4 20 ef f6 ee ec fe 75 11 29 a3 45 7e 49 ce 52 00 77 9c 2b 9c 34 b2 7f bf 1a fa 9c b4 ef"
1787300123638,42,25.990078,79,NOMINAL,32,"a8 77 40 57 40 19 3b ee 47 b9 46 d8 f7 49 bc ac c9 29 0b dc b3 bd c0 8a 50 fa e8 08 eb 9e 02 c4"
1787300123638,42,27.2482357,78,NOMINAL,32,"f2 c3 07 d9 0f 6b f6 8f 0a 7b 2a da 62 d2 7a 35 bc e4 10 1b eb 0f 0e 03 6d 06 16 90 9c 0d 5a 46"
1787300123638,42,22.4932423,77,NOMINAL,32,"69 c0 5d aa e4 cf ed aa 33 a6 da 48 de b5 6c 08 03 a5 24 3f 20 d8 1a d4 80 d2 51 b7 a2 43 0a a5"
1787300123638,42,18.0392113,76,NOMINAL,32,"be 0a c6 db 6f 2c 32 5d 9f 86 c8 cc 4d 03 6d 3f c3 8a 57 5a 67 2d 97 18 98 cd 29 9a e2 1a 67 5c"
1787300123638,42,14.786272,75,NOMINAL,32,"7b f6 a9 42 bc 2a 40 85 15 e7 f2 f4 7c d1 22 21 b0 1b 02 3b e5 b6 3b 63 a8 df 53 5e 96 0a d7 c4"
1787300123638,42,20.9215698,74,NOMINAL,32,"95 24 86 63 7f cb 39 0e a6 9a d9 2d 1d 25 07 ca 26 83 0d f4 9f f6 ff e6 bd b3 47 3a ab fb 17 b5"
1787300123638,42,17.5025654,73,NOMINAL,32,"d3 8f b5 9c 54 b0 7c 1e fe c9 3f d0 94 ad 84 aa b1 72 9f d8 d6 a6 43 5b c8 10 e0 35 d8 36 e9 12"
1787300123638,42,21.2994957,72,NOMINAL,32,"5f d6 f0 bd 67 88 ab 75 d6 8b 72 05 87 3d bb 87 9d 16 a7 67 e4 01 34 29 1e 09 bc 11 71 a1 7e 99"
1787300123638,42,15.8328037,71,WARNING,32,"f6 54 f9 8c d3 0b 2c 0a 56 d2 d0 67 98 80 e5 21 8e cf c8 7a aa a9 12 d3 50 61 4d f5 b6 94 f4 d2"
1787300123638,42,13.5792484,70,NOMINAL,32,"d5 06 8a 49 ae 6f d6 69 ca e3 e1 69 0f 7c 51 30 f8 8e c7 4f eb 5a 40 80 8c 20 be 9d ed f0 fc ec"
1787300123638,42,18.8775291,69,NOMINAL,32,"94 62 61 3e c1 54 2d f9 97 c0 27 b4 e8 88 13 df 15 3a 9c af 80 da d2 14 55 04 a2 cd f9 a9 3e c2"
1787300123638,42,18.1353607,68,NOMINAL,32,"00 42 7e 2a e2 44 c8 bd b8 d2 00 4f 05 94 76 d0 24 3d a7 d2 e1 6a 82 28 74 e7 2d 8a b1 12 a0 d0"
1787300123638,42,18.9262619,67,NOMINAL,32,"63 4d 21 2a 5a 4e e1 82 1b ce a0 cb f1 5f 0c bd 85 00 4b 3e 88 de fd cc 20 d6 d4 81 20 c7 71 55"
1787300123638,42,19.9143219,66,NOMINAL,32,"64 39 5b f5 58 4f c6 01 1b 7e 35 68 00 7f da ac e9 41 de 28 bc f4 ea 4a 7a 0d 78 73 72 66 26 c3"
1787300123638,42,23.0356064,65,NOMINAL,32,"ee 35 45 54 25 03 85 6d d8 e4 78 7a 61 7a 71 a8 21 06 5d 77 2e b8 62 4b 4f ad 30 63 73 a8 78 ac"
1787300123638,42,23.6345978,64,NOMINAL,32,"87 ce 38 8c 36 37 92 59 83 87 a6 ab b6 c2 e1 69 ef 19 3e 75 05 52 ac a1 32 46 63 fb 74 fa 19 76"
1787300123638,42,28.0750942,63,NOMINAL,32,"12 b2 b9 70 44 12 4b a8 80 74 37 05 87 cd b7 d2 4a b3 68 dc f6 cd 53 01 c1 f3 60 3f 92 70 da ae"
1787300123638,42,26.1561031,62,WARNING,32,"ca 76 08 65 e3 f3 d0 0a df d7 11 4b 89 aa 1c 24 70 a8 43 0c d2 95 0b ae 42 4c 8b 78 42 ec 93 86"
1787300123638,42,19.7069855,61,NOMINAL,32,"47 29 71 7f cf 8c 5b 2a 80 fb ee b7 e7 eb 8d 8f 0f 85 22 0b 89 a0 fc d3 81 d9 1e e3 87 14 cd 68"
1787300123638,42,21.8175316,60,NOMINAL,32,"af 33 1f 93 fc f8 73 d4 64 74 9e b1 dd b1 b9 04 17 bf 30 72 ce 54 bb 43 58 5d 60 e1 a9 87 83 0f"
1787300123638,42,25.1481094,59,NOMINAL,32,"13 f4 21 2e 56 0e d9 6d 82 c6 31 45 0e 8e f7 96 c4 ac 3b 54 e1 19 ec 3b e5 3b 1b 2c 1f bb b8 4a"
1787300123638,42,23.0774822,58,NOMINAL,32,"31 13 3b b0 a7 99 92 33 e9 ef 23 8c 80 f5 30 08 77 1a 54 e6 f6 3d 66 6c ff 92 39 dd 43 59 d4 27"
1787300123638,42,20.284481,57,NOMINAL,32,"c9 19 bd c0 13 74 08 1b 69 b7 43 66 7a 23 25 e3 26 2b b4 13 8e c0 30 1f 4c 54 e8 0e 3c 4d e2 4b"
1787300123638,42,18.0340881,56,NOMINAL,32,"15 f2 09 aa 14 71 ed db b1 de 8c fd 4f af ac 97 bd 1a 49 5f c2 16 f0 ce 2d f5 00 1a ba 68 9f d9"
1787300123638,42,25.1930389,55,NOMINAL,32,"bf 3f 15 fa a0 9e 57 e5 06 fb e2 f7 57 33 1b 1d b6 b8 bf e1 89 49 ae 94 ad 7a ae 78 5d 68 fb 7c"
1787300123638,42,22.7473431,54,NOMINAL,32,"df e0 8c 96 7f 8d 6c cb f7 f2 0c af 19 b5 12 dd 5c 23 ed c8 c2 00 ba 99 d5 1a 5d 51 c8 54 57 59"
1787300123638,42,22.6223221,53,NOMINAL,32,"fd 22 eb 91 22 6f 7b fa ac e7 a2 52 bd 7f 7b ee 89 2b 82 6f 23 df 0d a7 68 c7 9e f6 e1 aa 42 a4"
1787300123638,42,20.2961254,52,NOMINAL,32,"0c aa 5f f3 ae 3c 24 d5 cd fd a7 d5 2c fd 36 55 9e 8d 33 46 20 0d af 9a 9a f5 f9 4e 56 c3 27 6d"
1787300123638,42,19.7349739,51,WARNING,32,"d6 8b ad 6a ed 26 69 ed 38 b8 37 35 ad fb d4 a6 19 98 e4 c9 19 8e 35 5e b3 ad be 84 b2 b3 1e 43"
1787300123638,42,22.9928837,50,NOMINAL,32,"c0 d8 a4 ed d6 d1 e4 71 ee 99 de ca 1d 0a f3 b0 5e d5 47 06 73 7f ed f1 04 62 ef a5 c5 45 4f c2"
1787300123638,42,19.3659344,49,NOMINAL,32,"b7 6c 97 aa 62 91 19 06 0b 36 d1 fe e7 30 0a 81 ab 70 8b 90 c6 69 18 f1 9d 3c c7 7e 20 d9 42 8e"
1787300123638,42,25.7414455,48,NOMINAL,32,"15 25 99 f2 a4 46 fa 00 2a fd 6b 79 4b d5 db 71 12 73 25 78 4e d4 8b 6b f7 6c c9 b4 d7 ee b3 18"
1787300123638,42,20.2531071,47,NOMINAL,32,"af 29 a1 ce c5 ad b7 78 cc 5a bc d2 24 e3 91 73 14 5c 92 eb 74 44 be 39 f2 ec ad 52 be 3d d1 52"
1787300123638,42,19.9964409,46,NOMINAL,32,"a6 b4 c7 19 53 f9 78 ab b1 a2 e6 da 07 63 3a 73 ef 5b b3 d3 09 cd b1 6b da b1 86 80 f7 20 8a a1"
1787300123638,42,26.8370628,45,NOMINAL,32,"c8 68 52 85 de 7b 3b d1 ef ba 19 cb f0 53 b9 52 96 99 47 96 79 ea 4d c1 ba f7 47 51 7c f5 11 ed"
1787300123638,42,16.5988045,44,WARNING,32,"25 fc 30 77 82 c0 8d 08 2e be 42 ec 22 48 aa 3b 7b b1 99 a9 2d e4 1e de 5f 35 ac b7 02 b6 a6 1c"
1787300123638,42,22.4251595,43,NOMINAL,32,"9c 1e f1 a3 cb a4 90 eb 5d d6 64 9d ba cd 29 34 fd d2 b9 23 e9 be 86 e8 27 8c 5a 09 9a 69 17 ec"
1787300123638,42,22.5142002,42,NOMINAL,32,"14 c5 6a 3b d4 5b 06 15 e4 98 d1 ee 0c 54 1d af 62 b2 82 cc b3 63 b5 99 87 f6 8b f9 e9 73 55 1c"
1787300123638,42,28.7299824,41,NOMINAL,32,"4d 15 b6 7e de ae d1 87 5c 27 02 74 f4 89 7e 20 b1 c9 57 6a d6 76 8d c8 d0 16 ac 89 2e cb 55 84"
1787300123638,42,18.8327961,40,NOMINAL,32,"59 ec 11 dd 77 1b 09 32 c7 40 9e 45 50 3a bd 87 ad 79 40 c0 8c c3 09 b4 44 09 cc 8f 5a 1e e0 1c"
1787300123638,42,18.7740021,39,WARNING,32,"ee 89 f8 e9 df ae 9d 06 94 2c a2 aa a1 c1 27 f1 a1 fd 4a 65 7f 3a 25 48 3b 9d 67 3b d8 80 85 c1"
1787300123638,42,17.2226219,38,NOMINAL,32,"f7 fa fc 65 71 0d d9 2c 49 b4 81 82 86 ed 52 57 df 63 3d ad 3d f2 42 e3 5f 16 b4 cb 33 bf be 2b"
1787300123638,42,26.4499187,37,NOMINAL,32,"47 1d 7b 44 48 7d 7a f8 5d 7a 8a 81 db 6a 40 d8 2d e9 ac 70 28 8a f8 8e 7c 5e 90 32 f6 fc f1 e1"
1787300123638,42,28.0828915,36,NOMINAL,32,"54 52 8b fe 35 ca 3d 9a 0c bc 4c 32 e8 ca 2f a9 d5 86 e8 6a 5d 15 8f 4a 6b 75 99 b6 76 b3 70 e1"
1787300123638,42,29.034687,35,NOMINAL,32,"a6 86 cf 8b c5 87 e5 4e 31 2e 82 7a 48 f5 29 b8 c3 98 f8 4b d0 7a 05 e1 ae 8b 8b 31 01 f6 23 4f"
1787300123638,42,25.533144,34,WARNING,32,"ac 05 04 ad 21 9f 0b e2 92 39 00 a1 f2 27 bc 21 94 ab 84 54 99 9b 66 18 3d ae ea 30 ba 75 85 de"
1787300123638,42,21.5210571,33,NOMINAL,32,"ba e4 6c 77 16 05 8d 14 5e 50 64 79 ae 58 20 83 31 fc ab e3 56 95 95 07 9b 07 59 2b eb f1 a1 60"
1787300123638,42,27.1476364,32,NOMINAL,32,"eb 26 ce 77 ab f0 b7 e2 f9 f6 18 b3 de 36 1d dd a9 4b d5 84 4e d0 49 63 60 e0 91 66 9a 8b 03 c3"
1787300123638,42,27.6300621,31,NOMINAL,32,"b1 29 71 fa 39 01 54 b3 3f 23 0a 58 aa 32 00 36 97 bf 53 b0 19 05 e9 9d ea 9e 56 cb e7 5f f2 7d"
1787300123638,42,17.7148724,30,NOMINAL,32,"d9 15 40 3b 3b 36 83 5b 01 68 66 2d 47 79 93 45 2c 78 7d 8f f7 1f 20 ca 66 59 03 e6 88 ff bd d5"
1787300123638,42,25.0862904,29,NOMINAL,32,"55 46 e1 af dc 69 78 3a 18 21 72 be f3 4f 08 46 4b f5 72 8b 66 11 e0 e1 61 15 9d 67 5c f6 2b 4e"
1787300123638,42,22.6770916,28,NOMINAL,32,"fb b3 e8 0a 8d 41 4c 65 ac a7 e3 8b a4 ef d3 4c 03 55 2e b9 81 ab d9 fb 59 33 68 96 5a 3f 80 d7"
1787300123638,42,25.9337521,27,NOMINAL,32,"d6 4f 00 bc 50 3c d8 2d 60 3b 2f 5b d1 33 68 4f 5d 09 4b a2 c6 1a 0f d7 b5 ab 98 95 cd e4 e0 0d"
1787300123638,42,17.6227398,26,NOMINAL,32,"12 5a 1e f3 ba 63 d6 1c 65 f3 ca fc 81 00 00 82 e9 66 5f 25 14 fa 1d 7b 5c 1d 0d 5c 6b d3 0c 19"
1787300123638,42,26.1396198,25,NOMINAL,32,"a2 5b 67 59 71 e4 03 53 26 4b ad 47 b3 e7 7c dd 53 a1 9d 34 59 db 3e 3b 15 8f 23 1e 20 93 40 84"
1787300123638,42,25.5600719,24,NOMINAL,32,"8a 63 60 b2 25 12 0a 1b cd bf 1d 8c 83 08 25 e9 aa ea 0d 23 40 3b 08 0e a9 e2 a9 f8 f1 ba 16 ec"
1787300123638,42,23.7639866,23,NOMINAL,32,"c3 e3 81 10 b7 fa 61 e0 f5 c5 7e e0 9b 6c c4 f4 c9 2d 77 a0 ec 36 ec 07 ff e0 f1 44 61 6b a7 b5"
1787300123638,42,17.4765015,22,NOMINAL,32,"f0 5c 00 19 01 01 6f 45 9a 78 ce 4e a7 c5 33 1e 78 0c d0 49 2c 18 5f 13 3c 0c b5 de b3 e9 f2 7a"
1787300123638,42,19.5776939,21,NOMINAL,32,"3d 8b 9e 4e ae 7a 21 ff af 14 37 7c d6 71 cb ff 37 db be 6c a8 60 26 64 c9 6e 4b 33 b0 d2 d2 84"
1787300123638,42,19.1924572,20,NOMINAL,32,"e5 69 b7 2a 67 00 85 38 5f 6a e2 97 2e 8f 42 01 d9 1e 06 d9 7d 3d 38 59 7b dc 5d 8e fe 4b 3a 81"
1787300123638,42,26.9730721,19,NOMINAL,32,"02 a1 74 69 93 bf 58 ad 29 e8 25 da 8c c8 5f 86 96 5c bd 10 c0 a4 31 f9 06 8d a2 60 14 ee 0a 9a"
1787300123638,42,26.6105461,18,NOMINAL,32,"c5 a0 02 fa 64 81 1b 75 51 86 1a d7 17 ef cc fa 59 e2 f0 f1 88 f0 bd 7b 39 31 bf 32 86 5f 96 8e"
1787300123638,42,20.6216259,17,NOMINAL,32,"8a 5b 00 48 13 5f 68 eb 2e 74 e4 24 7a 5a 37 9d 51 da 23 c8 d0 a2 59 b7 7d d4 fc 98 ab 95 2e bf"
1787300123638,42,18.5519028,16,NOMINAL,32,"e6 b9 72 fc a2 33 15 8d 24 c4 09 88 d7 87 ff d2 c8 61 e8 b8 4c fd 07 76 c3 80 05 41 b2 58 b1 7b"
1787300123638,42,21.9010925,15,NOMINAL,32,"5d a4 18 db ec ff ad 7c 7a bf e7 20 57 e8 b6 b9 d2 80 d0 fc 1f 11 7a a4 c9 47 5b 68 8b 9c 18 3f"
1787300123638,42,16.473444,14,NOMINAL,32,"09 63 7b c4 ea 58 1d b0 93 5e db 94 49 49 58 43 f9 57 3f e6 90 e8 a3 d8 64 5a 03 d1 77 81 db 15"
1787300123638,42,18.2524796,13,NOMINAL,32,"68 64 38 e5 5c 76 91 54 b4 bc 74 a8 4f bb 51 b5 13 aa e4 7b 4d 37 26 f2 9d 69 28 96 44 b2 c1 71"
1787300123638,42,21.6937027,12,NOMINAL,32,"e5 86 31 4e 22 0e 0b ee 1b 3c d6 d7 c6 17 ea 9c 97 fd f7 f1 01 0d 9a 1b 39 11 83 a4 de 85 4b c4"
1787300123638,42,25.9276352,11,WARNING,32,"9d a0 f9 9c 43 5b 6f 82 dd 35 14 f2 cf 74 92 5f e5 d1 8b 99 26 82 4b f4 86 c4 91 75 ae 82 56 cc"
1787300123638,42,26.1086712,10,NOMINAL,32,"20 89 39 19 3a d3 a6 f2 a5 bf c4 98 e8 b7 31 2f 0c dc 17 83 92 19 7d ee 79 ec c0 da ab 83 fc b1"
1787300123638,42,21.1709671,9,NOMINAL,32,"d0 2e eb 31 6f a7 71 02 8c 9a 34 c4 b7 ec 11 96 05 fb 64 af 7b d0 56 fb 72 36 28 1b 05 14 bf 3f"
1787300123638,42,20.8839722,8,NOMINAL,32,"ac 99 a3 01 17 f2 50 da 89 6a 79 be f7 ae b7 22 af 7a 39 81 01 ad df 32 c1 04 0d 12 2b d2 09 9d"
1787300123638,42,18.3710823,7,NOMINAL,32,"8d a2 2a 98 7e 78 1c 0b ce 55 cc f4 49 c3 ef 00 c8 cf f0 75 1b b5 a0 f5 1d 79 f9 6b 94 86 2d 40"
1787300123638,42,23.4066181,6,NOMINAL,32,"2b 8b 93 f1 62 93 11 bb f7 49 fc 8e 87 46 6f 17 9f e8 4e d7 6b 86 a7 09 8d e2 df f8 f0 a1 6b c5"
1787300123638,42,18.7636433,5,NOMINAL,32,"c6 3b a0 dc 4e 44 09 7e e4 d8 3a 91 75 5c f2 aa a6 bf 98 76 73 ce 80 30 b1 06 0c d3 98 e8 80 45"
1787300123638,42,17.8721848,4,NOMINAL,32,"71 e4 04 5f 56 89 af 78 86 bb 0b eb 3c fe e2 75 59 c7 5b 2b 44 b3 3f ac d0 59 03 19 ed 14 05 7b"
1787300123638,42,19.9472408,3,NOMINAL,32,"2b 16 4f 6c fe 83 2b 9a 22 39 8b f4 3c f1 a5 07 fd ef 67 e3 d0 cb cd cf 2c 9a 11 e1 7e 86 b3 87"
1787300123638,42,23.9496269,2,NOMINAL,32,"c5 88 9b 2d ed f8 23 67 71 c8 63 66 9a b6 7a 6f 12 06 1f 0a c6 c1 9e 5d cc 48 68 13 06 cc c0 cd"
1787300123638,42,21.2202568,1,NOMINAL,32,"ce 56 36 cd 7d bb de d4 9b 6f 73 ba 90 af 89 9d 7d 89 98 4f b1 99 9b 7d 61 a3 15 49 cd 92 65 2f"
1787300123638,42,26.0870857,0,NOMINAL,32,"6b 04 dd 1b ef 5f f1 d3 fa c7 95 29 7f 0e 56 a3 c4 86 8e 50 b3 ac d3 32 4a 42 9d 09 a8 b1 6a 5b"
1787300123638,42,25.0420837,100,SAFE_MODE,32,"e1 19 fc c3 e2 3b f1 2f 45 68 6d ac 9d 54 7b c4 40 c1 cc bc 1f ca 49 6d c1 b4 24 bb 54 22 a0 be"
1787300123638,42,24.041954,99,NOMINAL,32,"26 8b 9c ee ed f5 eb 5e d0 5a d2 f8 b1 79 eb cf 29 c5 3f 9a 6a df b1 8a 91 46 a3 ae 7f e4 1b 33"
1787300123638,42,20.283268,98,NOMINAL,32,"42 ab 88 68 de f8 74 85 71 03 fa 0e 02 93 f3 59 f3 5c 6f 6f 4e 42 15 0e 37 2c 27 f9 b3 b2 e5 86"
1787300123638,42,21.9898224,97,NOMINAL,32,"4f 90 d6 f9 ec f1 0a 87 84 be b2 98 ec 50 91 40 66 f8 38 56 b3 91 fa 08 1c b3 53 51 c1 bd 3f 97"
1787300123638,42,23.8191357,96,NOMINAL,32,"11 73 6b 10 00 c8 76 91 17 86 28 ae a6 e3 15 90 06 01 10 d3 f6 97 fb e9 b5 26 8e 67 91 c6 b5 51"
1787300123638,42,19.6505814,95,NOMINAL,32,"03 bd 6c 3d a7 1b 29 c2 cc 14 56 35 d7 be 56 ef 55 98 e5 09 4a 20 20 e3 c9 a0 fe 0e 71 0f d0 be"
1787300123638,42,26.243454,94,NOMINAL,32,"c7 80 2f fe 8a 94 74 0f 43 f1 3a 5a f7 00 78 cb 42 ac 5a e3 be 83 d0 35 92 9b e4 b8 55 19 ec 87"
1787300123638,42,22.4527283,93,NOMINAL,32,"60 c5 90 e6 62 0a 5a 6c eb 8d 74 52 68 d5 e4 48 bb 4c 9e c2 96 6c 71 1c 61 bd 64 18 66 9e 4d e1"
1787300123638,42,17.3844852,92,NOMINAL,32,"d4 c8 ec 96 7d f7 f1 57 5d 18 2e 2e 01 74 ed d9 65 bb f6 55 f1 06 99 37 4b 23 c2 49 9b 4b 0f 62"
1787300123638,42,20.2698231,91,NOMINAL,32,"e0 87 83 96 52 1a 5b b6 ad e3 e2 3c 7b 9f b3 b4 93 e5 35 44 c5 8b f9 43 29 a5 34 4d fa 3e a9 68"
1787300123638,42,19.2389164,90,NOMINAL,32,"18 2f 81 f5 28 be 33 70 df 38 19 c5 47 16 37 fd 7b 0b b9 b1 2a 3f 8d 04 6a 34 39 7a 1c ab 77 7b"
1787300123638,42,17.9354153,89,NOMINAL,32,"c8 e3 b1 9d 84 06 32 04 de 9a 8d 31 98 5d 91 68 2c a0 62 79 57 bd 94 2e 3c 8f 9c 7c 07 e5 81 ec"
1787300123638,42,25.873354,88,NOMINAL,32,"5e 28 fe 04 bb ef 8a 2d d3 08 fe 01 74 ff f8 ed cf 88 dd af 1a 05 8d 1a e0 e6 2f 7a 01 33 f0 04"
1787300123638,42,27.8668308,87,NOMINAL,32,"1b 15 cd 50 c8 a0 ba 5b f4 e1 39 b3 26 31 63 c5 ae a3 38 83 be a8 16 d6 16 ff 20 b2 a4 dd 2e 76"
1787300123638,42,23.8431854,86,NOMINAL,32,"f1 fc 99 2a 33 54 b5 b7 50 28 04 d9 41 fb 19 ac 1b ff 1f 21 f9 f7 d3 26 0b 15 ea ba a3 0a 66 d7"
1787300123638,42,25.8660603,85,NOMINAL,32,"d6 d3 2c 42 80 a2 b3 67 78 e1 5f 08 fb fd 3b f8 e3 31 7f 30 da 81 b0 f0 ec fd 47 8a 26 b9 16 35"
1787300123638,42,21.4287319,84,NOMINAL,32,"e0 0b 95 9f ed cb a2 ac 93 63 06 05 e2 58 f5 c8 15 74 b9 e1 ba 23 79 8c a9 66 09 2a 3d 6b 8c 92"
1787300123638,42,28.4767475,83,NOMINAL,32,"d0 61 eb 61 b0 42 e5 01 b3 87 88 9a be 3c 7b 5c 0a b8 63 22 ae ab f7 c8 b7 70 d2 8e a7 ed 9e da"
1787300123638,42,23.758812,82,NOMINAL,32,"7e 1a f7 2d 33 fd a0 99 c8 4e c0 5f 79 76 85 7a de 0d 0f 74 f9 5f a7 8b 67 9a 76 d4 5d 01 10 54"
1787300123638,42,27.9840069,81,NOMINAL,32,"ab 1f a5 dc bf 3d cf 39 92 95 64 c9 86 41 81 06 da d8 df 81 b9 76 86 15 fb d5 d9 ab 82 09 a4 62"
1787300123638,42,21.9430828,80,NOMINAL,32,"fb 62 80 11 67 1e 97 55 22 a4 d3 56 e4 a2 d0 a9 9f b4 55 af 40 e5 6e e0 e8 ce b8 7f 51 db f6 2e"
1787300123638,42,25.8397636,79,NOMINAL,32,"c3 9e 45 f3 66 8f 41 d7 8a a4 90 d6 bb b7 24 48 61 0b cd 1e 8b c4 8a 80 6c f9 73 6b c0 bd 6f 40"
1787300123638,42,21.0095482,78,NOMINAL,32,"87 a6 16 15 76 3d 35 92 89 2b a6 fa dc 53 52 bf 9b fa 90 03 d5 89 21 c3 9b d0 21 08 8f cc 97 3a"
1787300123638,42,17.1180058,77,NOMINAL,32,"3b 6d 56 ca f0 ad c5 99 25 8b bb db e1 e4 41 40 cc 17 2b a4 24 bd 4a 18 fd 7a 90 9a c3 7a f4 e3"
1787300123638,42,13.5196476,76,NOMINAL,32,"74 69 ae 9a 1e 15 1b c6 01 6b 00 65 5f 95 26 f5 1a 23 7c 16 b4 ed 93 42 1e ca eb a7 de 6e f7 c5"
1787300123638,42,21.6411381,75,NOMINAL,32,"8f 99 d1 28 e4 e1 80 92 70 76 ae 68 0d 0e 96 38 9b ea 60 e8 d8 69 5d d1 6d 8c 1b c0 d5 2f 28 2d"
1787300123638,42,21.9935741,74,NOMINAL,32,"cc 24 c4 f0 90 a3 98 d9 b8 18 d3 e6 7e 46 58 ec c3 a3 8f 17 8b cb ee 7c 5f 5b 84 fa 67 01 f4 a2"
1787300123638,42,19.4884605,73,NOMINAL,32,"03 9c ac 3a ea e6 c0 ea 3c 0d 72 09 0e 87 f0 b0 33 eb 89 09 73 e2 f3 99 81 15 c9 ad 66 20 f6 e8"
1787300123638,42,22.2718239,72,NOMINAL,32,"66 92 75 b8 0c e6 f5 5d 61 aa 6a 11 0e db fa 9a 6f 4c a3 a7 6c 8e eb fe 52 1d 9e b3 33 52 56 67"
1787300123638,42,25.5195904,71,NOMINAL,32,"48 ec f7 b0 eb f7 c8 ba 8a 9d 80 9b 71 ed fe 4e 53 9c 5b c3 cf 12 8e 2a e1 7c db 46 37 af 5a ae"
1787300123638,42,27.7689056,70,NOMINAL,32,"62 46 9b d0 15 40 93 c7 51 49 d9 c9 90 bd 12 2c 36 97 81 89 09 01 11 2b 52 50 f3 37 46 3c ff 10"
1787300123638,42,23.0383568,69,NOMINAL,32,"7b 0b a3 ae 36 9a 05 83 b1 45 88 45 a0 b4 f3 77 18 1c ae 34 ac 72 f7 1d 48 48 71 a2 32 bb 8e 9e"
1787300123638,42,25.5499897,68,NOMINAL,32,"d6 51 75 fd dc 4e db 67 8d 62 18 f5 16 4f 0a 84 18 88 d3 c1 5a aa 15 e7 48 73 ad c6 b9 bf 92 e4"
1787300123638,42,27.3159695,67,NOMINAL,32,"39 99 2a f8 9e 8c dd c5 78 bf 89 59 0c 8d 6e bd d9 7f a3 ff b9 b0 b9 60 b8 c2 9c 81 b3 d2 49 4a"
1787300123638,42,18.2661495,66,SAFE_MODE,32,"40 47 35 58 47 26 bc 53 2c ca c7 07 72 0e 2c 99 5e a2 cd b0 33 4d 59 81 fd 45 f4 09 ad 03 34 23"
1787300123638,42,14.8197088,65,WARNING,32,"e2 6b 46 bf 03 fd 76 45 2b cf 57 1f 57 a7 a9 67 df 32 a6 fe 4b 62 a0 6f 4c 1b d8 68 21 7c e6 a8"
1787300123638,42,22.1680222,64,NOMINAL,32,"95 61 97 9c d6 0f d5 f2 9e 64 82 c9 44 44 50 31 d6 fb 3a 51 8c 94 fa 86 2b 25 f7 cf 75 b7 66 91"
1787300123638,42,26.0602036,63,NOMINAL,32,"fd 29 60 ab 8e 81 89 f5 11 b4 be db f8 3c 9c b8 22 c8 8d 16 fe 0c 8f 6d 2c a4 bc 30 50 e0 5a 71"
1787300123638,42,21.1347942,62,NOMINAL,32,"67 4d 5e 9c ac e4 90 1b b1 10 a3 32 70 51 69 3b 8b 45 ec f2 53 70 a3 25 73 c1 c4 2a b0 ae 62 a5"
1787300123638,42,25.5551624,61,NOMINAL,32,"60 d4 91 50 e0 8b 4e 35 5e 97 5f a3 6a f1 29 9e 03 15 b2 48 5d d7 5c 18 00 be 8f 40 83 e4 e4 f7"
1787300123638,42,27.2666397,60,NOMINAL,32,"65 ec bb f3 d9 56 63 0a 14 4b d8 a0 01 dc 14 fb 9d 3e c8 8e 1e 8d 7a 7f f2 70 c6 30 e7 ac e6 f3"
1787300123638,42,27.1224918,59,WARNING,32,"79 19 32 d4 88 68 a2 aa 16 ae 59 03 9e 83 e5 39 fe 29 47 ef 6b 0b 1f f1 6f 3a 56 63 30 de 81 fd"
1787300123638,42,28.2347832,58,NOMINAL,32,"f8 a6 c6 5b 64 7e c7 76 bc 0b 27 cb f0 83 9d ec 11 6b bd f6 d4 96 a7 9a 65 4c 13 b3 1c 92 80 78"
1787300123638,42,26.7742729,57,NOMINAL,32,"6d b2 28 42 9d ba a5 d8 d2 7c 82 f4 01 63 dc 1d db 7c 5a 0d fd db b5 03 d1 63 70 bf b7 7d e6 02"
1787300123638,42,21.9301262,56,NOMINAL,32,"73 d9 46 20 43 49 de da ba d6 76 56 48 1f a3 cf 72 10 91 b9 fd 04 00 55 a2 cd 1d 23 84 c1 f7 c4"
1787300123638,42,24.6369171,55,NOMINAL,32,"58 92 ac 29 d0 45 09 1a 09 ba 57 50 43 42 ad 3f eb c0 c6 e2 eb e8 cf 49 29 a0 bc 23 c5 f7 18 c3"
1787300123638,42,19.928875,54,CRITICAL,32,"38 6a 4a b6 a8 8f d0 4b 88 51 9c be 12 5c 8b d2 33 04 84 cd 20 f7 e9 57 a3 06 86 ad a2 0d 11 ae"
1787300123638,42,13.7041044,53,NOMINAL,32,"a9 96 3e ee a9 aa eb c1 c7 a4 44 aa 63 2f 58 2c 50 ea 4b 41 9b 02 0f 2c 2d 82 69 d7 7a e9 72 13"
1787300123638,42,19.3445454,52,NOMINAL,32,"1e 9f a3 9b b2 53 19 7b c2 19 1f 2e a9 9b a2 82 53 42 1e d6 b9 85 c5 4b 2f b1 cc fe 72 11 6f 6f"
1787300123638,42,20.4908466,51,NOMINAL,32,"1a de 27 6c 62 96 07 96 90 8e 05 c4 d8 bb d5 25 5b 98 3a 89 e3 66 c6 20 06 00 d0 61 9e 4e 3e ae"
1787300123638,42,21.3002167,50,NOMINAL,32,"8c d1 5c 6d 86 48 cb 33 b5 97 f1 8d a5 b1 f2 94 37 75 e4 96 01 65 58 8b ac 18 58 8e 88 16 c1 74"
1787300123638,42,24.3362293,49,NOMINAL,32,"e0 48 46 7e 39 51 8e 1e b2 a8 20 61 c3 dd 3f 89 20 4d 5b 3a 31 66 0b 59 1a 74 5d 30 b0 9c aa 7f"
1787300123638,42,19.3402042,48,NOMINAL,32,"b2 67 48 74 9b 61 6a 65 c9 07 79 65 0d e9 8c a1 fb 79 d9 5d 5d 4d 08 b6 ef d5 25 4c 30 3b fa bd"
1787300123638,42,21.6907177,47,NOMINAL,32,"4c b1 21 33 fa 29 a8 f6 0f 13 67 d9 13 a4 55 e8 15 cd dd 02 a4 48 8d 06 a4 bd c7 8d 02 21 72 e0"
1787300123638,42,20.3050079,46,NOMINAL,32,"01 3e 50 f1 d3 39 1d 96 ae 32 09 c1 b0 13 a7 80 c4 6a 38 76 6b 27 ca d3 f4 5a 13 51 b2 bb 92 99"
1787300123638,42,15.7293777,45,NOMINAL,32,"aa cc 5a 58 1f b2 4c f5 2b 44 eb 00 e5 d5 80 c2 0e a7 48 87 7e 04 0e 9e c6 7e 13 70 c9 92 1f 6e"
1787300123638,42,23.7628689,44,WARNING,32,"82 80 57 c6 0c d7 46 45 60 25 d9 82 f1 f5 7b 0a 8d 2b 02 c0 64 cf b5 c6 51 95 d5 6c bb 5e f3 90"
1787300123638,42,28.0647888,43,NOMINAL,32,"4e 85 62 64 a5 6e 2a 45 ec 67 2c f5 a8 e5 d9 36 fc 5c bd da 0f a2 ef ef 1b 87 3e 01 5e 29 23 cf"
1787300123638,42,19.3856144,42,NOMINAL,32,"3b f5 ac 07 eb 52 60 20 e8 c0 c6 25 64 03 9d 8f 39 65 47 60 e8 06 0d d5 53 6b c0 05 6a 57 7a 0e"
1787300123638,42,24.591671,41,NOMINAL,32,"4f 94 95 aa 77 0d c7 ac cf ba ef 27 f3 d9 1c 6d 93 17 c6 2a ec 62 02 75 b6 a1 31 c9 91 1d ba c3"
1787300123638,42,21.6644955,40,NOMINAL,32,"e0 5e e2 c6 dc f2 04 b0 07 5b 6a 08 0e b8 c9 f2 58 ed 38 b5 38 3f 1b 64 fd 14 73 73 81 6e 1b 97"
1787300123638,42,22.6381912,39,WARNING,32,"8b bd c9 95 b8 2f 33 33 ca 47 75 57 b0 a4 21 69 91 79 60 12 4c 05 b0 34 81 64 44 96 c3 c6 6d 53"
1787300123638,42,13.4160633,38,NOMINAL,32,"d6 24 03 81 19 c9 8c 68 60 5e 5f f2 1e b3 0a 4c 2b fa 35 43 42 57 75 05 c1 85 ef 66 26 56 d3 ac"
1787300123638,42,19.6959648,37,NOMINAL,32,"9d 7b d1 43 eb c6 2c 7d 60 c3 78 ce 6b 38 5d bf cc e3 13 87 c5 ba 88 f9 0f 04 29 70 80 62 8d 9f"
1787300123638,42,20.6908035,36,NOMINAL,32,"7f 75 dd 41 43 a3 69 a1 6b e1 a5 99 81 11 65 56 14 61 20 38 72 d3 da bf ef d9 73 0c 5a 13 c2 f9"
1787300123638,42,20.6084652,35,NOMINAL,32,"44 d6 36 14 b3 aa 7d c6 9f a6 7a 25 12 6e 12 c0 b1 06 ef d7 86 5d 2c d8 d7 8c f2 03 68 9c a4 f1"
1787300123638,42,18.1803627,34,NOMINAL,32,"d5 48 98 33 47 be a2 c6 4b cb fd 42 00 6a 83 e4 3a da b3 12 5b cd b3 51 55 5e ae 13 96 88 68 f3"
1787300123638,42,26.9935513,33,NOMINAL,32,"c7 6a 41 3c da 0c 91 04 a3 24 e0 9d d6 6e bd cd 94 38 79 e2 05 5d 11 bf cc ee dd 93 79 9f e3 f7"
1787300123638,42,23.7303238,32,NOMINAL,32,"6d 3d 6a 9d 5e b2 00 2a df de c9 08 c5 32 3f 5a a3 f8 fe 7c f4 ec 73 9c 38 f1 1b 9a 31 5e ff 13"
1787300123638,42,18.279562,31,NOMINAL,32,"62 af b7 cb f0 a3 79 c9 5d 53 f1 72 8a a5 e3 b9 1b 8d 4f 31 43 54 84 c4 12 c4 14 f9 a4 ba 7d b0"
1787300123638,42,20.1558056,30,NOMINAL,32,"9a eb 4d 80 04 c5 ce 63 47 81 ba 75 d9 73 98 c7 9e b9 9f b0 f7 82 f1 4f a8 ec 9d 73 e8 b8 49 38"
1787300123638,42,27.0445709,29,NOMINAL,32,"6a f0 db bc 60 94 0d 28 f3 de b0 17 68 45 ff 89 4c 6a 13 1a f9 91 27 5d da dd 86 2e e0 3b 24 a9"
1787300123638,42,26.1860104,28,NOMINAL,32,"f4 3d 46 32 b7 f8 a2 dc b5 98 d6 f9 a7 d5 6d 35 9a 69 7b 1f 0a 8e 46 b1 56 64 45 01 8b 45 43 0f"
1787300123638,42,25.850193,27,NOMINAL,32,"ba f4 1e bd fd 5a 0b 8c a8 c8 24 ec 5d 6f 94 28 c4 30 e7 31 a0 e7 3c 64 b7 5d be 78 63 84 4c 70"
1787300123638,42,28.1461334,26,NOMINAL,32,"74 97 14 66 ad 27 ec 1c 3b 46 11 af d6 e4 7d c7 e5 a5 d8 a4 54 a5 ef 70 07 17 09 19 b7 88 38 b3"
1787300123638,42,25.0860176,25,NOMINAL,32,"70 ac eb 7c 7b 1c d0 8f e7 23 51 cd 9a aa 11 69 af 46 a7 be 23 40 13 74 1c e9 5f d9 78 07 49 6d"
1787300123638,42,8.74228573,24,NOMINAL,32,"67 7c ae 13 e8 8a 4b 2f b0 70 3b 82 a4 88 28 3b a3 09 b3 ca 96 54 e5 b8 e3 15 87 e4 75 3a fd c5"
1787300123638,42,23.997076,23,NOMINAL,32,"6f 6d bb bf bb af f4 d1 f1 51 3c 4a 71 e4 c7 0b e6 26 27 fd 2c d0 3e 77 99 1e 58 9d 3c cf a2 12"
1787300123638,42,19.855444,22,NOMINAL,32,"84 32 20 24 b6 36 25 99 1c d3 fa 23 18 43 9f 75 36 a2 3a ec 88 3a f8 2e 14 7e ea 6b 6c ea c0 ec"
1787300123638,42,24.3088589,21,NOMINAL,32,"bf fb fc 8b a3 13 b8 ca 42 32 14 df 26 44 1f 10 5a c6 65 30 42 f1 e9 98 d3 f0 e1 9d 4d 4a ba 0a"
1787300123638,42,19.6960716,20,NOMINAL,32,"23 66 cc a6 b2 ad ea e9 c0 d5 97 1d 69 3b d0 75 1c 60 be 87 a9 3d 07 6d b0 27 e7 69 8d 8f 49 79"
1787300123638,42,18.9120197,19,NOMINAL,32,"fb d9 26 c7 2d aa da e8 4a 0d d6 6c 65 13 8f 1d c6 69 39 72 23 9f 83 90 86 25 c0 18 16 17 ad c1"
1787300123638,42,20.8317852,18,NOMINAL,32,"21 4c 10 97 59 8b eb 1c 3c 49 36 c1 f6 ea fa eb 9b b3 53 09 05 8c e7 b5 8f fb 39 cf 03 ca ce aa"
1787300123638,42,22.5549412,17,NOMINAL,32,"61 7d 3e 4d 5f 4b 5c 8c ba b3 b4 c6 a8 24 f0 7a 48 c5 bc 0e 9d b5 8b bb e5 df fb 02 9c c8 8d 18"
1787300123638,42,15.7560139,16,NOMINAL,32,"db 17 32 3c 73 8b 9d ad 6b c6 1f 29 d5 9c ad bc fb bc e5 0a 55 95 f6 99 74 54 f0 fe 65 1c 02 f8"
1787300123638,42,17.909668,15,NOMINAL,32,"77 57 1a 91 5b d7 62 4c 05 5a f8 38 7f 16 80 ef 70 4f 8c 45 ab 66 da 1b 6e 7c c5 7b 70 b7 d1 7c"
1787300123638,42,27.2526703,14,NOMINAL,32,"93 ef 5d ac 30 0c a6 84 16 f8 07 f8 2c d2 ad a5 cb fe 1f 5b a5 db d7 8f dc 06 fa a3 5b 33 d4 a9"
1787300123638,42,13.9490623,13,NOMINAL,32,"aa 5b 00 38 58 88 c6 46 a0 b6 cb 96 e8 4a 1c 04 47 b0 ae 58 62 bb 49 30 31 d2 df 5d 5f b8 ab 57"
1787300123638,42,25.2579155,12,NOMINAL,32,"e1 fe bd de 44 e9 3a c5 0b 05 f1 49 b7 3a 10 0e 0a 40 1c d2 5c 6c 93 26 bc 5f 68 b1 1e 5f 19 ce"
1787300123638,42,19.1462784,11,NOMINAL,32,"52 94 0a ef ba b0 5b bd 51 94 4d e3 d9 eb b8 c4 37 78 80 c8 ab fb e0 af fd 51 c6 ef 25 fe 6d 14"
1787300123638,42,17.22575,10,NOMINAL,32,"d9 05 eb d9 98 9b ac c0 f0 08 ee 53 af 51 69 36 b3 cb a7 91 53 cd 65 fb 30 74 f0 72 d6 23 62 b8"
1787300123638,42,21.404892,9,NOMINAL,32,"fc b8 a7 fd 14 f8 d6 87 39 61 d1 b1 0e 69 ed 8a 78 68 ac ad 80 eb 1c fc 0f 65 04 06 22 1b b8 17"
1787300123638,42,20.3402061,8,NOMINAL,32,"19 8f 8c ec 8b 17 87 71 e3 0b f8 98 cb c8 c9 18 12 ac 27 e8 ce 52 b1 32 f3 c7 59 3e b0 93 13 1d"
1787300123638,42,21.9392738,7,NOMINAL,32,"25 ab 8e 11 19 fb d8 7f cd 46 e4 45 07 45 f9 98 7b 7b 88 fd c0 66 f5 ec 21 38 a1 d2 7b dd 21 fa"
1787300123638,42,20.6358604,6,NOMINAL,32,"a8 3b 88 39 af e4 3f 45 84 e3 0d 1b ef 4a 14 8d 73 6b 20 a9 9c d1 52 6e 6c 9d 27 e6 f3 a5 9b 9c"
1787300123638,42,24.9955616,5,NOMINAL,32,"41 f0 86 86 be b6 8f 98 f9 4f da d4 82 28 23 22 f7 bb f4 82 e4 7f 73 c6 45 e5 0d 7b 3f 0f fa 87"
1787300123638,42,24.1916504,4,NOMINAL,32,"90 a9 86 83 5f 39 c1 95 8b c5 c4 f0 b4 bb d9 82 dc 49 f1 0d 54 11 a9 31 5d 1c 9f 48 11 bb 14 4b"
1787300123638,42,19.7139778,3,WARNING,32,"56 9d a6 85 4d c7 80 96 0f 5d 99 fa bd cc ba f5 ba f3 d1 17 a9 26 55 e1 96 9b 95 fd a4 89 7e 38"
1787300123638,42,23.4482746,2,NOMINAL,32,"43 e5 28 e8 41 29 8a 16 d3 69 14 df 7f 8d 14 b9 94 aa ba a9 ae 2b 9f f0 6b 73 26 b9 be d5 74 a6"
1787300123638,42,28.0844727,1,NOMINAL,32,"c5 b5 3e 6f 6e ec d3 19 50 35 90 a2 0a da d5 cd ef 99 50 b2 e9 09 85 51 93 77 6f 67 d1 38 95 2f"
1787300123638,42,19.4955921,0,NOMINAL,32,"78 11 73 7d 5f a8 98 c4 81 ba 86 d9 45 9c 15 1e ae 90 f8 67 de 3e c7 b7 95 70 fd 76 d3 58 f5 f5"
1787300123638,42,21.6277828,100,NOMINAL,32,"79 c1 a6 e8 a8 78 92 dd 3e 91 61 ae 79 45 c0 29 85 32 14 be 23 a5 73 9a 5e b3 bd 52 39 7a 7c ba"
1787300123638,42,17.9951115,99,NOMINAL,32,"5d 4e f2 5e ab 05 6c 00 ff 81 4d 61 bc bb d2 30 fd 54 82 b7 6a 6e f9 2d cc 60 d9 01 ef 43 6c b1"
1787300123638,42,24.1084881,98,NOMINAL,32,"2e 9f 88 cc cc 1e 08 42 3e 22 28 cb 20 9a 77 66 47 b4 bc 29 11 e5 56 d0 8e ca bd c3 38 99 80 96"
1787300123638,42,21.0238152,97,NOMINAL,32,"8f ae e8 40 82 74 e3 7d 73 b9 c0 2d 2a f5 39 4b 8b e2 2a 3c 9c 95 10 cc f7 b7 76 3d d5 d9 ac 4f"
1787300123638,42,14.2282715,96,NOMINAL,32,"74 34 9b e4 3f cb 5e 27 df e9 5f 79 db 6c 0c 6f 62 42 b1 11 6d d7 08 08 23 29 ed cb 04 32 fb 0d"
1787300123638,42,25.4088478,95,NOMINAL,32,"e5 a1 08 1c c4 2a a9 f6 a3 96 e9 0f 21 64 ba 26 e1 db 43 2b aa 9c 71 76 0d c2 ab 18 7b 4f ec c6"
1787300123638,42,20.1854801,94,NOMINAL,32,"c2 83 0d 43 23 e6 d2 3c f6 33 12 67 c4 4b 84 ca e4 31 28 86 21 8d b3 3c ce 9b ed 16 18 3e b9 93"
1787300123638,42,16.5128822,93,NOMINAL,32,"0b 03 39 6e 62 84 e2 bd 76 78 f0 b0 5a 8c 6d 33 3e 1a 6d 65 b3 82 db 50 f0 28 a6 03 ca ba f3 30"
1787300123638,42,21.7613583,92,NOMINAL,32,"40 b5 ea 74 5d 0a ba 4a d8 88 c2 85 12 e8 f3 09 0c ae 2b 10 07 75 1a 6a 10 43 7c 61 7f c8 f4 6a"
1787300123638,42,17.4999924,91,NOMINAL,32,"c7 d0 ef 28 96 51 97 35 7a 01 fb 18 c6 86 44 85 6a 4e ce 59 4a 6b 7c 2a a8 90 17 77 b0 81 62 2e"
1787300123638,42,27.3723545,90,NOMINAL,32,"1d a8 a0 3d 37 26 7d cc 9c 29 1d 3f e8 62 c3 73 87 43 76 df 19 c1 48 d5 2c 6f ad 18 b6 96 2e 85"
1787300123638,42,23.123558,89,NOMINAL,32,"d1 8c 90 2e 72 3e a1 45 9f e5 d8 d7 b9 25 85 8e ac 12 b2 5d 96 f2 5d b5 e2 93 0c 93 65 25 83 67"
1787300123638,42,29.8105259,88,NOMINAL,32,"96 33 5e ec b7 cd 74 c4 ab 95 60 6e 3d c6 94 ab 99 c3 e8 39 7c 61 ef f6 ba 4a 95 79 94 47 bb f8"
1787300123638,42,18.5485725,87,NOMINAL,32,"b2 c5 35 d2 34 ae 61 b5 14 4f 02 27 3f 33 3b 37 1d d8 b1 df 92 5c 1f ca dd 81 05 ba 3a 5b df 9a"
1787300123638,42,19.1798496,86,NOMINAL,32,"d8 6c 86 a0 3b c2 54 33 5e fe 38 28 89 01 1a 49 8a 90 7d 90 b5 21 68 1c 33 a5 76 71 04 80 32 dd"
1787300123638,42,24.0536842,85,NOMINAL,32,"b8 ff 52 93 b2 df 9a 9b 3e b0 85 ee c5 87 f2 8c 18 7d d2 6e dc 1a 6b 43 0b 65 c7 6c 5b 0f 4e e7"
1787300123638,42,28.2112408,84,NOMINAL,32,"1b 54 55 c8 14 09 a4 ce 52 2d 1b b8 8a b1 5a ad d8 a5 e9 dd 75 49 0a 51 e8 7d 68 da 5f ad 85 52"
1787300123638,42,31.1358223,83,NOMINAL,32,"f0 eb 8d 14 6e af 93 20 2c 14 ba e3 b0 8c 9a 9d 60 e2 dc a8 16 d1 88 8c 87 6c 87 c7 13 af da 61"
1787300123638,42,24.5370407,82,NOMINAL,32,"10 1a 77 9a f4 43 ef 9f bf fe 83 fc 31 cc 57 ca e2 bd f3 99 7d d5 24 03 0b 58 7d eb 67 06 6a 55"
1787300123638,42,22.0896072,81,NOMINAL,32,"f0 86 50 d9 41 64 3a a0 00 54 c5 66 67 33 5d e1 07 21 e5 92 3a 8b 63 0a 0d 1d f5 32 48 53 67 b6"
1787300123638,42,19.9105759,80,NOMINAL,32,"1e 48 31 8b a1 3e 8d 75 30 03 9b c1 c5 71 0d 4b 36 53 de 38 09 1e 99 f1 21 da 00 7d d3 f9 c7 ac"
1787300123638,42,22.0390453,79,NOMINAL,32,"72 1e 38 5c 90 1f 14 48 e7 62 03 12 97 17 dd 97 9b dc 2b db 8f 8a 80 6d 6d 38 6f 4c bc 19 aa 95"
1787300123638,42,21.7361717,78,CRITICAL,32,"76 4d ce e5 00 fb 64 00 fa 85 c9 50 bc 31 26 fe 34 67 97 fd 89 53 7c e5 53 27 ee 95 21 c7 46 be"
1787300123638,42,27.2761536,77,NOMINAL,32,"a3 60 7f cc 6b 5e b8 ed d6 64 37 da f8 f1 41 f8 e7 d4 a0 18 c2 4b ab c7 df 1c 27 7d a5 e9 04 e6"
1787300123638,42,23.1145172,76,NOMINAL,32,"e0 40 0b b2 ee b8 30 f3 cc 93 27 57 35 c6 d3 e9 7a ca 03 7f ce 88 fd e2 02 89 a0 9e 05 20 76 13"
1787300123638,42,18.318718,75,WARNING,32,"e8 5e 8c aa 91 20 cb af 5f cb dd 30 ad 3c 19 49 fc 07 9a fb cc 65 ef a9 cf 64 0a 2d 52 5d 76 61"
1787300123638,42,28.8908253,74,NOMINAL,32,"98 06 f0 4b 26 b8 19 eb d0 2f 2f 64 08 ff 07 0d 24 8f 3a 87 25 a9 4d b9 ed a4 2b da 27 25 f5 a0"
1787300123638,42,24.6768723,73,NOMINAL,32,"a4 12 68 a1 09 a9 84 e4 20 a4 49 db 69 a6 bc d8 dd 6a 5a 1f 9b 85 c6 7d 2f c2 3a 2a 22 69 55 cf"
1787300123638,42,27.9572868,72,NOMINAL,32,"a6 ee 39 5c 8f 6c 20 a5 fc 41 f3 e9 f7 f1 af a8 0c a6 80 34 dc c7 36 08 ca 0a 4f ef f4 2e ce 9b"
1787300123638,42,25.0445442,71,NOMINAL,32,"06 ce 3e 32 24 23 71 d7 e8 d6 3e 99 8e fc 15 8a c6 40 5d 76 d0 c7 2c 5b 19 79 c6 da 29 74 50 61"
1787300123638,42,17.7670956,70,NOMINAL,32,"d4 c6 1d 10 a3 15 9d 7c 3d 22 8b a8 90 f0 02 42 93 e9 cf 4a 51 45 a7 13 e9 bf f0 fe 51 b0 ee 84"
1787300123638,42,21.3855782,69,NOMINAL,32,"e2 71 0f e6 f5 13 da b2 5e 50 50 7e 30 c6 03 4c 25 63 5c 60 87 83 cb be 55 66 d4 cb 30 b5 30 7d"
1787300123638,42,20.0336189,68,NOMINAL,32,"e6 e1 e2 06 91 96 05 28 5a 05 7e 93 20 6b a9 e4 ca e0 3c ad 61 93 2a 98 f4 e2 f0 2b b9 bb ed 1e"
1787300123638,42,17.6756859,67,NOMINAL,32,"71 d1 7d 5a 3a 29 a9 f7 e9 21 ec 4a 36 e0 24 01 4a 40 57 3d 72 c4 3e c8 ff 5d 44 b3 be 62 f0 0a"
1787300123638,42,25.7855873,66,NOMINAL,32,"a3 d3 d3 d5 c5 d0 36 10 bf b2 31 a6 dc 09 77 d7 53 ac 3a ff 96 d6 48 67 23 d1 53 7f c2 bb 2e bc"
1787300123638,42,21.8552113,65,NOMINAL,32,"96 45 06 d0 5a 5e 7f c8 56 17 ca 50 c1 9c ca a4 c0 55 cb bc 23 c9 a0 27 5c 46 a9 7d a4 e9 84 7a"
1787300123638,42,20.455719,64,NOMINAL,32,"33 13 81 83 32 da 77 7e 3e 62 37 70 3b 61 ff ae f1 48 f1 22 2d be 2d 61 65 1f ca bb dc d8 a4 2a"
1787300123638,42,28.4346886,63,NOMINAL,32,"9c cb 3a e9 18 95 42 47 74 41 c2 73 e1 1f fe c1 7b 54 74 c4 a5 55 f4 ec 1c fd 0e 0b 14 0b ca 1f"
1787300123638,42,16.6700974,62,NOMINAL,32,"fa a4 35 c7 03 d8 da 11 9d 56 ae 3b 46 e8 a3 31 28 4c d9 05 02 c5 4c da bf 5b 1e af 50 1b 4c ea"
1787300123638,42,16.6538467,61,NOMINAL,32,"4b 7e 20 ca 55 a3 d6 e6 81 5b 69 bb c0 e3 3f 3b 16 35 66 2f 06 8f f6 61 af 2c c9 52 25 a9 1f 32"
1787300123638,42,15.3669701,60,NOMINAL,32,"85 20 f6 55 cf 1e d4 03 d1 a8 1a ab c3 3a 81 08 f8 b2 5f 21 85 e2 a8 d7 be ce ac b9 5c d2 42 a9"
1787300123638,42,23.6289845,59,NOMINAL,32,"5a 9f bc f3 61 04 70 06 23 e9 92 b3 ba 53 7f 05 c8 d5 4c e2 e9 c4 7d 16 d5 2a c9 93 ca fc 58 24"
1787300123638,42,20.5201855,58,NOMINAL,32,"e6 54 72 44 60 39 33 e6 dc 8e ce 28 aa d7 77 45 de b4 0c 16 ce 3d c1 d4 85 62 45 ed ab fa 0a f6"
1787300123638,42,24.718914,57,NOMINAL,32,"ed fe 9b f6 aa ce a0 b7 2d 32 1d 20 58 12 68 85 b8 df 44 6b e1 44 49 2b 3e 80 b3 17 55 e7 c4 a9"
1787300123638,42,23.9971962,56,NOMINAL,32,"1e b2 66 0e d2 05 66 91 75 4b 15 b7 c7 91 2a cd 54 47 92 48 e7 eb ed 76 62 3d 1f 9f e7 ed 4e ce"
1787300123638,42,21.4106674,55,NOMINAL,32,"09 19 99 85 4d 81 4a cc 4a 03 51 f9 9e 50 5a 39 da 2e 40 33 b3 30 07 96 dd c9 a6 79 94 6d 49 ce"
1787300123638,42,24.79179,54,NOMINAL,32,"92 91 a2 dc 77 6e f1 7e fa 09 af 11 53 fc f1 15 f2 ca a4 2b 01 f5 30 dd 8f 8e 4c b4 21 57 ce 68"
1787300123638,42,18.1333008,53,WARNING,32,"39 30 78 75 6f 1b e7 24 fe b0 0f 6f fb 8e 49 05 3e 56 76 f0 34 cf 4c 22 39 03 20 48 09 cf 10 c1"
1787300123638,42,30.3094006,52,NOMINAL,32,"1b 1e 1c b7 69 f7 81 f5 a2 a1 14 a3 cf 1f 11 3c 1d a0 03 9b fc a1 f2 50 03 35 65 8c 1b 23 cd be"
1787300123638,42,24.4942398,51,NOMINAL,32,"b8 19 2c 8e 5c fe 78 d6 e2 77 16 47 5c a3 b0 12 34 11 b3 f3 a0 6e 99 98 b9 9d 79 1a fc 4c 97 a9"
1787300123638,42,29.7486019,50,NOMINAL,32,"66 c4 fe 0b 8e 06 c6 66 02 90 01 34 f5 68 b3 81 23 45 be 4f 92 0b ae 11 60 05 77 c1 2f 02 68 d1"
1787300123638,42,22.0769386,49,NOMINAL,32,"41 f1 90 c2 4c 36 49 f5 0e 89 56 08 d0 57 84 2c fd 90 85 54 14 32 af fd f0 62 85 a4 dd c2 54 09"
1787300123638,42,15.5934086,48,NOMINAL,32,"1e 5a ae a5 12 0b 50 0f 81 41 e8 9e d0 39 7f 14 de 9f f4 08 f9 53 06 3f 5d 14 92 02 89 f6 7f bf"
1787300123638,42,15.2041779,47,NOMINAL,32,"d3 01 78 54 d4 87 63 66 38 ae 81 5f ba 2a 88 d1 9c 07 40 16 30 55 e8 25 5e 55 0a 7c 44 7a 68 c8"
1787300123638,42,21.2957497,46,NOMINAL,32,"12 67 20 b3 24 98 83 1b d8 a9 c8 51 90 f0 42 3b 69 56 4c 59 1d 70 07 37 0d 58 a4 05 7c 25 80 19"
1787300123638,42,22.8895454,45,WARNING,32,"ae fa a0 2e 2e 97 5a e1 25 78 fe 7e 44 22 a9 7f b7 e3 e7 6c 23 60 ba e9 31 57 aa 46 94 46 37 89"
1787300123638,42,29.2433529,44,NOMINAL,32,"d7 8d 58 8a 5a 4c 5e 21 c8 99 06 85 a7 23 de 7d 42 aa 12 75 88 72 27 f4 f8 5e 05 c7 58 a1 2c 00"
1787300123638,42,27.2031002,43,NOMINAL,32,"d8 cd ea 37 b6 ad f0 7f 15 29 7a 32 58 bb 6e 4c 12 79 64 7e 2c 93 b0 26 6b 46 04 74 e8 bc 2f 13"
1787300123638,42,25.8076153,42,NOMINAL,32,"17 6e d4 b7 ad 66 60 37 00 28 04 6b a6 8e 70 15 10 66 23 69 5f 96 bf b1 f1 47 ee 11 72 09 dc 75"
1787300123638,42,17.157608,41,NOMINAL,32,"ed ef af f7 6d 37 ec c5 b7 bf 6c 91 59 8c 2a 7d 15 cc af 5a 08 b0 1b b9 9c 26 36 e2 ee f4 2e a1"
1787300123638,42,33.3925629,40,NOMINAL,32,"71 ce 21 5a 9d 2a fa 4c a5 33 2e 0f 1e 88 7a d5 2a b0 b1 70 eb d3 b9 72 dd d3 7a 45 a5 90 81 17"
1787300123638,42,24.2038021,39,NOMINAL,32,"67 21 67 b4 45 7c c7 63 5c 2c 4a 1a a7 c9 ac 8f a2 da bd e7 ee c1 8c 19 66 e7 7a b7 07 f6 e4 d2"
1787300123638,42,18.7994156,38,NOMINAL,32,"5b b5 51 a6 1c 23 b7 07 e0 1e 08 8b e9 1f a1 44 70 55 67 f8 14 aa ee 20 75 23 73 6e 6c 33 32 1d"
1787300123638,42,24.7835503,37,WARNING,32,"4d 03 ce ef a9 d8 e0 e1 eb ec 49 73 60 9a ad ca 83 97 59 20 73 65 05 56 1d 67 44 45 cb a5 ec 12"
1787300123638,42,20.1698551,36,NOMINAL,32,"64 7a 02 6e 80 30 50 96 cc 59 25 0a 8b e7 82 96 af b3 45 e6 21 a1 b1 91 4c 43 ca e7 c4 b4 d7 0d"
1787300123638,42,24.4022903,35,NOMINAL,32,"a7 d8 7c 3d be 80 c4 92 42 ef 3b 92 9b d5 a3 83 4f 1a 13 1d 6d 21 42 3f 25 c9 97 25 84 b6 4e 8b"
1787300123638,42,26.6364288,34,NOMINAL,32,"96 0a 8f 11 dd 4d 42 49 8e 0e d9 51 a9 78 03 dd 7f 53 23 b1 37 08 b0 81 38 2c 76 d6 04 97 3c 1e"
1787300123638,42,16.0410557,33,NOMINAL,32,"0e f0 4b eb 81 c9 55 25 14 28 7f 25 60 66 cc 8d 80 74 68 30 85 f9 c4 0d e8 ae b2 54 6a b3 8d e5"
1787300123638,42,18.6230698,32,NOMINAL,32,"85 96 90 5e cd d1 13 2a 8b 1d 0e ba 4f 93 92 a1 13 06 9f f9 45 f3 f5 60 bb 25 04 f9 bb f7 d5 60"
1787300123638,42,15.1894703,31,NOMINAL,32,"07 22 60 ca 85 a1 da 92 17 b1 6c cc 14 3b a1 98 74 64 8f 70 9c 1d e9 ab aa 5e 28 1c e0 ed 05 4a"
1787300123638,42,28.6994362,30,NOMINAL,32,"10 e3 7a c3 c9 39 2e ad f6 8d 6c 1d bd 07 a3 e5 71 78 e5 5c 29 71 1f bd cc c3 1e f5 31 fd f8 03"
1787300123638,42,21.1486969,29,NOMINAL,32,"94 6a 72 2b 81 41 97 84 af 36 b7 ed 62 ed 39 51 9a 64 c8 b9 b2 13 d5 c2 71 5c ae 8b 47 88 a9 85"
1787300123638,42,20.4914532,28,NOMINAL,32,"57 da 23 b1 84 24 ad 1d 86 f1 9b 7f 33 46 38 13 9c 82 27 a3 d7 49 0a 47 5d a1 77 23 0d d2 83 88"
1787300123638,42,25.1762104,27,NOMINAL,32,"55 1b 47 6b 08 67 34 53 d7 61 4a 54 f3 28 cb de da af 70 df 0d b9 9e 7f 7c a3 c6 4c 0f 97 5c ce"
1787300123638,42,16.1101532,26,NOMINAL,32,"71 84 e0 f7 f8 2e e4 09 fe d4 d5 ef 09 88 1d ea a2 67 27 3c 3f 61 d3 9e 80 00 a1 c9 99 3c 3a 07"
1787300123638,42,29.1388588,25,NOMINAL,32,"12 d6 05 1a 28 72 3a ac 3d bb 36 7c 3d ba 94 93 0a c3 98 fd 2e 9e 48 ab be 59 8c e4 e5 ff 66 d5"
1787300123638,42,18.5770264,24,NOMINAL,32,"37 8d 81 49 ad 0e 76 c5 73 f7 31 e1 74 18 3c a5 10 3a b6 c6 14 fe 45 c6 c7 01 71 fd 15 55 ba f4"
1787300123638,42,16.3877335,23,NOMINAL,32,"55 86 fb 44 4f 25 14 13 e1 e7 f6 f0 c4 a1 c9 89 73 f1 1b 0b ce ae c7 cf 97 5e 15 3e 28 57 e6 c9"
1787300123638,42,26.5681553,22,NOMINAL,32,"e1 e5 c9 8e 88 b8 ff dc 5c 78 6d 91 8f 7f 9f c9 1e dd 29 9f 0b 56 cf e8 46 25 72 a9 91 8a f6 90"
1787300123638,42,21.0705318,21,NOMINAL,32,"b9 53 a2 db 68 0f 26 94 80 8d 86 03 3b 5c cb 95 17 cb f9 df 68 6f ce bf 75 29 ed 7e 1a 1f 73 eb"
1787300123638,42,17.558197,20,NOMINAL,32,"86 d0 21 77 d7 89 43 1b 82 fd 32 3e 26 fb d2 c5 5f c4 55 af af 00 a7 e4 29 d8 41 4b 15 fb 50 1d"
1787300123638,42,25.9405594,19,NOMINAL,32,"37 e9 64 9a 9b c1 93 aa bd 00 e4 26 84 48 8c cc 12 d3 ff d4 94 61 db 95 1d 8a f0 eb 75 2c 1d 56"
1787300123638,42,22.6860962,18,NOMINAL,32,"79 a9 11 f2 f5 5f ff 61 a5 be 97 05 28 dd 9a 0a 1b 9e c5 fd 23 f6 3f 73 e5 93 af 7a e9 0b d4 6d"
1787300123638,42,19.3086243,17,NOMINAL,32,"be 0a 72 34 69 97 22 f0 50 75 3a 52 7e b6 cc 03 9b d4 18 41 ca 40 fb 13 28 72 d9 b9 14 3b cc 5c"
1787300123638,42,20.7097931,16,NOMINAL,32,"c3 01 e6 d6 ee d1 b7 cb a1 d8 c1 65 d7 d0 5d 27 65 4c 82 ec 7b 40 8d 74 40 12 28 bf ba a5 47 02"
1787300123638,42,19.8481789,15,NOMINAL,32,"45 20 2a e5 ad 7b 3a ca 6c 2b 29 7a 3a 9f 2d 90 17 e0 6f 53 13 0b 34 01 27 17 7b d1 f4 c6 19 7c"
1787300123638,42,16.172905,14,NOMINAL,32,"fe 46 51 6a ee ff 1b d0 79 1d d6 e7 2e b8 2a 8e 71 24 b1 e3 d8 0e 77 2d 53 62 5d d7 3f 02 6f 42"
1787300123638,42,30.2942505,13,NOMINAL,32,"5c 57 4b 1b f2 56 56 90 f8 3e 9b c7 0c da 7b bf 76 65 e1 3c 7c ae b3 e9 5e bf 49 cc 1b 67 ec d5"
1787300123638,42,19.4140911,12,NOMINAL,32,"11 08 fe 59 28 21 df 89 a8 41 fc 3b 00 b3 80 c6 f8 5c 2c e4 42 ae 9f 93 09 27 92 56 3f 2a 86 69"
1787300123638,42,18.5762539,11,NOMINAL,32,"d8 2e 6f 50 24 8e ae d0 8a e0 0f de f4 bd 96 40 ac 5c 38 7a 60 9c 1a 15 1d 3b 20 16 7e 48 1b 04"
1787300123638,42,31.118824,10,NOMINAL,32,"98 d8 18 1b fa 5f d9 c5 11 49 2b 0a 60 4a 7a d6 97 81 d0 0b 5c a2 c4 33 66 d0 fe e1 0f 90 b5 f9"
1787300123638,42,19.1228065,9,WARNING,32,"cd 12 a1 89 14 ed 38 50 a5 68 32 50 eb b0 05 5f af 45 dc 6c 49 28 5e 62 7b 9a b2 a7 6e 5f c6 32"
1787300123638,42,25.1582184,8,NOMINAL,32,"6d ec e3 97 cd f9 1d 8b 64 6d 76 c4 ff db b1 7f 7d 9c c5 86 58 1e 1b 39 34 c6 8f 86 79 2a 22 0b"
1787300123638,42,23.8516693,7,NOMINAL,32,"68 17 5a 59 33 e7 90 40 f6 48 5a 74 ee ee e8 0b 8f 18 5b 1e 0d f2 63 fd 00 86 fc ef 6e b7 32 1f"
1787300123638,42,29.9049568,6,NOMINAL,32,"29 ad 6d c2 c0 39 73 29 59 01 71 95 66 f3 db 08 5e e8 ce 2b 02 66 d8 e1 d8 f4 a3 cf f0 c4 78 47"
1787300123638,42,19.5715046,5,NOMINAL,32,"18 50 c3 79 0d 02 92 1c 23 c6 00 76 66 20 52 0c 76 95 32 ff 42 3c e5 e4 3f 87 80 e9 0f e9 ed f2"
1787300123638,42,23.8659096,4,NOMINAL,32,"92 81 eb df f6 3b 76 30 3b 8d b0 68 d3 86 e6 c3 b4 dd 47 3a 6b d2 2f 0b 8b ae f6 75 3b a1 64 fe"
1787300123638,42,25.4451275,3,NOMINAL,32,"b7 bd dd 8d 46 6b bf 3a 3a da ec 8d 88 74 31 3d 65 d5 28 64 66 47 9f 8b 35 ea 0b 86 ea f1 39 df"
1787300123638,42,18.1429405,2,NOMINAL,32,"1e f8 f8 02 58 22 47 39 a2 96 5e 92 c3 ce 4f 63 df 79 83 cd f0 98 59 b8 17 d0 90 c9 c5 02 18 80"
1787300123638,42,21.9731197,1,NOMINAL,32,"ab 1f 88 1d 3a 3e 8d b5 1a 15 44 f9 a6 7a 3a 48 90 ff 51 84 35 cb 2f bb d7 87 c9 30 f2 e2 dd a2"
1787300123638,42,21.161747,0,NOMINAL,32,"c1 a3 10 e0 82 87 4a 6e 65 04 96 7c c3 47 78 d8 6a 1a 12 d6 39 1d 3d d6 56 60 a3 e7 f7 eb 07 b0"
1787300123638,42,22.923027,100,NOMINAL,32,"f3 c8 f0 bd 37 98 fb 39 a8 82 e4 07 f6 9e 26 10 68 33 5a ba e1 39 36 78 4a b0 c0 5b 9f 5e 8d bf"
1787300123638,42,29.5469627,99,NOMINAL,32,"86 3e 43 c7 47 44 dd 2f 5c f3 7a 8a 3f a0 7f 16 9c a9 bd f2 90 3d 6d 7c c0 89 bb 13 e4 45 05 6c"
1787300123638,42,23.255888,98,NOMINAL,32,"2a 93 08 87 be 38 3f 06 87 7f cc d1 94 44 45 f0 09 84 f2 49 41 db 24 3d c2 c1 4e 45 5a 2a 1a d2"
1787300123638,42,23.8103428,97,NOMINAL,32,"6d cc af 25 2d b3 5a 88 6d 29 f5 6a dd c7 c0 7b 94 e0 88 bf 26 0c 4a c1 c3 23 4e 74 07 8e 06 91"
1787300123638,42,25.4476051,96,NOMINAL,32,"92 ef c6 f8 e5 db 4b 1e 20 79 04 b9 28 a7 e3 2c 53 76 45 09 4e 46 39 f9 b9 67 f6 7d fa 4c 0a 17"
1787300123638,42,16.3532925,95,NOMINAL,32,"d0 17 b8 62 42 e6 d1 8a 3d e9 18 ac c6 6b 23 88 ba f5 ef a4 b9 6c d3 92 0b 05 2b 8f 82 a9 89 c2"
1787300123638,42,22.6628551,94,NOMINAL,32,"b0 42 ed a2 0a 20 29 c5 2b 0d 6c 4d e4 1f a7 7c 1b 45 e4 ef aa 78 71 5d cd cc 63 7f 9e 49 7a 0f"
1787300123638,42,18.9384346,93,WARNING,32,"04 eb 40 90 f4 a7 41 06 3d fb 1b 0a e2 8c 1c 59 de ab 85 09 a2 42 1f 51 0c 86 bf 8f 7f 0e 6d ed"
1787300123638,42,21.7504463,92,NOMINAL,32,"a0 c8 19 5b c3 3e dc cf 8e f9 65 08 b0 3e b7 15 51 47 e1 6b 10 d1 6b 48 f8 bb 58 89 cf a1 f2 93"
1787300123638,42,25.8701477,91,NOMINAL,32,"ec 14 f1 4a aa 5d 06 de 92 48 2f 75 f3 46 25 51 d9 16 12 9f a0 6e 16 2e 45 49 d3 4c 0d 6e d4 11"
1787300123638,42,23.2283764,90,NOMINAL,32,"47 8b 52 10 5e 5a 8e b3 c8 07 48 5d 08 f4 b9 6c 91 e2 6f e2 5b 9c 4f bd 26 8f 22 69 fe 10 c1 4a"
1787300123638,42,19.2716942,89,NOMINAL,32,"5a cb 0e 1c 32 20 d1 f1 80 39 7d 19 fa d1 d4 fc 7d 1b 61 8d 71 f1 28 f6 6f d1 31 c0 fa bd 8e 30"
1787300123638,42,22.6534328,88,NOMINAL,32,"ea b5 a4 12 b4 b8 29 12 60 cd b4 9b 8f 5d 97 2b 2d 0c 6f 1d 4d 26 92 22 96 a2 f2 74 a8 6d a0 c8"
1787300123638,42,21.4121284,87,NOMINAL,32,"db 87 0a 18 7a ce a2 8d c3 b9 64 b4 1a f1 b2 5e 55 8b b2 27 2a af a5 cb 7c ab c7 70 8c 64 74 9a"
1787300123638,42,22.0281773,86,NOMINAL,32,"a6 8d 99 5d 3e 40 9a ff 13 24 cb 7c b6 16 88 06 9d f1 1f a8 d8 86 81 49 8a d3 1d 7c 62 c0 7f f0"
1787300123638,42,26.2547646,85,NOMINAL,32,"a1 ad 96 a6 cd b2 0b cc fa bb 7c 98 b9 99 7e 33 12 d7 5c 34 8e 98 96 1d ae ba 74 c9 e8 2c 8b ef"
1787300123638,42,24.3694916,84,NOMINAL,32,"20 b4 c1 70 fe 16 0d 75 8c 67 8a e5 34 84 ee 51 9a 78 3c b4 7a 00 5d 5d 18 a8 63 f2 ad 4a d4 f2"
1787300123638,42,11.9081402,83,NOMINAL,32,"98 a6 b4 8e 06 e4 01 cb df 67 5a b7 ea 82 7e fe f1 48 be a8 f7 1d 0c 42 89 c2 29 b7 b7 4a f1 97"
1787300123638,42,15.2907104,82,NOMINAL,32,"d6 c9 0e 0a fa 87 7a 3a 69 0f d9 6f 20 bf 90 26 6b 20 8a 8d a4 79 13 49 ca ad 2a fe 76 87 23 c2"
1787300123638,42,15.6578808,81,NOMINAL,32,"8f aa 21 6e ae cd cd ce 85 cf 90 b1 c5 f2 d1 08 95 c9 1b 6b 97 7c fd 05 5a 95 f0 4c 90 04 7d b7"
1787300123638,42,24.9822979,80,NOMINAL,32,"d4 f3 f4 cf bb 04 99 13 c1 92 95 9c 3e ae 44 b8 59 c3 ae 20 51 a4 8c 49 f2 f0 b9 2d 93 46 4f d0"
1787300123638,42,17.173008,79,NOMINAL,32,"81 fa 74 ab 4f e0 0f e7 fd f1 41 27 20 87 3e c4 7a 00 10 44 d6 6d e0 05 6f 37 61 0c 70 84 6a 65"
1787300123638,42,20.8215446,78,NOMINAL,32,"de 29 02 13 a1 46 01 6a 0b f4 ab a8 94 41 cb 10 1b 83 ee 22 4e 40 65 2d 93 e8 ab 09 59 e6 59 1d"
1787300123638,42,22.1884041,77,NOMINAL,32,"d4 9a c4 d6 8f a5 07 59 b6 61 39 b5 a5 fa f1 93 d6 91 0f 0e f2 fa 2f d9 4f 23 03 5b 26 f6 b7 25"
1787300123638,42,15.1896658,76,NOMINAL,32,"a3 be 4b b8 23 67 c2 eb 43 bc d9 18 5d 0c 16 4b 66 98 13 c0 b8 ca fd ce 44 4c e4 cd 3d 4e e5 39"
1787300123638,42,26.2186699,75,NOMINAL,32,"d0 37 1b 5d 34 42 99 3f e8 6e 8e 30 ae 1d ed 96 e8 74 64 cd 01 fc d6 dd be 87 0d 20 63 6f 95 4e"
1787300123638,42,20.025404,74,NOMINAL,32,"3f 7e fd 7f 2e 55 46 b4 cb 93 aa e5 1f 3b 5b 86 54 43 a9 6e 56 75 ad 82 53 c4 d0 a0 81 25 90 b6"
1787300123638,42,14.2420635,73,WARNING,32,"b2 2d 6b c7 87 97 4b ed ee d8 49 89 4a 1d 1b a6 f9 a4 03 af ef 96 c4 e4 35 f4 21 4d 43 a5 aa 6e"
1787300123638,42,21.4328518,72,NOMINAL,32,"fa de ba 4d 96 f3 63 44 1e 32 9b 06 00 8b fd 4b 23 8d 6f 13 2b 76 3b 57 e3 90 1e 5e 3e 5b 01 4c"
1787300123638,42,25.9455357,71,CRITICAL,32,"94 19 98 bc 65 11 18 74 38 0d 86 88 d7 b9 12 01 03 80 4b d6 cb f3 a6 9b 8c fa e1 73 62 b4 f0 0b"
1787300123638,42,25.7975311,70,NOMINAL,32,"b3 7a 73 fd 89 e3 fb d3 9a bf 84 71 c7 db 32 2a aa ad cd 30 63 c4 3c 9e 10 44 02 6f da 02 2a 0f"
1787300123638,42,22.6359234,69,NOMINAL,32,"f4 63 64 7b 84 4f 69 2a ca 17 2a 3e d3 db 08 04 b3 d4 18 23 fc 12 62 71 5d 47 0c 62 59 9e 21 56"
1787300123638,42,25.6706867,68,NOMINAL,32,"f2 09 6c 58 3f ae d3 fc 42 27 04 68 a3 c8 4f 36 7f 22 e7 fb a8 08 cb 68 bd 09 28 db b8 5e ab ca"
1787300123638,42,25.7929821,67,NOMINAL,32,"18 b6 8c 99 fb 7b d5 e5 50 37 c9 dd 12 e9 0e aa bc 12 fa 95 87 9d cf ae 58 29 a4 6e 9c e9 cc d8"
1787300123638,42,22.5659904,66,WARNING,32,"c8 3a c3 41 2c 35 e2 1e ad 32 14 b4 8f 79 0b d7 c0 7b 56 2f 40 5f c5 cf 97 49 8b 48 a8 1e b3 9a"
1787300123638,42,25.6063328,65,NOMINAL,32,"c0 c4 6c 4f 3a a7 1e 6f b2 4d 1d ff 62 83 67 8c 39 1c f2 c6 f5 20 b8 70 d8 a3 cb ed 85 57 63 99"
1787300123638,42,16.9106655,64,NOMINAL,32,"74 2b ce 27 7c e9 ae 23 c2 41 e6 ca ce cf a0 4c 00 93 1f ca 18 1a c1 c7 a3 86 1c a7 ac 2b 6c da"
1787300123638,42,25.9432945,63,NOMINAL,32,"e7 4b 91 9e 5e b7 5f 89 ab 51 87 c9 82 8d 1c 54 81 e1 50 31 ca a7 73 4a c7 d3 64 fe 87 45 61 2c"
1787300123638,42,25.9819241,62,NOMINAL,32,"1c 8b 73 9b a9 a9 97 45 7a 06 c3 45 1c a9 2c 86 92 c4 5a b6 f1 0d 0d 27 9f 56 3d c4 4b f8 e2 02"
1787300123638,42,19.1653442,61,NOMINAL,32,"e6 7c ab 4b 06 d4 21 e5 3e 54 c9 31 24 12 a1 c9 e9 86 b5 0a 7f e9 3b 42 28 d9 38 c5 90 9b 4d 39"
1787300123638,42,14.240531,60,NOMINAL,32,"63 b2 a9 5f e1 0c fb c5 a0 da ce 2e c2 de be 1f 27 0b 7d d0 19 b3 b9 49 0a ad b1 90 44 ad 3d af"
1787300123638,42,16.8449669,59,NOMINAL,32,"fe ce da 2f 79 e9 c0 33 c7 df e1 44 f2 04 33 12 b4 b5 91 22 df f9 15 01 36 f4 4a 0f 54 1b 4e 1d"
1787300123638,42,29.8153343,58,CRITICAL,32,"7a 77 2c 82 f1 33 4f 54 78 cb 98 d3 ed 83 b8 a5 3f ef 95 a7 2d 2a 6b 95 56 13 ab a8 7c 34 c3 34"
1787300123638,42,20.1601524,57,NOMINAL,32,"ba fc 05 64 26 7c ce 09 ad 40 47 7e dd 19 2c e9 8e a9 82 80 85 a7 b8 1a 23 f5 46 5e 4f bd 3f a1"
1787300123638,42,18.2027397,56,NOMINAL,32,"2a 8e 6e 86 94 bf e5 68 fb 76 b0 76 4d f9 7b e2 99 f9 ec 34 a3 79 e4 86 61 62 b5 3b 1a 71 a1 8a"
1787300123638,42,25.9187946,55,NOMINAL,32,"ba 54 69 ed 52 5f 2c 5c 20 66 5e cd 98 71 ac dd 3b 09 96 4d 27 6b 3a b1 70 7a ef f8 89 18 e9 f6"
1787300123638,42,19.3169289,54,NOMINAL,32,"66 5d 49 ba 95 f5 58 38 ad 02 5d 61 cc 09 0c f7 fb 25 2c 15 b0 7e 42 f1 70 d0 5f 75 0f 4a 62 9d"
1787300123638,42,19.5492973,53,NOMINAL,32,"9f 3c d9 cc b4 d7 cd 2d a2 1c 95 1f fe e8 f4 7a 6a 2a a8 fc c5 24 a4 4a f8 9b 92 4c fe 1c f6 bc"
1787300123638,42,19.096426,52,WARNING,32,"34 eb e4 c3 1a e5 3d d6 2f 53 67 40 32 25 93 ce c1 15 ab 56 a3 b0 18 7b 54 dc 43 08 1e 33 1b 17"
1787300123638,42,22.5827808,51,NOMINAL,32,"1b 52 8d bb bb 01 d6 74 42 a8 2d 29 b6 fa 1e 54 7c e1 c0 e3 4a 7f b1 26 aa 03 9b ff 5a 83 90 00"
1787300123638,42,26.1371822,50,CRITICAL,32,"06 ae d0 25 65 6e b7 f1 01 72 21 5e 4e c1 bc 7e f1 68 86 48 ad 9d 16 50 17 03 fb 6b 90 6e 67 63"
1787300123638,42,23.5004005,49,NOMINAL,32,"b7 3d fd 72 63 c5 f6 f1 d4 40 2c d2 a8 7d ea 59 a7 8d 69 71 c8 8b 9c cc e2 bb 96 cb 32 31 08 64"
1787300123638,42,26.9732494,48,NOMINAL,32,"a7 ee b7 b5 ae e4 db 32 d2 cd 32 56 ab 99 04 e9 21 b6 3a da 01 00 02 3d 6b 96 3e 82 47 c4 4e 47"
1787300123638,42,27.5864944,47,NOMINAL,32,"9e 4d a9 d0 70 5f 5a a6 31 5e 86 6c 37 ca 6d b8 12 d7 af 13 d1 8a 30 79 a3 f6 1b d6 4e 44 65 71"
1787300123638,42,31.1999359,46,NOMINAL,32,"eb 17 bf 90 48 ad 98 64 ed 1d 0c 81 02 ad 8d 3e 08 15 fe fb 04 6d e2 fe b2 06 b3 63 3b 8f 1c 11"
1787300123638,42,19.9964371,45,NOMINAL,32,"35 e9 a0 af 8d 2f fd 8a 72 29 c3 86 b6 b6 53 80 18 2b 5f 78 4c b2 ad 49 70 11 c2 5c d8 06 ba f2"
1787300123638,42,22.3271084,44,NOMINAL,32,"10 4b c8 b9 37 ee f7 ec 01 ef 16 34 39 58 0c 5e da bc 18 7c 7d 30 96 68 23 47 f8 de 72 51 a0 2e"
1787300123638,42,29.6227455,43,NOMINAL,32,"58 37 f4 cc 3a c4 b5 0b 05 5c 00 fd 89 4c ae d0 9c fc c4 7f 5b 15 66 a7 e4 b9 39 36 6f 52 cc d2"
1787300123638,42,18.526762,42,WARNING,32,"71 08 42 5e 63 79 ef fe 2b 8d 26 d6 8b da 0c 9a a6 9d dc af b0 e4 2f f9 93 dd 86 c4 9a cb a6 4d"
1787300123638,42,24.6516953,41,NOMINAL,32,"d9 38 73 b3 a5 fe 83 4b c8 80 f4 79 a2 1e da 45 66 ba 80 54 2c b7 89 4e f9 9c 71 8e 33 9e 37 5b"
1787300123638,42,21.8870144,40,NOMINAL,32,"5c 4e a9 e6 06 f3 2e 29 1f f9 11 71 72 fb 6c b2 5c 40 80 3f 44 f3 9f 23 5e ae 38 17 f1 ba 81 f0"
1787300123638,42,27.1361771,39,NOMINAL,32,"d3 0d 22 5b 1d 16 b4 b9 f4 b9 6d 30 49 d5 f3 4c 3f 01 eb 3f 72 c1 0a 94 b4 e8 5c 82 17 1f ab 53"
1787300123638,42,18.1591015,38,NOMINAL,32,"5a 76 68 16 6d 0c 67 00 18 e1 c5 06 cb ac f8 aa c3 60 40 46 4a aa f5 25 3f a1 dc 03 f0 c5 fe c3"
1787300123638,42,26.6230106,37,NOMINAL,32,"37 4f 41 2e 0d 00 fe 32 91 71 db 21 69 38 80 28 f1 83 6d ab d9 51 6e b2 6e e8 69 39 6f f2 f1 db"
1787300123638,42,25.4275112,36,NOMINAL,32,"9f 91 ea a8 0f ac 32 4a 41 2b bb bd d8 46 51 76 49 e0 71 87 0f c0 3a 01 f8 ca 90 8a c1 af 0d 38"
1787300123638,42,22.2472305,35,WARNING,32,"eb d1 29 a9 15 13 fd c7 8e 69 01 26 a4 34 64 1e 2a a6 7c 6a 5d 50 e6 26 7c 65 99 82 b8 fa af 53"
1787300123638,42,21.8824615,34,NOMINAL,32,"63 3c a0 10 77 8e 39 4d 57 62 77 62 28 96 35 d0 65 a3 f1 62 c2 5b 39 73 6e d5 6f a1 8b 7a 5b 50"
1787300123638,42,24.6570816,33,NOMINAL,32,"88 9b f8 84 12 77 2b c8 97 aa f8 9d a2 7d 1a 7f 47 51 fe 0c bd 62 87 3d 7e 37 fd 14 fd 6c 53 c3"
1787300123638,42,19.3251781,32,NOMINAL,32,"85 53 39 8d f6 34 1a 73 91 c3 ef 14 2d 5f 35 df 41 ab ef db b9 e4 96 48 c9 3e 17 d4 5f 3a 0d 9f"
1787300123638,42,25.0796032,31,NOMINAL,32,"9a da 04 b2 44 28 24 23 d6 bf 02 e2 47 78 cb 4d 40 eb b0 89 ba 31 b8 2b 6a 96 99 0e 67 48 e4 d3"
1787300123638,42,24.1678143,30,NOMINAL,32,"72 10 af 30 fc 2e 92 a0 c8 70 ee 67 59 64 89 8b 7c 8c 5e 04 2e e3 03 1b e1 c5 6d fa e6 eb a0 46"
1787300123638,42,20.3295918,29,NOMINAL,32,"d3 b9 62 52 e3 4a 7e 27 b3 cf 69 b3 26 42 c7 ee e7 73 e4 ec 88 97 f5 d8 55 8c 4d a1 b1 c9 a7 ed"
1787300123638,42,27.743351,28,WARNING,32,"57 7f ab b8 2f 44 18 32 53 64 8b e7 fc de c9 44 ca f3 ba 78 d4 37 79 8c eb 00 92 08 17 15 98 96"
1787300123638,42,22.3760452,27,NOMINAL,32,"b0 d5 2d 21 34 7a 7a b0 86 45 6d 45 c3 bc 93 5c e5 de 7d 02 b6 78 4c b3 31 37 d9 18 70 dc c8 89"
1787300123638,42,24.608984,26,NOMINAL,32,"e5 06 6b b1 5b 81 50 f3 f5 71 df 96 fb c0 cc 7d 6d 5c 07 ef b2 f2 c6 7d c3 14 03 97 4c 4f b3 f2"
1787300123638,42,23.0886841,25,NOMINAL,32,"0c de 52 9c fc 60 59 cc 10 0d 79 b4 6f db 03 07 40 b6 2f e0 49 e0 c6 0d de c4 bd 15 20 0c 56 4d"
1787300123638,42,29.2112045,24,NOMINAL,32,"10 e7 a9 e6 8f a2 e9 21 b0 0b 44 54 35 67 49 ea df ec 47 9c 0e 2b 11 45 3f e9 44 e3 11 ad 9b ac"
1787300123638,42,27.2391472,23,NOMINAL,32,"79 e8 b2 77 6f de 5f 98 e2 73 1a 71 c7 a8 80 d5 28 c7 57 42 5b 56 5a d5 62 78 2c 2b 6f bc 9d 41"
1787300123638,42,23.2060604,22,NOMINAL,32,"5c ae 57 c5 9b da bd 4b 90 9f 6c 82 d2 ae f2 59 8e 14 3c ca 25 b2 7f 57 d8 9e 9d a7 41 6f c4 5f"
1787300123638,42,21.3184948,21,NOMINAL,32,"90 60 e3 14 4a 8e 0e 27 c2 17 15 1a ca e4 1b 66 29 ab 0e 2b 4c 71 66 34 18 f6 45 c1 08 79 bc 83"
1787300123638,42,17.027401,20,NOMINAL,32,"fa e3 6c ad 18 f1 8f ab a0 68 2a f2 4a 33 3d d9 af 3c 7f 05 d0 50 24 ad fb 8d b2 f4 e1 e0 20 f4"
1787300123638,42,24.2279587,19,NOMINAL,32,"2a ef db 57 59 52 5a e5 85 fe 89 75 3a 87 cc ec 11 5d bb 09 1d 71 09 3b e1 46 7b d6 74 2b 34 22"
1787300123638,42,23.241972,18,WARNING,32,"1f a8 c8 a6 d6 d1 b4 65 10 12 4f fb 3f 1e 56 a9 8d 08 e5 70 26 9c c5 53 3e 54 8b 18 42 07 e2 05"
1787300123638,42,23.6766796,17,CRITICAL,32,"47 bb 5b 9d 76 6f 24 ce c3 2c 60 36 22 eb 74 fa ba c6 5c 30 fe ae 15 a2 6c 5a 7b fe 9d ee 1e 0c"
1787300123638,42,24.5075531,16,NOMINAL,32,"21 59 ba 51 bf a7 b8 2a f6 15 55 80 bd 8a ed da 1e 08 29 ba 6f f0 ff 55 61 91 d4 fc 93 1d bc 9f"
1787300123638,42,27.3734303,15,NOMINAL,32,"28 26 f9 ca 99 15 cf f2 c1 bd 3d aa cd ba 0c 07 3b b4 9a d9 fe 9d 91 66 dd cd 0d ed 62 b5 bf 4a"
1787300123638,42,26.0992985,14,WARNING,32,"b5 41 19 ad fa d9 5c 9d e1 6e 1f fc 88 57 24 ba e4 ec 43 bc 72 7b c5 f7 3d 2b 2a 71 22 63 02 50"
1787300123638,42,20.9836998,13,NOMINAL,32,"b0 b6 e3 4b 7f 46 ac c0 3b b4 12 6c 1e 7f f7 0d 38 2c 3b 01 6d 7d f1 46 7a 68 97 fd fc 0b 95 10"
1787300123638,42,22.0218487,12,SAFE_MODE,32,"52 d1 e2 f0 85 97 17 d0 cb 69 05 c5 48 5e 4b e8 33 c4 dc af 0a 34 96 b5 de 69 f1 a0 d4 59 44 91"
1787300123638,42,23.2415562,11,NOMINAL,32,"ed 64 56 cc 84 4e 5b 16 7b 31 ce 37 79 ee 91 74 a3 27 76 1c df 7e 97 2f f9 69 45 c6 5f 9d 15 94"
1787300123638,42,27.0249844,10,NOMINAL,32,"7b 07 3a 5d c8 f0 97 4e 8d 35 fb ee 8c c4 8d 57 90 fe bd ae af ec 0c e1 27 df 3e 44 1e b3 1c f1"
1787300123638,42,14.8677711,9,WARNING,32,"65 f1 78 22 67 47 83 2d 25 1c d0 dd 1b 84 88 1e a6 dc 48 3e 26 b4 b1 ee 2b b9 55 f6 24 b7 dd f6"
1787300123638,42,21.9569302,8,NOMINAL,32,"b4 f8 3e 93 b8 60 7b 32 9f 34 24 3c bd a7 23 ea dd b0 54 bb 06 3c d2 c9 05 36 e4 3c b0 9e 33 1f"
1787300123638,42,19.4297028,7,WARNING,32,"d5 23 72 b0 0d 7f 61 36 02 8d 33 42 1a ac 89 a9 f8 bd 3f 38 24 bd 7c ea 2c 7b 25 29 45 11 4b fe"
1787300123638,42,22.5361595,6,NOMINAL,32,"e0 b2 24 76 1f 17 3e 4a 61 43 b5 3a 6d 12 9e 45 ba 6f 30 a5 5c f0 4f 75 af 67 66 e9 98 61 bb 4a"
1787300123638,42,22.7016296,5,NOMINAL,32,"2e e4 b8 48 f4 31 f7 fb 8a 15 a3 e3 a1 92 ec d1 76 41 a6 70 9e 06 21 a6 b2 5d 85 fe 42 29 51 58"
1787300123638,42,18.9969597,4,NOMINAL,32,"a5 c6 8c e3 b4 dd 93 b6 cb 2a f5 38 62 12 b3 0f e0 00 af 75 e9 db a6 07 8b f6 3a 61 b9 e4 49 dc"
1787300123638,42,20.9788284,3,NOMINAL,32,"3f 29 2a cc 1f 49 d4 67 62 81 32 fb d4 b3 f8 84 a8 0c ba d6 be da 98 52 96 a5 d7 f3 7f d9 03 92"
1787300123638,42,19.8451309,2,NOMINAL,32,"2b 96 1c 1f d9 28 96 c7 62 63 e5 5d 6e 69 80 e4 f7 75 3f fb 19 64 87 c3 36 34 22 1b 7d 82 58 cc"
1787300123638,42,18.8586483,1,CRITICAL,32,"6e f0 0e ab 03 0f db c7 78 b2 54 c4 7c 61 fb 62 c5 c8 fe 5a 1e 6c 42 a3 ba 7c 60 dd 7b 1d 48 0c"
1787300123638,42,29.2551193,0,NOMINAL,32,"71 2f ee fb bb 72 75 5d 86 f3 62 eb ba 16 cc 06 26 a7 53 84 72 50 cd 93 f6 0a 85 6e 4e b7 99 36"
1787300123638,42,27.5937386,100,NOMINAL,32,"63 63 6d c8 07 fc f2 69 ba 97 93 19 fd 4f 00 f2 1e af 13 b0 0b 6d 7a 64 2d e5 e1 f7 21 28 68 88"
1787300123638,42,28.0904446,99,NOMINAL,32,"cc ed 1a 78 6e 72 4b 7d 1e 0c a5 6c 1b f6 d1 1b b2 83 2e 92 c9 51 2b d2 99 60 a0 5a 70 0a d5 38"
1787300123638,42,23.7856579,98,NOMINAL,32,"ae 52 7d 3e a4 d5 4b a6 8f a8 d5 6b bb 9c 81 94 57 14 af 9b 6f e4 38 9a 14 9b fb 67 54 fc 39 9a"
1787300123638,42,21.4052582,97,NOMINAL,32,"53 68 1b a4 70 7e 91 3b 19 b6 c7 e6 08 ba 5d 16 d2 4a e0 0a 27 4c 3c 3a 19 86 8f 5d 73 aa 2b df"
1787300123638,42,22.1685467,96,NOMINAL,32,"0e 6c fa 9b 55 f5 76 a8 bd 6a 72 81 00 d8 50 61 ae c0 0d 34 23 40 d2 17 b2 5c bf 56 78 19 8e b4"
1787300123638,42,21.7010708,95,NOMINAL,32,"b4 cf 31 99 44 31 3c 6c 97 69 04 77 5c 70 8b b8 fa 13 ac 2c 37 5f 51 94 cf b7 b5 01 79 77 a7 96"
1787300123638,42,24.7631912,94,NOMINAL,32,"c0 42 aa fc 7b c6 d5 24 61 83 46 00 22 1c 09 75 7c db 64 6e 0c 2a 2c 3e 6e 57 cc 33 d4 96 1c d4"
1787300123638,42,16.5234814,93,NOMINAL,32,"95 af dc d6 4a 1f b4 70 22 cd ff ae e2 bf 73 be 82 e5 bf f5 8e 56 64 f3 b3 40 c8 81 5c 63 2f 75"
1787300123638,42,20.6981182,92,NOMINAL,32,"69 20 fd de 35 e3 ec aa 47 d3 db 52 bd 2a 35 5d 4a 6c 61 08 2a b8 88 91 e4 d4 09 1c 6d 03 18 eb"
1787300123638,42,22.429409,91,NOMINAL,32,"a5 4d af a4 ad d3 77 8a 5b f6 bf 0e 79 11 af d0 e9 42 49 87 b3 d5 64 42 08 0a 47 cf 67 2d 12 b5"
1787300123638,42,25.953886,90,NOMINAL,32,"b9 9d f9 ae 81 25 61 9c b1 f9 fe 51 a7 c0 be 5d e1 df b9 27 e1 48 b3 80 c6 40 3a 3d c9 40 02 29"
1787300123638,42,19.1987114,89,NOMINAL,32,"a7 39 f9 33 80 31 30 95 e4 53 a5 9c 96 a9 e6 54 36 4a 27 82 b8 24 49 8a 29 73 5e 39 33 a8 70 a6"
1787300123638,42,16.4275723,88,NOMINAL,32,"ec 26 71 35 02 a1 81 1e b2 c3 59 01 df 86 54 b7 18 2d dc 0f 2d 07 ce 4a 3c dc e8 04 d5 2b da e0"
1787300123638,42,23.7293701,87,NOMINAL,32,"fd 20 d8 cd 8b 8a 28 36 5a b4 e2 28 9a 93 02 0b f5 90 3f 0a e9 cd fe e6 cb 1a 1e 7e 74 82 c2 ce"
1787300123638,42,24.5183449,86,NOMINAL,32,"cf 6e e2 26 75 e0 28 9e d9 e8 7c e6 0e 97 a1 b8 ce b6 62 92 ec 84 ab dc c9 bc 5f e7 81 68 0a 77"
1787300123638,42,22.194294,85,NOMINAL,32,"d7 ee 16 09 3a 5c 94 e5 9c 82 0b bd c4 da 10 db 0f 42 e3 e8 83 e5 2c 1d 26 02 9c 80 eb d1 5a 08"
1787300123638,42,22.726841,84,NOMINAL,32,"18 90 0a 4e c2 37 14 d8 0a 75 9b cf d2 31 ca ec 2b 11 41 30 24 ba d7 91 f0 2e 1e 3a 8a 67 1d e1"
1787300123638,42,22.1006947,83,NOMINAL,32,"a4 90 7f a9 b6 66 48 64 69 51 2e 97 45 7f dc 23 86 a3 a4 6b 07 b4 35 a4 22 c0 65 99 39 a6 8d c0"
1787300123638,42,24.4904709,82,NOMINAL,32,"a2 02 89 62 6c 58 37 2d fa 34 c6 28 2b 35 a4 69 f0 cf 47 8f 6a 63 4b de aa 9a 46 4f e4 e4 8b 53"
1787300123638,42,27.8989944,81,NOMINAL,32,"95 ff d8 da fd af be bd 7d 3a 1e 59 54 ca 45 58 de 47 81 2c 97 24 83 fd 33 fc 1d 9b e8 e9 2e f6"
1787300123638,42,20.6584034,80,CRITICAL,32,"2e be 5c c6 97 eb fe 1b 8c 20 90 59 09 de 64 0f 17 f3 43 e0 6d c5 e8 61 a2 59 42 88 e8 da bb 97"
1787300123638,42,15.2438335,79,NOMINAL,32,"ff 83 f6 01 f7 41 f3 a4 52 23 db 61 30 da bf 5e 97 05 3c b1 72 c0 c6 36 59 01 47 4f 21 92 6d f1"
1787300123638,42,22.7704144,78,NOMINAL,32,"e6 52 d9 ed b5 94 37 da 5b 92 67 8e c0 ce 28 d0 d0 46 7b 53 c3 94 e2 f2 e9 92 e4 17 6f 23 8e 33"
1787300123638,42,22.7968826,77,NOMINAL,32,"f7 2d b2 df 6c 4b 44 71 e1 66 91 1a a0 80 61 c7 7b 6a 6c 34 81 fa fc a9 b5 5a 98 2e 74 92 f1 13"
1787300123638,42,16.6516132,76,NOMINAL,32,"7b 39 bb c7 c7 c3 23 0e 1a 54 6c 06 d5 33 34 aa 64 07 9c 63 c1 93 e2 0a dc 52 7b 47 11 7d a6 b0"
1787300123638,42,20.592617,75,NOMINAL,32,"10 28 57 14 4e a8 cd ef 0c 22 4f 8c ea aa e4 37 dc fb 8a 92 3d 2b 58 85 0f 8e 7d 6a 0c 84 8d d2"
1787300123638,42,31.5024433,74,NOMINAL,32,"eb 84 5d d1 2e 4a 26 ef b8 87 2e 7d b5 11 48 89 e0 e3 b3 e0 c6 07 da 82 79 4a c6 07 c2 8e cb a9"
1787300123638,42,19.8429565,73,NOMINAL,32,"bf 55 eb bf 67 0e 64 16 a0 48 36 70 9c c2 a1 ef d0 c9 60 88 87 67 5a 29 e6 7a e8 ab ac 9b 9b f8"
1787300123638,42,25.5718746,72,NOMINAL,32,"6b 58 5c 70 39 5d 35 63 34 a4 85 76 a3 68 4f fe fe b0 22 b1 38 27 05 77 0c cd 40 74 d2 b5 35 18"
1787300123638,42,26.3810215,71,NOMINAL,32,"fb 86 35 6c 1c 90 ba 5b cd e2 94 65 f6 ad 17 0d 2d 5c 6c 32 28 6c a7 0c 5b 2b 8d 58 1b e2 66 65"
1787300123638,42,21.5763721,70,NOMINAL,32,"f8 5d db dc a0 0d 00 e6 7d f3 cd 28 e0 c1 f7 33 02 b3 20 36 83 00 93 40 d9 d1 59 56 ab 57 c8 0e"
1787300123638,42,18.5573578,69,NOMINAL,32,"d5 3a c9 b0 0f 0f d1 8b 57 36 98 25 7b 5f ef 89 58 f0 b4 0a 6f 5f 25 5c 98 71 04 b6 12 fe 4e da"
1787300123638,42,14.917635,68,NOMINAL,32,"95 02 2f a1 1e 10 27 51 cc 0d 40 55 4d 5b f4 69 42 22 b5 9b 7d 4e 08 53 41 ab 19 e5 8d f7 3b 3c"
1787300123638,42,27.0011158,67,NOMINAL,32,"a0 86 5c f8 44 9f bc 4e 0e bb d3 ab cd b0 57 f6 cb 04 f3 17 6c af d5 75 6c 11 24 ba 8a 6e b1 65"
1787300123638,42,18.8426094,66,NOMINAL,32,"17 79 6f 82 c8 eb 19 9f 48 84 be 2e b8 cf a8 d9 65 7f 6a 74 ab 12 a3 34 9b 5c 69 87 67 e7 ed 1c"
1787300123638,42,25.9341545,65,NOMINAL,32,"5e 4e 1a bd a7 9b 2e 93 cd 54 1b 31 9f 25 63 b3 7c 2f 04 dc e8 10 51 1f 25 4b bb ad f6 7d d9 23"
1787300123638,42,17.8104916,64,NOMINAL,32,"9d a5 62 cb ab f9 f7 a7 4e 72 5f 79 56 e5 70 96 a3 de 93 6a 0c ad 39 b6 18 eb f8 dc ee 75 3a 61"
1787300123638,42,21.1307926,63,NOMINAL,32,"a6 b4 e5 7c 10 c6 54 7f 93 2a 16 48 be 4f 37 e9 17 0b 30 50 67 c4 20 ae b4 11 0e 35 09 18 77 a8"
1787300123638,42,13.9366989,62,NOMINAL,32,"29 83 bd f1 dd 04 e9 46 6e 94 01 cc 3c 8a 0a b0 59 0f 1b d6 05 c9 3e 0b 80 a6 e8 0a 07 d1 93 e5"
1787300123638,42,17.0992584,61,NOMINAL,32,"c7 ed 4f 7a 31 9a dc f9 95 1e 67 ca e1 be 5a 2d cb e8 9b 59 bd 90 f3 cd dd e4 47 84 22 84 b7 d5"
1787300123638,42,21.4724808,60,NOMINAL,32,"ca e7 9d ab 09 1d 2c f8 f5 6c 1e 2a f3 66 d6 04 a6 58 97 63 00 8e e7 2b b8 f4 63 71 c8 70 6c 9f"
1787300123638,42,22.0021801,59,NOMINAL,32,"06 85 a6 37 f1 64 89 7b 81 d7 41 92 11 78 be 3d 49 b0 df 55 19 ba 9c 09 ae d3 eb 9c 5b ca fc eb"
1787300123638,42,25.1377411,58,NOMINAL,32,"58 7a f1 4b a1 f7 44 63 e9 75 1c 57 17 ba 4e 39 bf 8d 57 41 b5 0a f8 a8 31 22 05 5f 0f de 0d 57"
1787300123638,42,18.4774818,57,NOMINAL,32,"3a 05 05 5c 12 55 54 27 c8 5a c8 ac 20 c2 09 52 f8 be 29 ba e2 f4 d4 3a 82 94 51 55 c5 17 0c 45"
1787300123638,42,25.2344189,56,WARNING,32,"ba 9f 5d ae 29 0d 98 a2 58 f1 eb 2b 30 39 1b 4e a1 e9 2c e0 95 a4 03 7d f7 48 2e a8 9d 16 cc f4"
1787300123638,42,18.8748093,55,NOMINAL,32,"8e 02 b3 45 3d 43 7d 36 57 a7 28 94 8c 5b be a3 cd 49 91 08 ef af 0f fb 3b 98 6b 09 95 fc 0b 81"
1787300123638,42,21.0460854,54,NOMINAL,32,"f5 52 b9 c7 9a de 97 98 14 e1 5a a6 79 df 0a 99 2c 77 1f 37 3d f8 bb e8 e8 33 73 6b 92 df 83 a1"
1787300123638,42,26.2091446,53,NOMINAL,32,"3e c2 58 d7 5d aa 72 77 ab 39 82 e7 de 69 36 63 23 26 a6 cf d9 7b d5 e9 db 4e 68 c1 2c 6f 43 47"
1787300123638,42,23.9813633,52,NOMINAL,32,"25 11 75 f0 ff 23 54 8e 23 61 85 83 d9 22 d8 69 d3 97 ed 16 31 2d 13 f1 5c ce 54 42 e3 22 50 d5"
1787300123638,42,19.4195938,51,NOMINAL,32,"28 82 52 e4 eb d5 2a 24 75 18 74 06 bc 4c 58 d3 57 d5 93 ac ba af 76 37 fc 2f 01 e1 17 db 2d 23"
1787300123638,42,22.5531025,50,NOMINAL,32,"fe 7d a4 4b ad 1c 4d 4f 25 ac e6 63 f2 ef ee c5 4f e8 bf 46 5b 77 ea 95 96 fb 5e 28 84 15 9b cd"
1787300123638,42,26.3053246,49,NOMINAL,32,"47 d5 3f 60 10 eb d3 58 1e 78 16 2d fa e9 79 6b aa 81 eb 00 bc 27 6e 9e 33 d0 ff f4 b3 95 17 55"
1787300123638,42,20.5393333,48,NOMINAL,32,"1d 6c b9 a0 e5 26 a8 05 8e 11 77 17 c1 13 df 6d 57 de 6d 2c fb c1 6d 85 b9 63 2e fd c0 58 20 b5"
1787300123638,42,16.388382,47,NOMINAL,32,"38 82 83 98 f3 03 d1 b3 10 3f a7 57 02 ec c3 0c c9 d9 45 de 6b 33 f3 a8 24 52 89 40 ae 8d c5 ea"
1787300123638,42,24.9357948,46,NOMINAL,32,"ed c6 92 17 11 ea 4b 30 b6 b6 f3 4c 1a 19 43 2b 27 5e 01 55 ac 21 97 99 02 04 f9 ce be 10 b0 d7"
1787300123638,42,24.8037777,45,NOMINAL,32,"1f 75 7c 53 ed 90 c8 e0 3b ff c8 a8 0e e6 6a 4a be e5 53 51 84 f9 1e 11 a2 c5 83 33 50 71 a8 90"
1787300123638,42,30.2903233,44,NOMINAL,32,"ee 7a 4c ef 31 78 06 18 3c 9b d3 7f 39 0c 4d cd 99 b3 c3 3d 3f e5 1e b2 81 5f 56 f8 5a dd 75 6d"
1787300123638,42,23.4944172,43,NOMINAL,32,"1d c6 56 12 72 d8 b8 27 f9 55 23 30 c6 e9 de 22 37 f5 61 40 00 18 ce e7 ae 0a 11 4c 0a dc 3f 2c"
1787300123638,42,21.5774193,42,NOMINAL,32,"6f 9f 29 22 32 8b 32 80 9d a0 5e 49 42 fd 3e 56 e6 62 62 ea 57 af fb 42 16 87 2c c5 cc 1f af 3a"
1787300123638,42,16.3972721,41,NOMINAL,32,"d1 65 ad 86 66 d3 11 68 b9 49 a0 df 78 7f 53 90 5e f1 9f ec a8 7e 46 f1 21 53 34 42 9a d7 00 d4"
1787300123638,42,18.1126652,40,NOMINAL,32,"d1 50 81 26 5b 17 e8 a6 b0 33 a5 f8 7f 40 64 cd 80 d4 83 d2 1f bb 31 10 f7 d9 6a f9 36 8a 15 70"
1787300123638,42,15.7748966,39,CRITICAL,32,"8a a2 17 6a ef 01 19 eb 9c 5f 02 33 77 3a df 27 fa 84 e4 60 c8 ee 8c 1c d5 58 e5 8c 17 6d d3 f0"
1787300123638,42,21.8299713,38,NOMINAL,32,"c4 59 ab d8 6c 19 d9 b1 3a 6f c8 13 6d 0b d6 c3 bf 22 79 fa d9 1d d7 58 29 7d 78 8f 26 4c 0f f0"
1787300123638,42,20.4128971,37,NOMINAL,32,"58 49 97 ee 18 d2 fa 58 02 c0 6c 52 d3 d9 b4 91 5a c6 f2 70 94 54 ef dd df a6 47 d6 26 fc ba 45"
1787300123638,42,23.6997547,36,NOMINAL,32,"41 18 80 f1 f7 ef 7f b4 da 1f 29 7a 25 59 49 0a c2 d7 c5 95 f2 11 a9 26 0e cb ff f2 71 50 84 11"
1787300123638,42,21.3847141,35,NOMINAL,32,"58 7f 6d b3 bd 98 30 f1 ed 44 8f 22 9f f9 65 5b 0d 7b 91 88 87 0a d0 e9 c1 eb 82 e2 52 08 ca 28"
1787300123638,42,18.7767258,34,NOMINAL,32,"db 9a 39 23 52 1f 5d 9d b3 dc 88 f1 bd a5 b1 34 dd 8c d1 61 0a c2 9d f2 3e 2d 7d 41 7b 9f 64 89"
1787300123638,42,22.1309986,33,NOMINAL,32,"eb 97 b7 78 3a 7b a0 c0 3d 59 73 bd bf be e1 af 9a 71 72 bb c2 5c f8 21 47 1b c8 61 34 44 ac b2"
1787300123638,42,20.6734924,32,NOMINAL,32,"7b a7 90 5a 7d dc 96 c6 a8 9a 95 46 c3 46 bb ea 1f af b0 32 29 b5 d2 9a da 6a 62 1e 0c 62 2d 07"
1787300123638,42,31.3453445,31,NOMINAL,32,"bf fa fd cf b5 3c 8b 43 36 8c e5 eb a9 85 85 13 7e 30 2f 3d 55 73 83 e5 dd fe ec 89 68 b7 f5 41"
1787300123638,42,19.4939423,30,NOMINAL,32,"c1 9a 7d 1c b2 73 f9 21 6c b1 fd 75 ce 27 de 4f ad 76 52 22 8e 2d 59 2a 28 40 27 97 9f c5 f7 92"
1787300123638,42,17.7109051,29,NOMINAL,32,"1a 1f 98 ed 8a 58 89 a5 68 bd af 32 01 ca ea 7f 99 95 79 fa 5d 61 c9 c3 93 2a 1b 44 b8 e7 43 bf"
1787300123638,42,21.5352478,28,NOMINAL,32,"42 83 8a 02 cc 56 86 47 ce 16 f9 e8 6c fb b5 c7 ff b4 c5 9c 1a 5d 8d c5 cf 80 48 0f bb ea 8c 88"
1787300123638,42,23.9754028,27,NOMINAL,32,"4a c7 32 13 68 96 ee 7f 80 98 cf 35 7d f8 13 dd 35 58 c1 aa c2 cc 9b 33 19 f5 e6 e0 3b fb 3c de"
1787300123638,42,24.4079781,26,NOMINAL,32,"c8 b1 8e 51 35 fd f5 53 14 e3 9e 6b 01 42 70 56 86 55 f4 b6 bf d4 6e 7c 4f e1 b7 09 e8 c9 57 63"
1787300123638,42,21.612545,25,NOMINAL,32,"e1 74 81 f1 b8 5c d8 46 b4 1a f5 bf 41 e3 ff 3a 97 a7 a3 a0 4c 96 fa 15 37 7c b9 e8 fe 6f d1 2f"
1787300123638,42,18.2570457,24,NOMINAL,32,"eb 2a 30 c3 ba 8b 5b 7b 75 2a ff d1 f4 28 b7 b1 67 19 af 61 d2 16 dd a5 0e 1a 45 d8 71 7c 32 36"
1787300123638,42,17.1079617,23,NOMINAL,32,"e5 1b bd 14 31 74 ad a0 95 ee 9b 52 eb e1 c3 e6 c4 93 39 05 7c 92 49 95 23 a3 de 57 5e c1 f5 c5"
1787300123638,42,15.8582258,22,NOMINAL,32,"f6 c9 4f fc 04 38 4f c9 43 cc 02 db 37 95 ca d3 48 15 06 6a aa fc 57 b2 0c f8 59 56 f1 8c 27 27"
1787300123638,42,28.3934555,21,NOMINAL,32,"dc e9 36 d1 cc 4c f0 56 74 44 29 dc 56 63 06 69 11 c7 64 90 55 7f 68 55 b4 39 a5 56 2a 40 d1 2b"
1787300123638,42,23.6451797,20,NOMINAL,32,"7d 6b 2a c5 a6 e2 38 cb 78 20 37 aa 1f ba 6a 1d 63 c9 95 15 e6 23 3d c8 43 e0 3f fb c2 45 58 c4"
1787300123638,42,21.8274994,19,NOMINAL,32,"e1 3b a8 cc c0 ae 22 0f 04 7a c7 6f 28 3f 50 59 dd 98 60 05 25 39 d9 61 ac ab 50 26 56 1b fc 8d"
1787300123638,42,26.0381241,18,NOMINAL,32,"c1 db 42 03 cf c6 7e 23 06 2e ba 10 f5 a3 e0 aa 81 e7 32 fb b8 4d 7c 33 3e 16 52 b2 69 12 ee 4b"
1787300123638,42,17.1436005,17,NOMINAL,32,"f2 ad 0d e8 30 b2 9c 87 8d d6 19 96 af f9 0e bf 86 f3 0f 1e 72 92 f4 da 14 60 3d 12 7a 76 1b d0"
1787300123638,42,20.4467163,16,NOMINAL,32,"9d 2a f0 f6 7e e7 c6 07 aa 27 d0 05 fe ff 57 6a 9d 65 64 c8 2d ce 86 b2 01 54 0d fd a7 39 83 9d"
1787300123638,42,25.8874607,15,NOMINAL,32,"26 3e 83 f2 fb 4f 24 e6 fe e3 82 6a 38 5b a2 d3 76 5b cc bd f3 23 52 29 c1 f9 ed ee 7e 19 28 63"
1787300123638,42,23.8852673,14,NOMINAL,32,"38 35 b7 33 1d 5c 17 b7 e3 5f 55 ba 8c 6d 49 7d 62 5e d8 d7 ce 0d 79 3f 40 6e ee a4 66 3d fa 7f"
1787300123638,42,22.8671799,13,NOMINAL,32,"6f 4b b5 95 80 0f 09 c7 37 68 df 6d db 7f 8b ae c5 ff 94 2b 82 bd 88 06 d1 53 45 da 75 8d a0 1d"
1787300123638,42,22.1265144,12,WARNING,32,"10 ef 26 9c db ac 52 25 a8 4a 10 b9 e3 27 a3 29 b4 03 1d a6 ac 3c 8d d6 49 fc fd 72 52 6a e5 3e"
1787300123638,42,24.0254021,11,NOMINAL,32,"c9 96 36 6b 56 8e 1f d2 3e bc 0b 83 6a 8a 59 13 0a a2 53 3d de 0b 77 47 2b a6 fb fa e0 bb 6d b2"
1787300123638,42,22.7320023,10,NOMINAL,32,"fd 20 fd 4d b4 49 52 42 01 fe a3 6a 48 37 c4 72 33 6d 48 d3 b3 86 61 91 04 f8 7c cd 5f 84 cc 3e"
1787300123638,42,26.4997368,9,NOMINAL,32,"30 32 47 64 49 2a 44 db 94 f5 a0 24 98 48 5f a5 42 09 15 0f f5 6c ef f0 ec 88 77 84 cf 85 cb 79"
1787300123638,42,21.8336029,8,NOMINAL,32,"7c d6 22 46 f9 d3 60 08 ab 4b f9 f1 77 83 34 52 4a ea bc e8 cb c5 4a 4c c6 5b 18 9f ee d0 fa 44"
1787300123638,42,20.5576515,7,NOMINAL,32,"f3 5f 37 36 74 86 b5 0b b7 32 4b fb c2 9c 26 b8 88 3c 18 86 e6 fe 0f be 75 cb db 34 93 cd 39 cb"
1787300123638,42,19.8019962,6,NOMINAL,32,"11 4c e6 c7 c4 45 a9 19 d9 5a e0 51 1d 38 01 31 46 f7 99 55 27 22 a0 91 8e 60 3a ad 42 b3 f7 93"
1787300123638,42,23.1039963,5,NOMINAL,32,"4f 3a cb 64 25 9a 89 5b a5 af cb c4 f2 b6 c0 5c f4 0f a2 71 0b b3 44 26 43 08 2f 8c e6 a6 c8 d5"
1787300123638,42,19.7409744,4,CRITICAL,32,"9a 50 aa c2 e0 13 be 0c 2f 62 c4 ff 2f c3 b0 8e 57 54 51 88 99 7a 37 89 29 fd 8a a3 8d 30 5e 15"
1787300123638,42,22.5308056,3,NOMINAL,32,"da c8 fe 7c 9b 10 28 d9 6e be 0c e7 38 d6 a7 fc 1d 17 55 98 20 24 c6 64 8c 5a fc 1d e8 db 80 20"
1787300123638,42,20.4221764,2,WARNING,32,"7d 06 48 1b e4 92 de 1a 60 be c7 35 e6 2b b3 23 dd 68 c5 e7 bc 00 7b 32 64 39 87 64 ec da eb 9b"
1787300123638,42,25.8298168,1,NOMINAL,32,"a9 cf 7f 40 10 d6 bb e7 b5 3c 21 12 3b 87 36 ca 86 2f 69 3e a8 b4 a8 83 60 30 d5 4c ca 68 a0 15"
1787300123638,42,23.9646225,0,NOMINAL,32,"4c c4 44 6c b8 67 b8 bf fd e1 45 05 bb ff d5 a6 c5 86 a9 da 1c a8 00 65 63 76 b1 25 e1 06 3e b0"
1787300123638,42,21.938673,100,NOMINAL,32,"0c 82 6b a4 97 29 91 23 47 d3 9d 32 55 f6 40 a3 91 83 da fb 3f 1b 01 eb 6d 0b 98 35 7e 3b 48 31"
1787300123638,42,14.83706,99,NOMINAL,32,"df ff a9 0c 42 ca 7c 44 b5 e3 d6 2f 21 fb 13 2e 76 41 c0 7e 15 ff a3 5b f3 af 30 04 90 58 f9 82"
1787300123638,42,22.8466892,98,WARNING,32,"cf a4 e2 34 05 ec db 7a 05 64 d7 d0 ba 31 96 3b e5 96 7b 46 26 b2 11 f9 17 3e 83 10 a6 ed 38 3f"
1787300123638,42,27.4348049,97,NOMINAL,32,"f3 c3 8b e6 11 ca ca 14 dd 67 df 33 af 4f c3 16 a7 28 38 00 4c e9 38 8c 10 cc d7 b0 5c cf 1a 86"
1787300123638,42,21.7967949,96,NOMINAL,32,"45 d2 09 c4 c6 fc 15 15 85 0b 8b 1c 3b 79 59 6b 4e 9e 1d 12 a9 44 db 63 7d fe d8 e4 df 3d 5a 52"
1787300123638,42,21.7099476,95,NOMINAL,32,"8c f7 74 8e b9 e9 95 fc 8a 2b 5e 93 66 d7 a5 0f 6f df 6c 7c 40 3e e9 23 3c c5 f2 a2 4b a4 9f 6b"
1787300123638,42,24.9063168,94,NOMINAL,32,"ad 12 cd 01 75 e9 f0 e2 70 1d 5a b0 d9 fc 74 73 6b 6b 5f e0 40 77 11 c0 ab 84 d3 c4 2d dd b8 27"
1787300123638,42,24.6398964,93,NOMINAL,32,"ae 13 c6 98 48 95 31 5f 86 e2 d5 57 53 2a ac ed 4a fc e4 71 bf 4e a9 fc 51 8a 74 4a 66 8d 9c 35"
1787300123638,42,19.7681446,92,NOMINAL,32,"6d 73 aa 52 49 b0 71 f7 a9 dd 1b a5 90 17 4e b8 92 a1 bd d2 bb 93 69 4d 6b 18 b3 a5 5d 09 64 bd"
1787300123638,42,25.5200958,91,NOMINAL,32,"b1 a7 fc 31 7c 04 f7 4f 25 34 88 dd bf 54 ca 4e d1 93 0b a9 74 07 25 6f 9d ee 1c 39 98 c9 70 4c"
1787300123638,42,27.7386551,90,WARNING,32,"b1 90 6f 51 ae 05 4d 9d 28 05 7a 02 d0 ba 67 bb a1 51 a7 60 3f fb be 1c 0d 9f 33 61 df bb 27 69"
1787300123638,42,13.6516171,89,NOMINAL,32,"dd c5 36 aa 10 b1 78 7b 87 e5 27 48 39 7d d2 f2 67 bd 65 ca e8 6f 28 11 71 b1 90 e6 fa 55 47 f0"
1787300123638,42,20.3768272,88,NOMINAL,32,"4b 7d e0 4f d7 05 27 43 a4 b2 05 a1 c3 ea 82 06 b5 67 3c 77 90 9a 9d c7 c9 8b b2 83 8e 48 18 66"
1787300123638,42,19.7246437,87,NOMINAL,32,"2a 6b c0 02 94 de 3a 48 6d 65 d7 dd 9b 59 60 d4 5d e8 8d 65 d5 5c ff 37 ff c8 68 f1 d2 90 b3 9e"
1787300123638,42,20.444437,86,NOMINAL,32,"86 a5 a1 b5 5c da d7 d4 9d 96 6c 8f 84 6f f8 37 42 b5 47 01 22 d9 fc 00 e5 2e 2d 22 92 4f af 16"
1787300123638,42,26.5906582,85,CRITICAL,32,"a0 7b 76 e5 42 8c c3 20 d4 00 4d 62 fa 31 f0 db 6c dc 12 97 c7 ac ab d2 c2 8e 85 56 65 26 2c 38"
1787300123638,42,24.0276909,84,NOMINAL,32,"c8 67 c8 3d 74 34 f5 40 ed 5f 87 8e 4e dc cf 0c 5d a9 d0 a3 e9 56 fe 1f 2c 2e 69 96 bb 0e 4a 2c"
1787300123638,42,23.1607628,83,WARNING,32,"ce 88 47 bf 4b a6 4b 89 09 24 5b 17 32 33 70 ed bb cf ea 1c ec 56 9e ef 2b 30 99 4b 43 65 d1 48"
1787300123638,42,22.4775944,82,NOMINAL,32,"1b ba 87 d7 0b b6 39 72 23 be bf 0b 19 5b cf cd 02 c5 ff 15 79 9f 69 1f 41 32 8d b0 a9 4a dd ee"
1787300123638,42,24.9650421,81,NOMINAL,32,"10 c6 1e e3 2a 17 f5 40 34 ad af bc cf 2a 81 da 88 bd 86 ce dd 45 18 f1 9c 21 d1 11 60 8b 69 12"
1787300123638,42,25.7542229,80,NOMINAL,32,"e9 b9 f8 f0 78 77 d1 8a 97 9c 57 19 f4 6f f9 0b 36 cc 81 b7 cb 87 1b e6 77 22 b7 b2 79 eb e8 57"
1787300123638,42,28.4012585,79,CRITICAL,32,"c5 1c 3c e8 b1 90 d6 ff 4a a1 64 49 4b 6b 8b 8d 6d 6b c5 97 e9 13 d9 47 fc 31 f8 26 48 76 ad 7b"
1787300123638,42,23.0771408,78,NOMINAL,32,"39 f3 22 b7 c1 17 12 ab 0a 4b 6f 39 4d bb 16 60 93 dc c3 f8 ad 35 51 03 a5 73 94 5b 40 d8 e9 4a"
1787300123638,42,19.3910847,77,NOMINAL,32,"4e b3 51 99 81 d9 3a 3e cb 14 3e 72 86 fa 7f 80 60 9f 71 65 a7 cc 59 fa a5 9e 46 ef 72 a7 64 31"
1787300123638,42,23.1534023,76,NOMINAL,32,"ba f2 45 ae 15 da d1 2c 63 c2 49 68 d8 46 97 f4 95 1d 18 15 dc 76 fa 47 c3 ae 41 cc 41 88 ab c9"
1787300123638,42,22.4569321,75,NOMINAL,32,"13 6b ba 03 e5 7c 40 2d 50 a4 1b f6 94 94 57 0e 1a c0 1e b7 57 a2 a5 83 13 c4 1a 1f f6 9c 36 3c"
1787300123638,42,26.5313644,74,WARNING,32,"8a 00 6b d7 59 5d 6b a1 a0 6f 4c 94 f4 9c f4 f5 c2 b9 e5 ea a9 85 6f dc 58 1c 78 64 82 ca 09 d1"
1787300123638,42,25.1087818,73,NOMINAL,32,"8a 00 88 b2 cd 1b 66 75 35 d6 7b ec a7 12 c3 95 d8 03 82 ec c3 86 6b a2 24 6d 1a 0f 25 cc 9f 63"
1787300123638,42,15.842968,72,WARNING,32,"25 8c 3d ce fb eb 2a 26 d6 44 9a 7e bc 02 b7 f0 fb db ff 40 9f 3d 0e 0f a4 c2 a2 46 18 3e aa ca"
1787300123638,42,27.4135571,71,NOMINAL,32,"d0 79 30 e2 5a 8b 5c 95 e0 16 1c e3 59 ff 0a 37 e8 13 83 9c 25 38 47 cf eb 16 07 f4 1e d8 82 be"
1787300123638,42,20.2691479,70,NOMINAL,32,"19 3a fc c4 ab aa 91 f7 91 7f 26 8f e6 7b a7 35 61 08 33 aa b4 be c0 00 7d 58 a6 f2 4e 96 ec 76"
1787300123638,42,22.3815708,69,WARNING,32,"14 17 a1 c6 c2 6d 96 c6 74 53 54 f4 3d 5c bd 2f 4f 5a 36 2b 6b 2b f4 0d 31 64 78 9c e5 df cb 78"
1787300123638,42,26.703598,68,NOMINAL,32,"31 4e ba 77 a4 af ec c1 e4 0e 22 11 78 4b b3 d4 b7 fd 06 df 38 22 54 a1 79 1d 10 26 60 00 8f 48"
1787300123638,42,20.7601871,67,NOMINAL,32,"60 14 51 ce 07 a3 6d b7 61 45 e0 a2 9c 22 88 55 a5 1f 8c 9e ae 74 a2 af 9e 7c 45 e1 13 c5 55 34"
1787300123638,42,21.2556992,66,NOMINAL,32,"cb 3d 8d e7 13 6c 89 ab 4d 65 98 5d 4e 3d 5e a8 90 03 3f bb bd 57 a8 8f 0d c8 bf b7 76 9a a5 18"
1787300123638,42,23.2807693,65,NOMINAL,32,"68 a8 da 9f 38 e4 45 79 d1 91 5d 85 97 fe dd 8e 83 96 1e 1b a0 4d f1 b1 19 54 b2 bd 05 88 4c 0e"
1787300123638,42,21.3741322,64,NOMINAL,32,"6f 9e 08 ac f8 43 19 ed 82 c1 7d dd e3 44 02 bc 51 66 d4 9b 11 83 3c d0 f3 11 78 d2 0f ce 23 6d"
1787300123638,42,23.7120037,63,NOMINAL,32,"e4 81 be a2 eb c5 2b 85 e9 ab f2 4d 79 78 a5 cd f4 1e 76 85 83 ec 0f 61 2f 9e 88 90 60 a8 51 75"
1787300123638,42,26.6141815,62,NOMINAL,32,"87 d5 8f 53 5f 97 22 46 96 b4 07 7c 50 4d a7 d9 02 7d a7 0a f9 65 df 0a 08 7d 2d 51 b7 a5 b9 e6"
1787300123638,42,25.3238907,61,NOMINAL,32,"7b bd e3 5c 1b ce d6 8a a9 9a d5 84 cf 04 45 20 cd 50 a8 0e 3a 08 72 fe 31 cc 1a 8a eb 4b f6 ba"
1787300123638,42,12.3428802,60,NOMINAL,32,"bf 2d 69 a9 a3 3e 62 47 45 a7 03 e6 3e 0c 7f 48 05 ab 0f 00 53 c7 d7 4c ff 4a 83 f9 09 1a c6 06"
1787300123638,42,27.2025433,59,NOMINAL,32,"82 96 6e 18 33 0d d5 3f 5b fd d7 04 5f d8 57 7f a1 cb fa 30 92 53 ac 3c ce e8 f6 a7 f2 6a 37 a8"
1787300123638,42,11.4318705,58,NOMINAL,32,"cf 42 be 7b ed d7 02 18 22 0d f9 fd 35 eb 40 b6 b9 fa 5a e6 88 19 9d be 0b b7 21 42 4b 2d 76 79"
1787300123638,42,24.3173923,57,NOMINAL,32,"fa c6 34 09 d1 ce ab b3 69 4f 93 d9 ad e4 de 7c e6 22 07 0f d5 78 74 d0 0d b9 2a b9 16 f4 eb 47"
1787300123638,42,25.8029861,56,NOMINAL,32,"3d 69 8f cd 5b ff 1d bb b0 31 a8 09 ff 83 71 6c 25 58 37 dd 78 c1 54 f7 51 a6 3e 44 13 3c 5a 61"
1787300123638,42,14.6677704,55,WARNING,32,"c5 de 02 08 e3 bf 8d 09 9c 04 f9 77 bf bf 41 c6 a4 42 03 f5 f5 95 ff 96 99 d5 58 ea bd 12 38 4c"
1787300123638,42,23.2279835,54,NOMINAL,32,"8d 11 ab 41 ec 66 cc 0d 54 18 ac e5 8d 25 01 ba be 58 23 91 3e 18 b9 ec b2 15 02 a6 26 18 8e 7f"
1787300123638,42,23.3672371,53,NOMINAL,32,"21 f7 55 2e 23 6a c4 bd d5 c2 a9 15 e5 b1 7d 3d 58 85 bd 6c e4 1c b8 d2 43 de 0b ec 97 5f 28 b9"
1787300123638,42,19.9335175,52,NOMINAL,32,"2b a7 0c e7 53 5a d8 d7 04 0c 09 1e 9f 9c 8a 6d ea 58 3f 8e 29 93 57 f6 03 ad 1d 09 49 af bf ae"
1787300123638,42,30.5283279,51,NOMINAL,32,"2a 76 b9 17 33 6c 83 bc c2 61 ba 0c 59 69 63 45 81 a4 3f 73 ba 27 40 12 fa 93 2c 6e f8 2b ee 1e"
1787300123638,42,24.8128967,50,NOMINAL,32,"45 82 3f a3 b4 98 33 be d8 fa ea 2e b9 31 7c 2a 95 aa e9 14 fa cd be f0 a1 17 ba bf 4f 84 05 da"
1787300123638,42,19.1302948,49,NOMINAL,32,"2c 26 86 45 0d be 60 84 86 01 d0 1d 98 c7 8d 39 94 7e 33 be a9 8c 5a 6a 89 23 ac 90 6e 47 24 5b"
1787300123638,42,26.1808968,48,NOMINAL,32,"4c d7 01 56 b6 ed 4a 30 da 34 47 80 ef 0f 8d 2c 50 bd d3 38 41 1e e6 82 68 3a ad ea 48 9e b8 49"
1787300123638,42,24.7639122,47,NOMINAL,32,"f2 e1 10 8f 92 e1 df 5a ef 7d 87 2a a9 82 91 8e 1f 6a c7 e9 e9 ea ba 9a b4 ca 2b 99 8c e5 82 bc"
1787300123638,42,19.4154243,46,NOMINAL,32,"9d 75 7d 6a 60 a2 1b 4b 7b 58 02 ca 80 39 da dd 37 17 1a f6 f7 a5 34 df a3 05 24 73 ca ff a2 92"
1787300123638,42,18.7173119,45,NOMINAL,32,"aa c4 db 66 00 38 ae 4c 24 4a 78 78 a0 d1 a4 ea 45 5e 74 ff 9a cb f7 84 78 08 ec 0b 2c 8e bc 5c"
1787300123638,42,25.7522697,44,NOMINAL,32,"50 94 9c 01 a0 d4 8f 4f dd 14 f5 3c 9f 72 cb 4d 2d 79 eb 43 49 af 62 ce 9d 4a 27 e0 1e cc 87 7c"
1787300123638,42,17.3106956,43,NOMINAL,32,"cd f8 00 7f 3e 97 65 75 37 11 1a cb 29 d9 56 e4 a2 17 8f 6b 88 a5 74 96 35 a4 af 96 4c 0a 0d 9d"
1787300123638,42,26.5498314,42,NOMINAL,32,"9a 53 a3 2f 40 69 95 55 c8 2c fe 0c cb 15 0b 6b a6 7f 4e bb 73 73 61 2b 7e 7e 95 94 9f 9a cb 2e"
1787300123638,42,23.0797024,41,NOMINAL,32,"4b a8 0a ac eb f5 7e fb c3 00 01 ad b2 88 45 e4 5f 3f 4d 69 be 28 80 9d 57 3f 71 87 47 73 92 b1"
1787300123638,42,22.2366619,40,NOMINAL,32,"f7 32 bd 32 a6 ac 2c 36 48 5d 92 ae b5 8f 93 3b 01 78 05 c3 8e 03 45 1a c6 47 86 da b2 36 f4 35"
1787300123638,42,14.5464077,39,NOMINAL,32,"c3 50 30 4e 95 72 5c 08 5f d5 0a 47 b1 3a cc f3 98 ec 77 7b 75 12 ec 12 28 c2 04 cb b0 75 00 16"
1787300123638,42,19.1412983,38,NOMINAL,32,"a5 bc 84 8f 46 b8 e1 75 1a 39 66 52 32 80 f0 d6 b4 1a 45 c6 8a 16 a5 db 57 d7 b1 db de 06 85 43"
1787300123638,42,26.2735043,37,NOMINAL,32,"05 fc 4d eb ce fa 25 d0 f9 b4 39 26 20 1a 2b f4 57 8f c2 f1 2b 65 86 c3 49 ee 86 8b 94 35 b7 c5"
1787300123638,42,21.7225666,36,NOMINAL,32,"d7 e6 84 98 f8 4c 77 c7 04 07 05 83 12 c2 ce 6f 0a 9a 0b cf c8 f7 b2 9d 2f 36 b4 54 5c 11 65 80"
1787300123638,42,23.6280594,35,NOMINAL,32,"68 60 a5 42 48 0e f6 0c 5c 2b cf d8 9f 40 56 27 58 3d 25 78 03 ca 80 e1 a5 c1 68 21 ac 4e 80 e5"
1787300123638,42,20.6413498,34,NOMINAL,32,"0f d0 0e 5c 0c 64 c0 1d d9 f0 8f fb c2 f5 84 78 c9 b9 e0 a6 61 96 20 ba 64 a1 be a9 96 87 3c 10"
1787300123638,42,23.2493134,33,NOMINAL,32,"8c 4b f2 30 26 51 dc 18 f0 7a ac e5 99 14 67 33 df af 31 de b9 9a e8 ca 79 06 71 16 8f 6b 0b d8"
1787300123638,42,29.1742592,32,NOMINAL,32,"ab 6a 30 f5 59 45 a2 e1 58 11 ac fa 3d 3f d0 ad 10 d1 b9 02 d6 94 1c d4 e3 65 2e ce 52 30 6e d5"
1787300123638,42,21.7188931,31,NOMINAL,32,"12 f7 30 4a 93 4c e1 5e d3 a3 de fa 93 45 3a 3f 75 c5 9a a0 0f ee 94 bb f3 f2 32 fe f1 92 04 64"
1787300123638,42,23.9684868,30,WARNING,32,"7f 2a 5c 52 37 9b 96 3e 9e 6d 01 b2 91 77 8c a4 cd 67 40 cb 5c b9 86 81 8e c9 e0 41 42 8a 97 c4"
1787300123638,42,25.4885311,29,NOMINAL,32,"e3 a3 75 44 67 01 70 55 cb 66 39 eb f6 c1 42 fc 32 2c 3b d9 a5 1a ba cf 12 1f 12 86 37 e0 eb 9f"
1787300123638,42,22.2780609,28,NOMINAL,32,"e0 4b 2d c9 7b b8 20 1b 61 b4 14 2a 9c 10 9d 1d e3 94 8e b6 65 53 d2 a0 58 81 16 90 2f a4 93 23"
1787300123638,42,20.3850822,27,NOMINAL,32,"e5 10 fd 19 df c8 3d c8 21 bb ab 15 9d 65 4c 81 5a 5d 39 88 61 d1 ee 10 a5 cf b0 a0 7d b1 47 1e"
1787300123638,42,22.8310452,26,NOMINAL,32,"5c cd a6 d8 2e 28 2e 0d 76 aa 7b 78 bb ba 1e d8 5c 89 2d 38 36 df b2 c5 8e 3d 56 4d 77 10 58 3a"
1787300123638,42,16.6644173,25,NOMINAL,32,"11 01 b1 a4 3b 46 82 d7 f3 d4 48 6d cf 9e bf 67 bd 85 17 fb 71 c2 62 1d 93 52 be 13 a1 40 5a e9"
1787300123638,42,23.629818,24,NOMINAL,32,"97 67 9d 71 95 d4 47 0a 00 30 a5 98 8c 37 8d aa 3b 60 eb 28 41 87 c1 bf 15 8a 1e bd 40 f8 c1 c2"
1787300123638,42,14.0176334,23,NOMINAL,32,"68 fe b9 d5 fe fa 66 c9 19 17 40 53 50 38 6f 60 60 5d f0 d7 fd 50 96 e9 22 9a f4 1b 53 1c 06 07"
1787300123638,42,17.8987598,22,NOMINAL,32,"e7 71 cc 61 55 68 d9 7c 7f 4e e2 1b ad ea 4a 5f 14 db d0 89 99 9b c6 08 04 b9 7f d9 35 d0 d1 53"
1787300123638,42,28.7481136,21,NOMINAL,32,"ff f6 a4 9a d9 1c 9d 07 c9 6e c2 3e b3 78 21 94 b3 22 07 3c 4a bc a1 ca de c5 f4 05 79 96 b0 3c"
1787300123638,42,20.4131279,20,NOMINAL,32,"84 77 fb 5f b6 ac f2 99 92 1e df 7f 29 e9 6d 46 88 06 fa 92 09 de 1e eb 8c 59 69 6b 6d 5a 28 1b"
1787300123638,42,24.6920681,19,NOMINAL,32,"46 ed df e5 8c 3f 94 78 6d 88 f9 c0 0a 42 56 14 fa ec d8 88 61 59 51 29 53 c8 78 2f a9 fe 92 cc"
1787300123638,42,21.0402412,18,NOMINAL,32,"68 0d bc 48 94 b3 dc a4 ea 55 0e b5 44 42 d7 35 93 4a fc a4 fd 5e 60 21 97 06 0d ff 5d ce a2 86"
1787300123638,42,17.9107056,17,NOMINAL,32,"c9 b0 df 17 79 e2 35 7c 9c 90 d9 9c 2a ae 22 87 f6 61 d1 05 1c ef 57 77 82 6c 8f 74 c3 1c 43 82"
1787300123638,42,20.7007465,16,CRITICAL,32,"1d 23 58 c1 bc 1c 15 b0 0e fa 1d b7 3b 94 79 65 4a e9 7c af ac 2d f8 0e 7a 6f 95 4b df 98 07 97"
1787300123638,42,19.5961933,15,NOMINAL,32,"4f 46 0f 9b 7d 48 5a fa c9 90 36 1a 25 16 a1 3d fe 57 4e 75 93 c4 2a fa 5f 7f 30 6f db 7d 44 eb"
1787300123638,42,22.0033283,14,NOMINAL,32,"82 4f e5 18 0a a9 3d d1 63 9c e7 c0 1e 0f a0 21 fe 3b b2 8a 55 c8 50 1e a7 08 3f 68 c3 d6 8a f0"
1787300123638,42,22.9252262,13,NOMINAL,32,"a4 66 14 c3 29 d8 23 f0 cc dc 80 52 f0 b0 e3 4a b5 83 7a e6 3c 45 93 72 b5 44 8b 93 65 53 36 0e"
1787300123638,42,27.1353283,12,NOMINAL,32,"d2 96 fa 9e f2 e6 97 7e b4 8b 15 bc e4 b3 e0 a4 0e 97 47 f0 e6 49 d8 65 41 39 d4 16 ae 47 1a 85"
1787300123638,42,20.3847694,11,NOMINAL,32,"8a e7 26 bc 6f 25 1c f2 36 eb a6 28 37 a4 ec e0 d4 02 73 24 37 00 31 5c 3a be b4 96 00 da 13 f0"
1787300123638,42,23.3018513,10,NOMINAL,32,"d0 1d 9f 29 19 b8 43 88 cd e8 34 d0 c5 29 bc c9 90 6d 6f 1e 52 29 90 63 72 46 72 3a 6e 46 30 bb"
