timestamp_ms,satellite_id,temperature_c,battery_percent,status,payload_len,payload_hex
1787300109039,42,22.4914055,100,NOMINAL,32,"67 24 20 3c 29 e3 f9 ba e8 2d e5 0a 68 d4 f8 2c 56 a4 9e 0c 90 43 c9 46 ab ec d2 9f 1d 79 5f f2"
1787300109041,42,19.7089176,99,NOMINAL,32,"26 b9 9d 5e 13 59 6d 54 24 f5 f7 c2 c5 d9 4c 8d ba db 8b 66 7e 65 f9 0a 0c 1b 66 ea ce fd 99 7e"
1787300109043,42,26.0574703,98,NOMINAL,32,"54 30 d8 a8 3b de a4 f3 bd ea ea 06 70 cc 9d 0b 39 58 95 3a 52 e5 8c 52 66 56 42 49 76 27 c9 9e"
1787300109045,42,23.6907673,97,NOMINAL,32,"ac 8f 45 06 18 2f b6 3e d9 97 33 8a 79 0d c9 49 58 a5 fe 63 12 2f 80 b5 5a 51 ff a2 f7 e9 4e 5a"
1787300109047,42,20.2646427,96,WARNING,32,"3f 5a ca e4 58 85 15 15 f9 e8 11 32 96 f0 26 d9 9a 0d 2d 04 1d 2f bf 59 66 98 0e 66 76 b6 eb 80"
1787300109049,42,17.6257458,95,NOMINAL,32,"84 e1 c4 1a 1b 82 c5 39 6d 9e aa ad 1f d1 40 90 71 05 51 ab c5 c8 aa 8a 19 9c bc 53 4f 3b ce 11"
1787300109051,42,19.2494698,94,NOMINAL,32,"18 7a 08 d7 d1 04 7d 75 f6 1b ce 4e ab 7c 95 17 78 1b 85 09 30 48 d5 64 69 ba 3d a5 8c cd 6e 97"
1787300109053,42,19.9007759,93,NOMINAL,32,"e3 45 9f da 55 5d 03 20 db ac aa 94 26 a9 17 a8 b2 b5 5d 33 f3 5c f2 99 57 5a bd 34 59 b1 4e 4e"
1787300109055,42,24.9115295,92,NOMINAL,32,"fd 97 e5 f8 af 6d 3b a2 52 fa 4b 85 e8 a1 e0 97 0c 8a 49 49 d5 d4 a3 88 b2 cf 53 97 e3 98 d5 59"
1787300109057,42,22.5571747,91,NOMINAL,32,"97 48 c1 bf ae 90 13 45 f2 4f 84 49 b2 12 15 d6 b5 ce 72 80 9c b8 12 52 3c cc b7 ee e0 78 3d 9c"
1787300109059,42,20.1501732,90,NOMINAL,32,"b6 d5 5c 60 b5 77 e2 a6 e4 53 51 7b d6 2d 48 22 f2 7b f6 24 bc 79 23 ca 97 6f 89 4b ee df 4e 97"
1787300109061,42,20.9458523,89,NOMINAL,32,"3b 98 dc b6 2f ba ce 0d 82 11 1c 58 4f 68 5c ad c0 3b c2 d9 e3 1a 1e 25 b6 a0 2c b9 a9 70 a7 da"
1787300109063,42,22.4418736,88,NOMINAL,32,"5b ba 6d d7 29 72 9f fa c6 d2 dd 68 5f 7c bd c5 d7 07 f2 fe ef 1d a1 5c 94 fa 70 3a f4 0d 47 2d"
1787300109065,42,25.3431091,87,NOMINAL,32,"12 c9 73 47 a8 f4 fe 2b ff aa 6d 13 43 e7 62 46 04 2b 6e a1 6a 37 4c 85 4d 9c 1f 4e dc 17 3f 40"
1787300109067,42,17.6445522,86,NOMINAL,32,"25 d8 96 43 07 a8 20 d5 17 f9 47 96 0c 3c e5 cb a7 f1 01 cd 55 95 1d 0a 01 57 8c 26 61 28 cc 03"
1787300109069,42,26.0629444,85,NOMINAL,32,"b7 6a 9f 46 7b d6 a7 19 a9 d1 19 07 2b 39 16 8d 22 00 12 16 a8 8e 5e 3c 7f 7e 34 ed 0f ec 97 8b"
1787300109071,42,26.6088982,84,NOMINAL,32,"28 e4 e1 13 57 57 3c 68 ff 02 0a 7d 1f 6f 4f aa 81 02 36 41 fc d4 6a 9a 95 ba 1e d5 ac 3a 4d f0"
1787300109073,42,16.4396782,83,NOMINAL,32,"19 41 67 6a 2f 5b 30 24 ad 4d 86 8e a5 e8 a8 6d 5c db 8b 96 5c d3 1e 38 15 1b e9 f1 fc 8e 4a e9"
1787300109075,42,22.3928452,82,NOMINAL,32,"30 51 b1 29 fa 36 00 36 87 8b 90 8c 5e 91 18 33 50 31 ce 1a da fd 0d f9 54 37 b0 65 db 1e 51 21"
1787300109077,42,18.3371086,81,NOMINAL,32,"06 be 5c ce 68 a8 d2 0a 20 6d d7 be bb 25 33 f4 17 52 c3 26 db d6 c6 52 f8 da d5 b4 48 30 4e 7b"
1787300109079,42,24.7102394,80,NOMINAL,32,"67 2e 06 6e 33 33 e0 2b 3b 8b e0 f7 6a a9 66 c6 7c 0e 15 bc 41 08 ae b2 79 2d c0 f6 a1 6d 9f f5"
1787300109081,42,15.6958046,79,NOMINAL,32,"46 ae b4 17 42 09 c1 83 f6 e0 1f 9b 71 6c 64 7b 66 6f c4 c4 01 fd f7 8f 19 ab b0 68 23 5e e4 85"
1787300109083,42,20.2057514,78,NOMINAL,32,"81 9e 25 8b 51 4c cf 0f 37 aa 8c 76 93 4f 9e 65 94 0c 45 ac 28 74 a2 d3 bb 71 c3 6a 5e 4e da 85"
1787300109085,42,24.7576618,77,NOMINAL,32,"32 4e 4c ea e5 35 97 f0 15 9c 70 6b a8 19 b3 91 67 35 8b 7c 1b 42 f3 84 99 44 e8 7f 79 d8 3e e4"
1787300109087,42,26.8016014,76,NOMINAL,32,"ac 6e 7d 3f 3c 24 4b ab db 7d f7 98 16 8e 9c a0 d3 06 94 8a 30 7f 57 a3 7e 4f 9a dd 02 b0 d7 41"
1787300109089,42,24.2550621,75,NOMINAL,32,"9b b5 87 76 b7 87 24 a1 9a 23 4c da d3 a2 58 8f 27 52 6a 1a dd a6 7f 9b 3c 54 fb 6d 98 7d 7f 4e"
1787300109091,42,27.0565605,74,SAFE_MODE,32,"d3 94 6b 5d 60 e2 c4 60 e4 24 5f c7 90 19 5e f4 cf 6c 47 7d 72 5c 25 37 5d 77 31 eb f8 98 31 13"
1787300109093,42,21.6634045,73,WARNING,32,"e0 fd 03 11 9e 04 2c dd ff ab 2c 7d 0d 12 74 7f 55 ac 2a 40 e7 c5 b1 94 65 50 e0 2b f3 dd ad 36"
1787300109095,42,16.0670471,72,NOMINAL,32,"17 f2 70 69 d2 d9 e1 19 53 2a 2b 3e c6 51 02 f2 83 38 f6 aa 11 61 85 f3 07 8c 84 33 9c b4 1b 54"
1787300109097,42,23.1856594,71,NOMINAL,32,"f7 ef 58 53 6c 78 ad c1 c9 b5 ce 00 74 f4 48 51 c3 b8 10 f3 b0 6e a2 1c 56 db 13 2b 5a 9e ff 4b"
1787300109099,42,27.0975914,70,NOMINAL,32,"fd e8 02 5f 6e 76 0a b1 d1 12 86 b2 ad 27 b6 86 8e 50 03 3f db d8 9c 36 40 43 9f 4f 9c a1 0e 94"
1787300109101,42,21.8768044,69,NOMINAL,32,"29 9a 5c 8d 2c 65 4b 74 62 5a 82 80 80 44 a8 dc be c4 f5 80 df 48 21 d1 23 a7 ef 86 1e 64 ab 7f"
1787300109103,42,16.4246597,68,NOMINAL,32,"ea a7 2e 5c 82 c4 4b f2 89 1b 24 fe c5 06 8f 10 d5 d2 83 a1 65 ec a9 a6 1a 43 ba ba bd 6f 63 7d"
1787300109105,42,24.7674809,67,NOMINAL,32,"58 b8 c0 98 dd 30 22 47 dd 69 c6 8c 4f 07 a6 31 f2 7a d1 7d 21 9a 9d ab 61 2e 83 b9 9e 02 23 0b"
1787300109107,42,23.8719234,66,WARNING,32,"cb 58 44 88 43 f4 74 83 f4 2f 0e 3d 29 63 92 bc 30 81 c8 3c ee 50 16 7b bf 7b f8 c2 6a 38 e9 94"
1787300109109,42,22.5340881,65,WARNING,32,"29 54 cb 33 4a 2c 81 f3 a8 62 8d 41 60 5f ea 62 b5 4f 67 70 fd bb 55 eb 5c 57 33 47 7b e8 3b 2c"
1787300109111,42,23.7776623,64,NOMINAL,32,"96 22 1c 05 cb 5a 39 db c0 7f e7 19 ac e0 f2 1a c4 c2 9a ce ae fe 59 a1 37 e4 7e df a3 c2 56 c9"
1787300109113,42,19.5751343,63,NOMINAL,32,"98 8c 87 ac eb 4c ec 55 70 39 58 17 6c b7 14 11 51 60 b0 f1 92 21 f5 19 db 8d 68 f7 cb de 6d 3d"
1787300109115,42,32.2208023,62,NOMINAL,32,"4d b4 73 e5 e5 d3 95 a3 98 4d f5 71 77 0a 82 74 55 98 7c ea 37 6c ec 31 16 57 bc 0e 65 26 6a 2c"
1787300109117,42,18.5063629,61,NOMINAL,32,"f2 80 1a c6 53 a7 49 aa ca 3e 3b 90 fd db 12 bc d8 87 b1 ad 74 4d 03 0b 64 6c dd 00 34 14 c6 2a"
1787300109119,42,22.7682743,60,NOMINAL,32,"57 ea 47 64 d4 e2 9a d0 92 6f 7d b7 f9 06 ea 94 3e 2b 52 56 34 d7 3c 3b 52 d3 f7 e3 58 8d f6 dc"
1787300109121,42,21.2395248,59,NOMINAL,32,"25 02 8d 9b 75 00 70 25 97 d0 66 fd 3b f7 b7 be 48 ef c4 cc 30 e4 8e 46 2d 65 b0 fb c5 1f a6 26"
1787300109123,42,13.6563234,58,WARNING,32,"77 a6 2b fb 5c 93 24 06 09 90 d3 c9 ba b3 2a cb 5b a8 52 5e e3 da 47 5c 54 85 16 08 26 66 d2 c6"
1787300109125,42,19.7457905,57,NOMINAL,32,"98 f7 5d f8 b7 0c df f1 fe 96 cc 53 3f ad b2 51 45 78 b5 97 40 c7 34 fd 15 c8 9c f9 ae f1 62 45"
1787300109127,42,21.3679199,56,NOMINAL,32,"b8 44 9a 93 af 6e 77 ce 7e f0 11 c4 e7 78 d0 25 3b 56 10 e0 9b 8e dd 27 33 49 f2 c3 29 db 2c 89"
1787300109129,42,18.1548252,55,NOMINAL,32,"a9 81 0c 8f 8d 75 bf 9e 53 ee 7c cf ab 27 ad 74 01 70 92 fe 34 72 02 79 51 18 40 05 37 ab 64 a1"
1787300109131,42,18.203125,54,NOMINAL,32,"6e 78 5f b8 16 cc 94 86 40 14 7f fa cb 35 24 04 2d 5c 20 0a ee 13 b8 82 10 92 1c 32 36 72 1d fb"
1787300109133,42,26.4665833,53,WARNING,32,"50 a6 ec e3 0d 5b ef 7b a9 69 73 ea 71 34 9f 47 3c 23 f6 dc f1 8a 5f ec 6f 84 cc 9a 5b de 81 d4"
1787300109135,42,17.457901,52,NOMINAL,32,"77 f1 fa 1c 31 e5 92 93 91 6d 54 f2 3a af 6f 0a de 24 41 bf c7 5b 69 70 d3 01 9d c5 99 4c 36 cc"
1787300109137,42,18.304533,51,NOMINAL,32,"eb aa 2a 6b 84 1d 1a fc d6 48 88 be 79 fc b5 ec 96 e3 2f 16 12 29 30 aa fd d7 3f 95 47 06 d2 03"
1787300109139,42,23.7888546,50,NOMINAL,32,"47 de 3d ef 51 75 fc eb 36 2d c1 bd c2 6c 5f 09 34 07 b9 41 32 fc 33 9a 57 61 e0 42 99 e1 4c 8a"
1787300109141,42,17.9590988,49,NOMINAL,32,"24 d6 59 87 59 6f 0e 3e 33 c4 4e a0 4a be ce 42 32 f9 19 98 7f 91 57 1f 90 aa 8f d1 77 8a 19 2f"
1787300109143,42,13.4927015,48,NOMINAL,32,"b6 0e 1c 55 2e 35 a5 92 3f 6c ab 3f 85 b9 8f ed cf 5b 0a 39 ff 5c eb ed b4 ae a9 54 2b c4 be a0"
1787300109145,42,22.8226376,47,NOMINAL,32,"2e 8a 3e 2c 5d 7f 56 21 ed 68 a9 c6 f4 67 fd 83 13 8a e8 b9 53 11 79 99 8b 0c d2 96 42 32 ee bb"
1787300109147,42,20.4135151,46,NOMINAL,32,"28 db f3 82 c6 51 81 41 4d 1b 44 e2 e1 34 49 28 d7 79 09 9e 11 81 7a 60 f1 87 3a 4d 44 d9 70 6b"
1787300109149,42,20.453083,45,NOMINAL,32,"8f ca c0 5e 8c d7 af bc 08 b0 cf 24 b2 78 03 c1 04 1e 5a 42 e3 83 43 7f df 3e 2d 06 24 15 03 7d"
1787300109151,42,15.8186798,44,NOMINAL,32,"4d 64 72 a1 57 33 b3 a5 93 5e 82 8d 9b 78 51 a7 f7 5c 7f 60 19 74 ea 2f d4 b8 fe ba 94 b3 c3 b9"
1787300109153,42,21.833416,43,NOMINAL,32,"d9 61 a8 0e 17 e8 5f 03 5c ca 6c 17 87 13 af fe 1e 99 45 3c 59 7b 5d 1a a1 82 59 08 17 26 30 0a"
1787300109155,42,22.140377,42,NOMINAL,32,"90 ab 2c ae ce ed f6 b9 64 31 d0 c1 7b 49 dc 67 f6 2f 81 8e 4c 6c ce fd 49 97 28 5a ac 3a 90 74"
1787300109157,42,16.0966415,41,NOMINAL,32,"2a e1 cc 40 67 f4 de 59 bc 50 ec 1e ad cb 88 aa dc 2f 1c 5e cb 90 f3 ed 75 86 2c c5 86 3b f3 2e"
1787300109159,42,22.1125584,40,NOMINAL,32,"96 3d 70 2f b2 19 bd 18 dd d1 11 33 b1 6a f8 a2 4f 7f 83 4a 89 52 b7 ac 2a 7f 8a 0a 03 3f e2 81"
1787300109161,42,28.569458,39,NOMINAL,32,"30 f8 11 d8 a5 70 13 ca 93 e5 dc 6f ed de bc 8a 89 e7 df 30 58 19 6d ce a1 ff 35 98 9d cd 74 3b"
1787300109163,42,19.6299019,38,NOMINAL,32,"79 12 84 a9 94 33 7b 6c 6b fd bb 97 33 ad 45 6f 64 62 b1 2a ab bc 53 83 ee bf 68 bc 6a e9 ad 97"
1787300109165,42,25.226368,37,NOMINAL,32,"9f f9 6e 1f 3e 37 51 e2 3a 20 35 90 c2 6e e4 f7 39 de cb 6c 4f 6f ee 82 bf 48 db f4 2f 33 57 75"
1787300109167,42,21.1843491,36,NOMINAL,32,"1e 6d 05 7c ad 34 14 5d 71 09 ec 3f ac 94 79 ed f0 18 b4 1e 29 c0 da 25 69 f1 17 fd 04 da ef d6"
1787300109169,42,26.4866619,35,NOMINAL,32,"fd 57 fe dc 8e a1 83 fe d7 18 2f dd bc c2 a7 26 97 ad 49 c6 99 fc 8c aa de b2 42 07 67 53 61 77"
1787300109171,42,20.41539,34,NOMINAL,32,"1c e1 41 eb 15 76 8c ed a6 8e 67 9f 87 6d c5 9e 3d 7d b6 c4 f7 75 db 85 d9 46 ec a3 46 a2 db 95"
1787300109173,42,16.5777206,33,NOMINAL,32,"5d 71 68 c9 39 3f 1f 9b 3b 3f c9 bd 59 ad 4c 82 83 4c ed d9 f3 09 94 ca 4b 04 c1 1a e2 b6 ca 87"
1787300109175,42,18.8708401,32,NOMINAL,32,"0f 2a 76 ec 06 4e bc ed 72 6c 19 a2 ac 62 c7 3b 85 ea 1d 86 e0 37 2f b7 dd 0c ec 08 ab de b4 c8"
1787300109177,42,28.7725258,31,NOMINAL,32,"d9 55 ff 68 6a 82 3a 15 6b bb 62 a9 40 25 bc d7 72 3e 42 67 ae 1e 0b c0 dc d4 ea 94 43 31 ae a9"
1787300109179,42,15.9764519,30,NOMINAL,32,"e5 e4 08 ac 7a 7c 8a 87 a6 62 73 d9 d1 b5 40 3f 27 2d e4 32 63 1a 6d 61 18 c7 b9 4a ac b1 ba 4d"
1787300109181,42,19.7381725,29,NOMINAL,32,"f5 0f 72 ff 6e 48 2b 5f b9 9c ac 10 20 45 7f f3 4c fd 18 76 b5 16 3d 07 f5 06 e3 7e 29 f5 2f a4"
1787300109183,42,19.3915329,28,WARNING,32,"d6 3d 27 2d e8 57 ec 87 d8 d8 f0 1c 20 68 29 2a f7 74 e3 f8 6f 59 b0 70 7a 21 25 89 1b d1 55 97"
1787300109185,42,22.1702194,27,NOMINAL,32,"c9 8f 7d 73 50 d5 54 e1 c2 d9 fe ec c1 a7 15 e8 3f 39 db 74 3e c3 d0 2b 9b 9f 59 6d c9 86 b4 63"
1787300109188,42,29.3260612,26,NOMINAL,32,"08 af 11 68 48 29 8e 81 88 42 fb 43 5a 1e fa 23 00 54 21 e1 e6 cb 6f 24 ae 83 46 94 ac 17 b8 c6"
1787300109189,42,25.6538658,25,NOMINAL,32,"2a 05 35 20 53 18 9e 32 8b 3d f9 63 f0 3b 9d 15 8d 1c 40 91 29 ef 84 8b f9 e7 34 44 52 a1 85 bf"
1787300109191,42,36.1914597,24,WARNING,32,"c9 fa 90 7f 6c 6c 6d 2c 6a f3 de 13 58 6e 96 54 c6 90 5a e1 1f 97 fc 30 80 9e c2 b5 78 b6 99 a2"
1787300109193,42,22.5144348,23,NOMINAL,32,"8b e2 70 b1 04 e0 6f f0 ac ba 8f ec 22 79 3e b2 0f b5 55 2f 38 c6 6c 43 b2 4b bf 54 1f ce 94 6e"
1787300109195,42,25.2111187,22,WARNING,32,"42 73 f8 fc 0b 21 40 16 7c fc 28 f9 6e 6f 0e 7b 61 02 0c 71 78 0c 92 4b 11 0d d1 62 38 f7 a6 45"
1787300109197,42,19.4823914,21,WARNING,32,"93 64 67 f7 51 d1 17 08 53 75 8d ce a5 58 d9 5d 14 b7 5e 92 1d 75 dd a3 56 36 70 1b bb 05 7b 16"
1787300109199,42,25.483448,20,NOMINAL,32,"f6 81 ea 08 83 48 24 ae 1d eb 2e 17 45 d5 1e c4 f3 0a 8d 2e ee 49 2b a7 41 9b 85 c7 1b 96 11 85"
1787300109201,42,19.1544762,19,NOMINAL,32,"43 fb f8 e1 e6 e3 11 e4 7e ec 69 49 a6 26 65 9b a2 f1 dc fd 01 a4 b8 91 62 27 c0 2f 62 17 09 4e"
1787300109203,42,21.9137802,18,NOMINAL,32,"80 d1 6e 44 98 52 30 53 98 c9 93 58 2e e2 8d d7 ca ac 4e 55 2c 19 72 1f 87 10 f6 de bf 81 91 32"
1787300109205,42,30.9330521,17,NOMINAL,32,"dc 5e 79 61 6d d7 e8 a9 97 66 83 d6 f1 79 cb a6 bf 33 31 e4 e2 c3 73 af 4e 11 3a c1 18 ed 49 88"
1787300109207,42,17.8770275,16,NOMINAL,32,"03 fc a3 91 15 07 2f 0c 33 93 29 03 f2 a0 a6 43 78 d6 08 c3 41 94 b2 63 af dc 7f db bb 45 9e a2"
1787300109209,42,15.4708614,15,NOMINAL,32,"20 d7 92 27 3e ca d6 e3 42 e1 cf 3f 18 01 93 da 0c 89 b0 c7 f7 23 d4 a1 77 e5 3c 8c 76 c0 01 5b"
1787300109211,42,19.8387356,14,NOMINAL,32,"e6 1f 68 27 f3 46 4a c3 92 3d b9 b8 be 21 fe c8 f4 84 fb fe 86 92 9c 11 94 97 d3 72 f2 0a 25 f9"
1787300109213,42,21.8013477,13,NOMINAL,32,"41 7d 25 12 d8 9a 0b e5 c7 1e 59 b7 78 b5 b6 dd e1 27 cf 0b 5a 8d 40 bf b4 c7 7b 7a b8 80 7b 6c"
1787300109215,42,28.5644112,12,NOMINAL,32,"55 e5 ab 36 e2 ed 20 0c d4 09 d5 d5 25 8a 81 6a 59 a2 4e 9a c0 b6 55 5c ed c9 a5 55 0a a8 50 2f"
1787300109217,42,21.0383396,11,NOMINAL,32,"34 28 f3 4a bb b8 eb fa 2c cb 95 a8 e0 e3 7d 29 18 74 dc 80 2d 9d 87 23 f5 65 8a fc e6 76 d7 97"
1787300109219,42,22.6364727,10,NOMINAL,32,"a1 f0 db 31 7c e8 d1 8b 3c 91 66 ac 8b df c7 be 61 95 ac a6 68 7d d2 e9 7e 8e b1 e3 8c a0 dd dd"
1787300109221,42,22.786581,9,WARNING,32,"48 03 1b 4f 02 5e ca ef c9 73 3a b4 89 d3 a3 f9 67 ed 98 b4 aa 93 a4 52 2a e0 92 e3 82 8a c9 41"
1787300109223,42,22.5047417,8,NOMINAL,32,"b2 61 a0 08 5e 97 99 5a 90 e5 6e 2d 82 41 a5 9a 6b 14 d9 fe 58 59 c8 fb 8c 6e cb 84 1b 4c e5 0f"
1787300109225,42,15.2076674,7,NOMINAL,32,"e8 c3 07 70 8c ac 5e b6 f8 6a 82 f0 a4 ad f7 49 60 71 d9 08 51 62 4a a0 fa 6c 97 32 7f 4f 72 d2"
1787300109227,42,24.4424019,6,NOMINAL,32,"96 c3 7f a2 45 34 b8 b8 51 73 f2 2c 1e be 02 88 a4 6e 73 91 13 a3 4e bf 46 8c 5f 97 6c 21 0d 3d"
1787300109229,42,20.6482277,5,NOMINAL,32,"06 66 95 0d 93 c6 c2 6f ef 7a 3c 8a e4 5b 8d 7a fd c2 22 40 99 4a b9 67 93 2b 37 db c2 5b 46 96"
1787300109231,42,26.0602493,4,NOMINAL,32,"06 be ef 87 71 b8 a5 6e bc 2e 9a 37 71 8e da 4b c9 40 85 99 f2 40 09 72 f9 78 10 43 f2 5b 26 fb"
1787300109233,42,22.8494205,3,NOMINAL,32,"da da 75 3c 60 16 06 84 bb b0 ad 02 c7 98 9f a9 92 fd 98 ac 7f ca 39 97 01 45 7f c5 46 40 47 e9"
1787300109235,42,16.7320213,2,NOMINAL,32,"e6 74 4e da af 70 30 e1 23 51 3d 74 17 84 51 0b 12 ad df 11 3b a1 89 c5 27 89 16 31 fa 01 83 86"
1787300109237,42,29.9274673,1,CRITICAL,32,"bb 2e b4 63 a7 37 ac 61 8f 93 a2 17 09 50 74 55 75 f6 03 ee 33 f7 cb c6 bc 34 60 27 28 83 a2 44"
1787300109239,42,24.0715866,0,CRITICAL,32,"b5 a7 6d 98 d7 3b 32 79 0b 48 38 74 b3 1d 32 21 a3 bd b4 04 4d ac 37 07 78 75 95 4b 26 5f fc 97"
1787300109241,42,26.9795208,100,NOMINAL,32,"98 73 cd 1d 47 91 9f 4d 3a 1b 45 1b e1 83 ec 24 3e 7e 5b 26 17 e9 88 cd d3 90 09 8c 1f 7b 30 f6"
1787300109243,42,17.8802853,99,NOMINAL,32,"f2 14 58 24 3f 09 1f e7 1e b0 a7 b7 f7 ed 6b 3b 48 43 3d 9a 2a 27 2d f7 64 b9 99 28 16 36 6e 2a"
1787300109245,42,21.0777359,98,NOMINAL,32,"ef 08 40 bb d0 2b a5 97 36 17 c9 7b e5 49 32 b0 3d c6 54 96 98 2f c6 aa f0 3b d0 11 2f 06 9b cc"
1787300109247,42,19.6519165,97,NOMINAL,32,"e0 75 62 3c 22 aa 94 ae 67 bf f7 4e 29 49 d0 18 b1 bc 04 04 a9 2c 26 07 1d 4b 65 c4 94 2f 52 4f"
1787300109249,42,25.9258766,96,NOMINAL,32,"7a ba 33 66 27 b5 1b 0a 95 f7 a9 be d2 0d d2 2a 0a 6b 30 8f b0 b9 bf 34 43 1a eb b0 9b b7 94 bb"
1787300109251,42,23.4817066,95,NOMINAL,32,"6a 2b 14 f6 8f 6b 01 6c 93 d5 a4 c8 f2 e2 d4 9c 2f fe d6 c8 c5 ec f3 44 12 a2 7b 36 bd 64 02 90"
1787300109253,42,19.8472023,94,NOMINAL,32,"99 61 8f 7a 6d 49 da 53 ad c2 7f 6f 69 b0 f0 15 0f dd 17 7d 07 30 ab 04 d1 51 20 53 0a 82 be 2f"
1787300109255,42,24.3596954,93,NOMINAL,32,"90 24 de ed cf d8 cd 5d 9f 4c b0 25 f7 2f de cb 3b e8 dc 5e 18 82 9d 51 34 57 7c f0 49 6e 2e 38"
1787300109257,42,19.3031464,92,NOMINAL,32,"40 1f da 3b 3d fe c4 f9 28 2b 5c 13 a3 77 de 7d c3 45 47 25 29 69 c7 f1 c1 a3 10 e1 6c 75 c9 34"
1787300109259,42,22.5683765,91,NOMINAL,32,"a2 15 ea 8f 19 51 f9 a0 65 44 3e 1e 88 a2 20 9b 5b 8d 9c 74 d9 62 b7 04 62 81 a3 e7 77 8c 2c 3e"
1787300109261,42,21.9991951,90,NOMINAL,32,"86 ec 28 29 1b 94 0f fb 81 d8 7a 3f 16 df ba 29 aa 7b 2f ae 6a 63 ec fb e5 09 93 06 58 e7 57 29"
1787300109263,42,26.0602875,89,NOMINAL,32,"95 2f 09 f5 fc 73 f0 68 0b b1 16 0b d3 3a 29 57 6f 50 93 10 2b 3f 22 36 81 bf 6f 0b dd a4 7f 52"
1787300109265,42,26.8339596,88,NOMINAL,32,"5f 7e ea d8 e5 e8 3e e1 db bf 36 5d 01 2f 38 dc 69 07 05 93 22 c7 cc b8 37 ab c7 19 3e 3e 15 84"
1787300109267,42,19.5368195,87,NOMINAL,32,"3e 63 27 2c 40 41 3a 70 9b 08 68 9b e8 c5 65 a8 bb 67 7a a2 35 87 8e c6 70 17 30 43 f6 69 4c ba"
1787300109269,42,18.3410263,86,NOMINAL,32,"ad 08 33 2f ee 3c ed 50 b0 45 99 0b 08 1f 96 c3 8e bf 16 86 50 40 d1 b5 e1 b4 08 dd 7b e9 dd a1"
1787300109271,42,23.3140697,85,NOMINAL,32,"dc 74 c3 92 d8 ef af 95 d6 96 26 40 eb 2b e9 ae 17 98 ea ef f1 80 db 46 75 b0 97 32 81 b2 1c 5d"
1787300109273,42,21.7190228,84,NOMINAL,32,"e3 54 cf b0 eb 8c 90 1e d7 fb 19 28 2c c2 8f f8 29 ba 86 ee 19 6b 2a 8d 0e ba b1 9f 1e 7b 1a dc"
1787300109275,42,19.4356041,83,NOMINAL,32,"56 15 9b 63 ab ab 05 df e4 32 52 a0 2a f1 85 4a 05 d8 07 09 5f 3c b8 85 90 de 22 c4 bc fd 08 ed"
1787300109277,42,23.3588581,82,NOMINAL,32,"a8 65 18 7c a6 c2 e3 80 64 4b dd bd b7 ee 89 71 c1 cf 3f 1b 4e 3d 75 82 de 06 d5 cf e0 f0 8f 3f"
1787300109279,42,30.9554405,81,NOMINAL,32,"b0 44 32 af 31 bd 25 50 a7 a4 c6 43 0a d4 ae e1 0c c5 d5 c1 b1 78 f0 6a bd 0d 8e ee a9 27 4c 82"
1787300109281,42,14.8754416,80,NOMINAL,32,"ca dd 14 d0 da aa 56 9e 6c cc 02 e6 0e f3 27 8b f4 12 23 44 cd 7b 7f c3 52 84 3a c6 84 0d b8 1b"
1787300109285,42,28.4021435,79,NOMINAL,32,"05 b9 bd c4 9f 5c a6 13 1c d5 29 fa 9f 58 2a fa b0 8c 30 ab 6f 00 78 a7 37 37 8d 75 03 80 b6 d3"
1787300109285,42,22.1355762,78,NOMINAL,32,"98 d9 57 35 33 fb 95 54 e0 f9 d1 27 3c 0b 72 cc 11 27 d9 43 1a 24 45 5c 4a 74 49 7f fc 57 b8 e1"
1787300109287,42,23.8351078,77,NOMINAL,32,"fd b8 b1 90 ed d7 f7 62 a2 80 0c b3 40 37 63 a5 91 9f 85 dc 63 95 d5 f0 f5 b5 39 0c 03 0b a9 2e"
1787300109289,42,25.1328068,76,NOMINAL,32,"46 e7 e0 36 52 cd 0b 7d 95 69 cc fb 09 a5 64 9d e5 ab c7 2f 21 12 80 9b 04 da e2 eb fc cb 44 87"
1787300109291,42,23.208231,75,WARNING,32,"93 a3 d8 5f a7 99 4a 12 51 3a 1a 49 80 fb ab 79 d7 67 04 3b bc 39 f0 41 54 7c 41 d5 a2 c4 8e bd"
1787300109293,42,23.1237316,74,NOMINAL,32,"de 96 e8 7d 2d fa 26 b6 82 3a d6 35 14 2d b6 9e ea 3c 85 d9 3c e9 15 53 aa e1 7d 10 75 7c 67 8a"
1787300109295,42,23.3384857,73,NOMINAL,32,"52 0b f4 13 89 6e ee 5e 2e 17 ad aa 7e 0f 3f f1 99 c5 db ec 66 66 ab 58 0d 7e 1a 67 46 33 21 81"
1787300109297,42,26.6432381,72,NOMINAL,32,"1f 4a d4 cc 14 a1 9a d4 d4 5e bd f8 61 ae f6 73 c5 53 cc e0 e6 c9 7c 2a e1 d1 a9 6d 6d d5 b2 0c"
1787300109299,42,16.1203709,71,NOMINAL,32,"7d ed 49 b7 4b c9 c0 1f b1 23 ef 92 55 3e a3 c4 52 6a db d4 ca 77 2a 25 d0 5e 62 13 5e dd d7 98"
1787300109301,42,18.6532516,70,NOMINAL,32,"ed b1 50 30 bc 15 f6 2f f3 4b e4 7a 0e 75 85 4d 74 4f f3 f3 72 8e 48 dc a1 aa 97 aa 16 59 bc 09"
1787300109303,42,24.3566017,69,NOMINAL,32,"a7 e4 87 5d d4 b1 d2 71 3f 26 61 f2 e0 79 4f 17 55 e9 3d fe a0 7b ba 89 66 43 44 8d 84 07 64 6c"
1787300109305,42,20.4953575,68,NOMINAL,32,"19 55 47 c2 40 1e e8 99 1a 85 cb 81 1f b3 82 6e 48 7e 5a e3 db f3 a1 69 9c b2 db b9 ef e9 79 26"
1787300109307,42,17.2296238,67,NOMINAL,32,"42 32 72 7a 32 9f bd fb 05 d9 02 55 89 71 4e 24 91 84 87 f8 a3 ac b7 26 2c bb e7 2f 87 d7 99 f7"
1787300109309,42,19.8811836,66,NOMINAL,32,"b2 80 ce 25 75 c5 66 88 9e b3 ab 24 ad 73 02 18 2f fa 59 81 0f 5d 29 15 61 1b 45 1e fb c3 d4 39"
1787300109311,42,26.4928627,65,NOMINAL,32,"b5 1e 03 ca 0e ae 20 93 e8 9d 7f b3 1c 55 c3 24 3d 95 29 6b 4a c6 29 66 3e 84 a6 ca 04 d7 aa 50"
1787300109313,42,18.3833122,64,NOMINAL,32,"c9 fe 6b 6a 67 c2 5b d6 b6 97 ea bc eb cb 23 b0 1f 48 30 59 71 9b d5 b5 02 f1 fa 8f 41 da 98 f9"
1787300109315,42,22.0804996,63,NOMINAL,32,"0c 48 52 17 3c b9 48 7e 26 a6 27 d5 e5 72 b4 82 27 d2 c2 ac 26 52 cf 75 58 19 c7 47 ab 1e 93 8a"
1787300109317,42,22.6551933,62,NOMINAL,32,"e8 5c 0a 15 33 9e f8 44 12 89 9a 32 1e b2 d3 08 42 d8 b8 83 9a 4e 74 1c e4 ef 40 eb dd 2e e3 e0"
1787300109319,42,22.2575798,61,NOMINAL,32,"bb 0a 76 ff 84 32 77 35 fe 8e 76 d4 59 42 60 4e f9 d5 eb 11 45 dc df d1 7c 9a 8e 41 5a 68 ec 53"
1787300109321,42,11.285284,60,NOMINAL,32,"66 dc 8d 7e 7b de e7 a5 73 de 72 8a 4d 37 8d 64 cb 45 d3 49 90 dd a5 55 0f 47 b5 c5 79 02 22 da"
1787300109323,42,23.7396011,59,NOMINAL,32,"b7 e5 6e 87 5d c0 38 06 61 d4 ad 45 32 8a 43 92 5a e2 9f 66 d8 4f 95 35 9d d8 51 65 06 1a 7b 1e"
1787300109325,42,22.4248829,58,NOMINAL,32,"89 9e 14 9d 99 65 31 cd 8f c4 b1 ea 84 00 de d0 31 a3 2e 1d 65 a0 b3 81 05 58 40 d9 a9 95 2b 65"
1787300109327,42,15.6924419,57,NOMINAL,32,"73 88 1b fe cb 55 b5 43 a2 f9 10 0e 74 98 de 2b 5a ce e9 a6 6e 47 ae 5f 35 fa 18 61 62 d3 49 8a"
1787300109329,42,27.0844097,56,NOMINAL,32,"f9 73 a6 23 b3 45 a1 97 15 c2 ec 5d a5 19 6b f0 0c c9 15 16 b1 d3 ac 1f e5 66 d1 c6 da dd 40 06"
1787300109331,42,17.6877003,55,SAFE_MODE,32,"04 bf 19 3b 0e d2 af 3b 37 c1 8b 07 c7 17 5a b8 fe 5c 97 67 ed 0a 02 ef 97 29 07 cd 42 59 13 e4"
1787300109333,42,29.6364555,54,NOMINAL,32,"fc ee 61 c8 76 0b 59 5d 07 2e e7 e6 00 8f 76 bd 0d d3 5a fc d5 ab 65 69 f4 6d 0e c5 19 d9 4e 70"
1787300109335,42,24.8734188,53,WARNING,32,"81 29 ba 44 eb a6 77 aa 97 46 64 a7 c5 4f a9 61 ee 3b f7 8c db ed 5f ef b9 99 d0 01 06 36 3b 98"
1787300109337,42,17.9789658,52,NOMINAL,32,"a4 f7 73 c5 81 95 56 b8 0f b3 a8 f8 1e 86 2b 8b 6d af 46 59 e4 ce f0 ba 0f 89 9f f9 19 5b 88 3c"
1787300109339,42,22.0046349,51,NOMINAL,32,"28 49 d6 07 9a 05 ca 6e c2 82 11 ca dc 5f a2 4e ef ec 0b 3b ae 2e 68 ab 2a ee a0 62 6c 70 2d b6"
1787300109341,42,19.6108227,50,NOMINAL,32,"b7 cd e9 3d 85 02 79 88 a8 bd f8 09 93 5e cf a7 bb 83 f1 ec fc 16 ce 3e ee 35 f9 45 a9 d0 29 04"
1787300109343,42,21.7055244,49,NOMINAL,32,"10 76 36 8e 80 1b 50 a0 4c 14 28 f5 bd 79 49 42 f3 7a 21 26 64 08 f4 2e 2b d6 77 d9 1f cd fc c5"
1787300109345,42,21.5078659,48,NOMINAL,32,"af f0 c1 00 12 bb 3f d4 fc 0b 12 3a 81 c8 43 6c 9c 98 22 61 87 d0 3d 72 e9 50 5a 88 a2 2a ee 31"
1787300109347,42,14.9854584,47,NOMINAL,32,"48 d4 96 3c 11 8b 63 0a b8 fd 54 19 8f cd 1f 5b 3b 8e 17 09 01 06 01 f0 d4 8e 43 7b 99 44 00 d1"
1787300109349,42,22.8614998,46,NOMINAL,32,"6a b9 0c ff e7 96 87 0a 10 4f 56 ef ee ac 04 0c cc 61 05 a4 53 69 e2 88 b8 e1 5c 86 bb 97 63 a0"
1787300109351,42,18.7202415,45,NOMINAL,32,"b0 22 f4 ce e4 b3 12 72 79 3f 51 cc b2 e0 7f e2 03 69 6c 19 76 75 a5 5a 85 fc 7c 6a ff 08 02 a1"
1787300109353,42,16.6938858,44,NOMINAL,32,"31 1f 0b bd 04 01 d4 38 1f 67 fe e6 bd 72 99 40 35 10 63 60 b9 13 3e 11 58 14 bb ea 7f 78 60 80"
1787300109355,42,25.813427,43,NOMINAL,32,"8a ac 08 e3 5e eb 08 53 c1 52 c3 71 2f 87 21 f7 24 18 e7 12 f5 07 12 87 12 f0 b9 64 95 7c 25 f8"
1787300109357,42,20.1295414,42,NOMINAL,32,"c3 67 6c 93 83 e4 58 b7 d2 ae 4b 5b 62 d5 ff 30 97 48 97 ee 9d 36 74 fd 1c 58 0c 81 8e 8c dc 19"
1787300109359,42,24.9238052,41,NOMINAL,32,"5e 27 f3 b3 1c 95 f7 df 4f 8d b9 4e 1d 18 4b da 0a b1 fa ea 2f 0b 8e 76 5f a2 08 5b 5c 27 a8 0d"
1787300109361,42,25.942524,40,NOMINAL,32,"7c 1a 93 5d 63 bf 14 3e ff bf df 95 9d c7 48 42 cb 3e 14 b0 3d 3f 56 c1 3e b4 ee 38 5a a9 ec e8"
1787300109363,42,23.1532383,39,NOMINAL,32,"01 92 98 aa a8 9e 20 36 48 fd 9f 0b eb 6b 14 16 83 a8 a9 3c fa 60 a3 08 9d c9 fe 27 68 39 4f d0"
1787300109365,42,32.3017578,38,NOMINAL,32,"a9 b4 1e f6 16 62 5a 25 db 72 4d e6 99 ff 9e 3a 2b ec 7b 76 81 fd ed b0 11 00 19 49 07 d9 26 ad"
1787300109367,42,12.4915161,37,NOMINAL,32,"07 69 01 36 b9 24 d7 03 68 43 7d 99 4b 03 c6 33 fd 4a 7f a4 f1 77 37 cc da 46 89 fb 6c d7 43 ab"
1787300109369,42,23.318718,36,NOMINAL,32,"18 9c f9 10 19 cc a3 16 88 69 45 e5 4d f7 e4 94 ae 75 95 fc 05 82 ac e5 8c de 89 34 91 5b fd 5a"
1787300109371,42,19.3505516,35,NOMINAL,32,"e2 24 b7 3f ed f8 3c f5 fe 7c c5 e4 10 ca 0d 60 6a 9c ee ed e5 46 cd 87 77 f0 1e a9 c9 6d 2a 0f"
1787300109373,42,16.1424007,34,NOMINAL,32,"36 8d 55 b1 92 51 6f 06 19 89 18 d4 aa 55 c1 6c d7 c4 10 8b 5d 20 37 d1 c8 b3 42 14 38 14 bc 03"
1787300109375,42,22.9867058,33,WARNING,32,"3b 7b 24 e7 4a 80 f0 3d df a1 eb 2e 69 8f 7f b8 62 7a 40 b2 8c f4 87 aa cd 44 e1 a8 7a 2a e1 79"
1787300109377,42,25.6720505,32,NOMINAL,32,"07 4b 92 95 7d 14 0c 70 9b a5 e2 79 7c 06 97 e1 bc 3f 52 5f 1c 99 ba ee 44 22 23 4d 43 8a ac 72"
1787300109379,42,20.7320175,31,NOMINAL,32,"08 bc 63 17 4c 97 ed 45 86 fe ea ef 4d 47 42 0b 74 ff 22 c2 e8 6b d0 74 57 8e 41 d5 75 3f 70 a8"
1787300109381,42,14.7776031,30,NOMINAL,32,"a0 00 65 d7 68 a6 51 9f 09 e6 85 57 f7 a6 9b d8 4d a6 13 5a d8 7a fa 34 f5 96 c0 30 df 4c 6c 49"
1787300109383,42,25.0571423,29,NOMINAL,32,"44 60 a8 71 73 ad c0 f8 31 02 77 2f f2 f4 35 b8 4c 34 6b c5 0a 0c 55 83 61 8f 98 1f 49 4b fc 82"
1787300109385,42,16.293396,28,NOMINAL,32,"9d 1c 17 52 21 a6 9d 74 08 cd 09 5c f4 79 2a 46 df 43 5d a7 6b 32 2c da 91 c6 bf 80 75 98 0e f5"
1787300109387,42,20.2911015,27,NOMINAL,32,"56 96 70 d9 ca 49 05 0c 9d 51 c0 25 36 77 d9 84 84 e2 0a dc dd e9 77 3e ee 6c 74 11 13 8e fe 3f"
1787300109389,42,19.5184479,26,NOMINAL,32,"ea f5 0a fd fd 75 ff fd 90 d2 14 80 89 d4 9a 71 75 63 ad d4 70 ae d9 57 41 90 0f f0 d4 37 8d 76"
1787300109391,42,21.5465889,25,NOMINAL,32,"a9 8c 61 b9 96 07 bc d1 51 8c f5 e4 5d 72 de 1b dc 59 b5 9c cf ac f2 9c 35 70 d0 41 eb 27 dd 58"
1787300109393,42,25.2035618,24,NOMINAL,32,"ca 08 c6 53 02 78 3d 68 ce f3 46 0a 3e c1 0e f9 9f 07 f5 c8 0a a7 16 74 89 e8 0b c1 30 12 40 81"
1787300109395,42,19.6302299,23,NOMINAL,32,"a4 c2 a4 8a 70 33 d0 12 b9 63 d6 26 8a 59 55 40 72 17 12 6f b2 b3 f7 a1 d4 8d fd 3b a9 8b 29 28"
1787300109397,42,20.8933773,22,NOMINAL,32,"c1 88 00 a2 3d d2 1c c0 23 21 cd ee c7 b5 1c c4 97 52 94 54 56 27 a0 de bb a0 bf f4 e6 d7 ab ea"
1787300109399,42,22.5695744,21,SAFE_MODE,32,"b0 e1 2b 7c ca 9d 24 9a 69 78 2b 5b ab 6b db b4 61 64 6d 59 46 50 7c b0 21 66 5b f4 f1 0e aa 8e"
1787300109401,42,23.7480507,20,NOMINAL,32,"07 ca 4b 6b b1 ed 8e 76 4e a5 90 8c 46 1f 67 d7 16 56 25 ba b0 4b fc 2b 68 52 a2 0e 81 65 a7 d1"
1787300109403,42,28.0350075,19,NOMINAL,32,"cc c5 9d 85 d4 be 22 f2 e1 2d 6f 54 c2 42 0e 25 3a 93 32 05 b3 73 29 08 a2 a0 67 4c 85 92 75 6f"
1787300109405,42,18.9698658,18,NOMINAL,32,"fc 81 6b 52 25 f4 85 ac cd df 94 9b c5 44 95 7e 94 d6 84 3b 34 77 83 de 7e d9 c0 cf 35 e7 a8 f0"
1787300109407,42,29.7935181,17,NOMINAL,32,"2b 44 1f b5 5f d1 55 50 33 78 f6 7c b8 fa 7e d5 7c ff 00 4a 0d ce 37 03 35 12 10 20 62 63 11 08"
1787300109409,42,20.2979946,16,NOMINAL,32,"b9 b4 a9 76 70 c5 ee bf ca 23 ba 62 7d f3 c6 15 ec 42 ab 87 44 65 45 b4 de 3a 50 e2 96 48 22 4b"
1787300109411,42,27.8259392,15,NOMINAL,32,"36 b9 50 00 af 83 9c f7 f1 e5 d0 44 07 71 a9 58 b6 f4 da dc 21 32 cf 82 41 db c1 c3 dd c2 5f 9d"
1787300109413,42,19.1397533,14,NOMINAL,32,"b6 11 87 83 0d 54 54 6c 8f 27 ca 05 43 3b 96 83 83 96 b4 07 64 fd ed 08 9c 52 e7 f5 70 f7 8a b5"
1787300109415,42,16.47085,13,NOMINAL,32,"b2 fa cb 46 e9 95 34 56 9c 79 a2 79 57 43 a6 e7 99 14 18 45 cc 57 b7 11 22 13 93 2c 06 bd 3f 71"
1787300109417,42,14.7405891,12,NOMINAL,32,"82 68 f5 ab 50 48 f0 36 16 d5 4c 68 8b 0f 08 1d 45 91 51 e0 ee 29 3e 26 bc 3a 67 88 83 85 a7 de"
1787300109419,42,20.6690445,11,NOMINAL,32,"09 c0 0c 0a 6c e1 13 52 99 84 9f 1d da 8c 9d c2 ce 72 3e 32 44 21 fe c6 b6 17 d3 a5 77 c9 8a 31"
1787300109421,42,25.102026,10,NOMINAL,32,"5b 60 96 c4 c1 e9 63 c6 78 56 c2 22 d6 9f 4f 77 1a 1d b3 83 4a a3 6c ab 4d 3c a1 33 bf 79 9e a8"
1787300109423,42,23.3641262,9,NOMINAL,32,"2f 7b 02 1d f0 ac d4 1f 8d 05 c8 cb 73 cb a1 64 fa 30 16 95 16 f0 22 f1 82 19 3f 8b 97 1b d0 9b"
1787300109425,42,26.7191048,8,NOMINAL,32,"d9 f8 86 51 bb 88 e9 9d 7e 05 1d 2e 6d 79 f8 14 92 89 3b 0b c0 bc 46 70 fa 13 01 0c 89 2c 1f 0c"
1787300109427,42,21.8487415,7,NOMINAL,32,"e2 ae ed 44 cc 55 fe 4e 6d 83 8d b0 2c 82 04 cf 84 73 62 3e 27 30 ac 1b 01 41 0a 39 c3 cc 39 91"
1787300109429,42,18.4884529,6,NOMINAL,32,"bc 5a fa 3a c9 85 f6 41 e7 f4 e8 0a 4e e0 bb 9c 06 49 3a 12 48 ed 3d a2 53 d0 15 52 2c 6a d3 08"
1787300109431,42,26.9233551,5,NOMINAL,32,"04 e2 cc 36 1f 55 e3 fc a8 54 e1 9a 2d d5 ea 0a f0 77 78 c7 41 6f f3 2e 5b d6 59 53 60 7d 85 27"
1787300109433,42,21.8574047,4,NOMINAL,32,"1f e1 9d 3b e6 24 bb ac fb d7 3d 82 58 2f 68 8e c8 16 97 e0 cd 41 a9 ab ac 48 c3 dd 9d 10 13 8f"
1787300109435,42,18.7867451,3,NOMINAL,32,"68 3d e0 d2 d5 bc 19 ea ef 61 ee ef 2b 1d d9 3e fa e3 d6 2b 7f 1f d6 d5 38 f8 03 12 00 cf 5a f1"
1787300109437,42,19.3235588,2,NOMINAL,32,"26 cb 22 57 14 9a 6a d7 04 71 5e 40 8b 16 89 13 f6 4c 85 f9 32 bb 19 e1 bc 29 2a e6 65 70 4a a2"
1787300109439,42,16.8958969,1,NOMINAL,32,"b4 2c 91 85 0c 32 52 c1 43 77 d2 eb 66 38 af 96 89 ae 1f fa fb dd 01 06 b7 b1 95 b3 af d9 8c d1"
1787300109441,42,20.3547688,0,NOMINAL,32,"d7 4a c1 5d 62 f7 79 41 0c 37 8e e4 f8 48 03 7d 4d f0 55 a3 eb 35 4b 26 56 b7 73 2a 87 da 70 6f"
1787300109443,42,32.0889168,100,NOMINAL,32,"f3 7c 92 98 ee 42 a1 be e7 0c 21 0d 3c 77 e1 dd 27 9a d1 87 7d 84 70 68 52 e5 2b 68 ce 04 50 8d"
1787300109445,42,21.3856659,99,NOMINAL,32,"20 4d 3d 14 35 0b 43 1e 8e 14 66 c7 91 9c 2d c1 94 f3 89 e7 2e 7b 95 bc da 96 24 ef c0 27 59 6c"
1787300109447,42,21.6754894,98,NOMINAL,32,"5e 0f de 5f a9 b9 ea eb d3 dc 8d 4a 85 48 35 63 b9 3c 3b f8 8f 61 ad 5c 3d f0 20 3a b4 7d d1 dd"
1787300109449,42,24.8640003,97,NOMINAL,32,"a1 fb 08 0f a1 38 09 7f 12 51 1f 74 95 05 0d 65 4a 22 4e 1b 4c 5d 76 c4 d4 71 6e 37 8d c0 0e fd"
1787300109451,42,25.041502,96,WARNING,32,"71 6c d3 4c a0 58 8d 57 f0 80 21 f8 b9 32 ee 43 80 fe bd 40 e4 bb 84 f3 f3 12 13 30 b6 1d e8 90"
1787300109453,42,21.3567982,95,WARNING,32,"98 d8 c5 d9 ea 87 7d 1a de 14 d2 e2 f5 26 e5 77 86 41 2b 23 f8 12 32 24 d7 64 bd 3c 05 01 91 1e"
1787300109455,42,26.3328915,94,NOMINAL,32,"3b d4 88 30 a8 95 cc ae 59 74 44 82 49 18 9b cc e0 c7 40 4a 00 11 e4 bb ca 5f 60 5e d4 ac 2a c2"
1787300109457,42,33.3344727,93,NOMINAL,32,"09 32 0a 1e 0d 8c cb 61 3d 03 9d 3d ab 59 79 f8 d3 c0 22 98 a2 e8 f0 df e9 83 e4 4e 71 52 6f de"
1787300109459,42,27.3459816,92,NOMINAL,32,"6b 96 17 89 d3 87 af e0 b6 5a 81 33 75 f4 e2 4a b8 4d d4 41 19 a6 15 aa 37 9b d5 86 27 bf 5e ff"
1787300109461,42,16.7076721,91,NOMINAL,32,"9c 66 d4 ea f4 33 8a 8b 73 e5 c8 e5 5b 8b 1a 60 01 68 30 19 3b dd 16 e2 89 4a 64 c5 a3 ce ba ca"
1787300109463,42,15.890007,90,NOMINAL,32,"a7 8a f9 64 39 27 1e 22 c3 43 96 08 89 d6 ab eb 7c 21 f2 58 0d 63 e8 a0 40 5f 4a b4 17 ef f0 40"
1787300109465,42,24.706913,89,NOMINAL,32,"f6 7d e4 ea a1 ac cf 5c 93 b8 b1 c2 f3 1a be 9d 87 02 61 f2 88 c3 1b dd be 9f fe 11 b5 0d aa e6"
1787300109467,42,20.1358643,88,NOMINAL,32,"12 da 8c fa 7c 77 ec e7 ca c0 c8 9c a1 91 35 ae 91 9c 65 80 4e 96 95 92 79 83 9c c6 14 10 a7 2e"
1787300109469,42,22.011137,87,NOMINAL,32,"8f 60 ff 86 0e c5 62 93 fb 27 08 ad b7 d6 fb 9e d8 c1 d5 0e 31 42 8a e4 06 0a da be 2a 3c 2f 5e"
1787300109471,42,22.0974064,86,NOMINAL,32,"e0 3f fd 30 f2 08 b8 8e 3d 48 b6 94 d5 e7 18 57 90 58 f6 14 6f 58 9b be 82 e8 38 e6 9e 46 0b b0"
1787300109473,42,27.28022,85,NOMINAL,32,"3a ab 5e a1 92 e9 fc 3c 92 ba ab 50 f5 72 56 d3 ee ed f0 48 8d 72 20 1d 37 2d 5c b1 99 f0 ce 20"
1787300109475,42,29.7929688,84,NOMINAL,32,"90 67 4f be 60 1a 18 02 a7 69 89 96 ad 66 67 99 a0 87 18 8e 00 9b 3d be 43 0a 72 d4 c2 c5 a0 3e"
1787300109477,42,27.4419308,83,NOMINAL,32,"6b c7 78 6b ca 08 4c f6 ae 01 8b e9 8e 78 63 a2 69 1b c7 6d 63 4f a9 96 91 29 e1 4d 3d 33 d7 34"
1787300109479,42,22.5528374,82,NOMINAL,32,"96 2e 94 c6 37 d8 8e 2a 81 12 00 2d c9 cb 8d 1f d6 0c 6c f9 a6 7a 1c 47 a3 4f 7b 33 73 b7 b8 d1"
1787300109481,42,31.435215,81,WARNING,32,"bb f2 fb 95 bb ec 4f fa 10 fa 4f c4 1b dd b4 8a 5d f0 35 11 53 c4 64 65 d9 6a aa dc 3b e9 70 f7"
1787300109483,42,23.3111343,80,NOMINAL,32,"91 3f 51 d1 c5 cb 80 50 94 3c 90 1d 6f 2a 48 8c 5a 69 8c 59 43 c5 86 15 c6 ad 63 34 d2 80 59 3f"
1787300109485,42,17.5864754,79,NOMINAL,32,"cb 1c 05 a1 99 bc 81 21 a7 7d 02 a6 30 46 2a 2e 1e 94 bc 3b 34 c7 c5 5e 30 1e 9a 94 fd a4 56 ce"
1787300109487,42,19.5624924,78,NOMINAL,32,"a4 04 cf be 57 4d 38 49 43 03 76 8e 91 d5 dd bf f9 33 3d 75 85 b0 79 bc 76 4e 68 5f 9c 2a 7c 6a"
1787300109489,42,26.8817558,77,NOMINAL,32,"d3 14 19 7b 97 53 13 54 fb 6d 3d 6a 4c 76 9d 8f f0 09 e1 39 bc a1 48 cd c3 cb 9d 12 38 46 be 60"
1787300109491,42,16.9976044,76,CRITICAL,32,"0a 46 95 5b 89 b9 11 18 65 56 1d a4 fa 37 e0 8f 48 07 cb dd 8f 36 c4 fe d4 f6 3d e3 d7 56 1a da"
1787300109494,42,21.7521915,75,NOMINAL,32,"d1 b6 f7 7c 5e 87 6c f4 70 c9 e2 87 f7 15 dc 0b 76 3c 5b 91 93 d8 c6 d0 1b 0f 99 99 c1 8f 65 8f"
1787300109495,42,18.5087357,74,NOMINAL,32,"58 d6 fa 97 e8 a3 2d e5 fc 51 b3 38 e7 62 b8 f8 10 30 e3 a0 4b 35 ab 44 b4 c4 13 4d 54 d1 61 71"
1787300109497,42,26.925396,73,NOMINAL,32,"cd eb 4b f6 a2 7d b0 8c bf a5 dd b9 d8 92 6b 91 07 98 11 ca a6 c3 0e 7a bf a9 d5 ef de 06 cb 52"
1787300109499,42,20.8435078,72,NOMINAL,32,"d8 f8 a3 1b 37 ef f9 22 3d 76 35 64 cf d5 91 cb 23 f9 3f b3 07 2c a0 b0 b7 1e 17 63 4e eb b4 e4"
1787300109501,42,20.5903511,71,NOMINAL,32,"18 cc 5c 36 91 b7 a1 d9 8c a6 af 35 02 c7 09 22 53 19 c9 d8 93 8b 5f fe f0 4f b3 34 bd 33 ea 43"
1787300109503,42,21.3174801,70,NOMINAL,32,"54 0e 58 45 74 1f 2e d9 b7 44 1b d0 a4 ed 36 80 68 24 24 c3 14 c2 02 5a 13 3f bf 7f 97 e7 74 2f"
1787300109505,42,26.0654564,69,NOMINAL,32,"21 4f fd 35 68 01 89 47 c8 1a 8d 9c eb 4e ca c2 45 61 03 6d 63 43 fd c9 12 47 b0 2c 53 0e 7b 32"
1787300109507,42,25.6711502,68,NOMINAL,32,"8d 31 ad 02 75 28 43 75 81 41 2d 34 1d e3 a4 46 96 b7 23 74 be d2 f4 15 d6 2f 02 13 ea c6 d9 a5"
1787300109509,42,23.8844414,67,NOMINAL,32,"f2 eb 37 b1 13 8c 39 76 e5 0b 60 06 ee c7 e3 6e d2 35 33 28 b3 e7 7e 3d c4 03 b9 18 64 22 32 d4"
1787300109511,42,22.4792976,66,NOMINAL,32,"a9 91 26 f2 95 5f ab 4b cb 2c 87 dd cd d8 74 4e f6 43 60 cb 36 4a 68 ca e6 c3 72 56 5c 8a b6 56"
1787300109513,42,24.7660332,65,NOMINAL,32,"5d a2 99 66 cd 44 52 7b 60 e2 70 db 16 f5 ce 55 1f ce 66 05 39 ec 2f f8 c4 2c ba 7e 2c 64 e7 95"
1787300109515,42,27.6007824,64,NOMINAL,32,"f0 1c b3 8e 3f 88 d5 28 4a 96 3e c5 00 77 47 30 21 72 23 cc d5 86 a6 01 45 9d 6b 05 e5 24 cb e4"
1787300109518,42,20.2425232,63,NOMINAL,32,"41 d4 f7 ca df be 05 85 97 85 cc 1a a5 bd ed 67 6f c7 01 38 4b 15 1b 84 64 35 85 d2 90 3b d1 a2"
1787300109519,42,28.6492672,62,WARNING,32,"4b b5 2a 3c 22 97 18 a9 e6 fc b9 9d 93 a6 e4 b1 f4 23 03 e2 21 2a d8 11 ce 9e 9a 98 37 89 84 ab"
1787300109522,42,18.0179958,61,NOMINAL,32,"68 2f f4 05 ae 2d a0 bd 70 82 8c 0d 99 78 dc 4b 2e c2 e5 05 24 9e c6 17 54 cb 70 47 b8 16 36 89"
1787300109523,42,24.1014156,60,CRITICAL,32,"86 cc 89 54 29 e1 04 38 a6 d4 62 01 51 f8 8b d0 51 bf 7c fb 65 e1 0c 70 92 b1 3a 9c 12 3d 00 f5"
1787300109525,42,24.1657639,59,NOMINAL,32,"d0 42 c0 d8 a0 76 77 c5 82 d8 c6 5f a7 a0 58 61 2f 60 ad e6 05 75 f0 d0 d4 eb d1 07 e8 87 26 ed"
1787300109527,42,18.8570366,58,NOMINAL,32,"b6 ca 31 65 8a 22 d1 8c cf b3 ef 22 7b d2 24 40 55 30 c2 63 d8 fc f3 38 f4 f7 b3 f3 cf 53 c7 50"
1787300109529,42,32.3286324,57,NOMINAL,32,"06 28 d0 ec 46 7f e8 29 48 e5 22 2b d7 13 85 ad 48 de 12 22 a7 80 04 c0 15 19 77 32 a7 a0 f2 3b"
1787300109531,42,22.5962963,56,NOMINAL,32,"09 88 63 ea fd 17 d8 37 7e 92 c6 aa 88 0c d5 0c f1 65 3a a0 01 be 94 25 7e 29 8a 36 94 84 74 69"
1787300109533,42,22.8947563,55,NOMINAL,32,"0d 19 af bc 7e 3d f2 48 c4 0b 45 b1 ee 93 47 ba 6d 93 00 f8 69 12 ce 3a 53 27 9f 0c e1 e9 67 67"
1787300109535,42,28.299202,54,NOMINAL,32,"f1 b7 2a b0 5c 50 a9 8f 73 46 e9 8b 16 ba 41 9d e8 0b a0 e2 c9 37 2e 85 4a f0 c0 38 d3 63 52 e2"
1787300109537,42,17.7653732,53,NOMINAL,32,"6e 17 58 5b fe 8f 87 46 00 8f 86 44 ad a2 8d e0 d1 fb 5b 35 78 9c bc 9b bc 3d 1e f9 50 ea bd 09"
1787300109539,42,15.4004745,52,NOMINAL,32,"f9 58 33 dc 98 e0 80 d2 2a 4c e6 a1 a4 0e 89 55 e1 59 64 a5 0d e7 92 93 44 51 08 4b b8 40 18 72"
1787300109543,42,18.1187973,51,NOMINAL,32,"eb 9e 93 ef 22 3d 2e df 55 67 9a cb b9 ff 2d e1 0a 0a 67 c0 32 cd f9 15 39 2e b8 08 6b 3e ff 50"
1787300109543,42,18.3871593,50,NOMINAL,32,"37 89 df 34 87 aa c9 a3 82 b7 28 9c a2 c6 8f 5a c9 be 04 f8 65 4b fd 5f e1 54 78 8f 5c ab e7 47"
1787300109545,42,27.2603607,49,NOMINAL,32,"3a 24 b1 6d d7 96 a8 4d b5 30 fc 99 27 22 8c 78 94 6a 23 c3 85 76 c1 c2 28 bc b0 a0 c1 44 4e f5"
1787300109547,42,31.9547729,48,NOMINAL,32,"b9 ae ce 2a 13 09 02 85 00 a1 4c 52 b8 0f d1 7e aa 0f 1f 38 5f c9 1d 79 10 55 4e 60 4a 86 68 23"
1787300109549,42,23.2842579,47,NOMINAL,32,"99 11 d4 26 a6 18 5d b5 fa a7 8c 41 e2 a1 cb 0f 21 80 f6 0e bb 5b d9 a0 7c 29 b3 ca ce de 63 96"
1787300109551,42,20.418726,46,NOMINAL,32,"25 af 2e 09 d1 b5 c0 08 e4 b3 8e 07 e8 30 49 46 ec d5 3e 6e dd b3 31 b6 2b a2 1c 68 b2 bf 03 06"
1787300109553,42,21.9920883,45,NOMINAL,32,"fa 33 6d 54 e0 86 0a f3 d4 fa df f8 c3 f8 a0 55 eb 1f 07 6c 37 4d ec 89 c5 50 0a ce ae 9c 15 c5"
1787300109555,42,22.6800213,44,NOMINAL,32,"07 b4 64 7a fe 02 86 b1 c5 2c f9 b6 96 bf 4c b9 cb df 87 fe 7c 1f 68 58 df fd e8 33 cc 08 34 72"
1787300109557,42,23.3535175,43,NOMINAL,32,"19 4c a9 84 e0 bb ab f9 3b fa f2 22 b1 32 d7 54 30 01 f4 58 ea fd ad 0d ed fb dc f0 aa 4d e0 6e"
1787300109559,42,23.9571266,42,NOMINAL,32,"a6 cc 20 c0 a0 96 5c 65 39 9a 39 2b 17 1d dd 1e 86 35 64 a4 07 80 ef a7 75 17 4e 3d 9b 1b 1f 06"
1787300109561,42,17.6912651,41,NOMINAL,32,"72 99 d6 00 e0 f2 a0 f3 a5 68 81 b6 0b e9 13 a6 f7 96 1e d2 b6 76 c6 c5 19 99 fd 79 56 4d 2f a5"
1787300109563,42,22.9385319,40,NOMINAL,32,"93 52 8b bf 98 b8 bf 01 db fa 8c 19 dc 15 04 05 06 ca 49 a0 32 96 33 7c 00 18 d7 b1 33 a5 b2 fc"
1787300109565,42,16.738657,39,NOMINAL,32,"a3 66 9d 87 de 2f d9 4b 0d 67 84 b9 6a 35 51 b9 16 66 bc c9 bf f7 33 38 ce 45 7c 76 6f d2 8e e7"
1787300109568,42,28.6941605,38,NOMINAL,32,"4f d8 ef 3c b3 1e 1f 4a 70 23 73 fd ca bc ab 12 4a 62 70 76 9a f9 ca 52 13 0a 43 38 8c 20 71 cd"
1787300109569,42,22.9910011,37,NOMINAL,32,"7d 76 20 b0 e7 7f 6b 14 c2 80 ac 96 49 40 4e b3 21 0c 1e 03 14 11 89 c8 05 36 1d 79 20 2c 83 f0"
1787300109571,42,23.679409,36,WARNING,32,"12 6c 00 ba 5d 1b 68 8e 9b 59 e7 4e da b2 ad ea 72 b4 85 e1 b4 ef d0 6a 7d 0f ef 54 57 f8 2e 45"
1787300109573,42,21.1485806,35,NOMINAL,32,"b1 c2 b0 14 33 ce 1f 41 99 22 a1 33 e6 54 fe 08 57 bc cd af e3 bd ce 47 54 d9 c1 04 f4 2d cc 56"
1787300109575,42,14.7156086,34,NOMINAL,32,"54 4f cd 73 36 9f 09 b1 69 71 a3 36 41 48 21 3d 58 ff 57 b9 53 32 7d c1 fe a3 d1 41 19 25 16 21"
1787300109577,42,22.5403061,33,WARNING,32,"b1 00 5e c7 5e 43 07 36 cf 5b 5d 11 59 51 73 79 e2 e8 8f 99 60 d6 31 b5 10 5d e7 9a e3 c0 78 52"
1787300109579,42,22.4266758,32,NOMINAL,32,"68 9b e1 20 c4 b3 22 17 a0 d9 28 db a9 96 2b 7b e2 43 2f 5f cb 92 32 01 53 a3 90 c0 6e e4 7c 3d"
1787300109581,42,20.605957,31,NOMINAL,32,"0e 3b e7 41 3c c7 3c 16 fd 30 c5 30 f5 87 d9 9a ed 4f ba 9e d1 53 ad 87 72 d6 2f 7b 4c 44 a9 07"
1787300109583,42,23.2480392,30,NOMINAL,32,"1d 76 9e 93 86 59 1a e1 3d 3a e2 63 fb ca 19 76 a0 b0 0e a9 4d 87 2d 5b 51 6e 74 30 27 e5 b4 62"
1787300109585,42,19.8732281,29,NOMINAL,32,"30 c6 47 fa 34 0b 38 64 0e 52 5e 22 d7 aa 86 25 c0 27 bd 3e ae 60 2a c3 86 16 d4 bc c9 9e da 75"
1787300109587,42,23.3354568,28,NOMINAL,32,"29 36 54 70 ff 3f 80 d1 88 63 14 fa 6d 79 b1 3c 9f 8b 20 4f f0 0a ba fc a0 4e 74 48 b5 66 cd 6c"
1787300109589,42,23.2719612,27,NOMINAL,32,"78 71 e4 de 2c 9e fe 3f 20 60 29 a7 62 b8 5a 76 21 b7 4d 15 96 da e5 3f 35 79 75 0e b6 53 c4 21"
1787300109591,42,23.3522148,26,NOMINAL,32,"82 50 fe 56 65 dc e8 6d 79 44 e0 38 63 8a 6f 80 2d aa 74 00 9b f5 4c 4d df c6 41 8c b5 80 2a 3d"
1787300109593,42,19.6737556,25,NOMINAL,32,"7e ff 51 06 76 f0 ce e2 77 d5 b9 18 9e 96 94 42 d5 d8 77 2d 2d 2d d2 1d ba 6d 8d 39 dc 60 03 43"
1787300109595,42,19.8772182,24,WARNING,32,"e7 ba 8a b5 2f 76 0b 88 a8 ff 9a 78 ca e8 07 63 b5 62 60 4e 9b ea 5d 27 16 14 af 39 5d 8b d8 e5"
1787300109597,42,23.7284584,23,NOMINAL,32,"74 e4 87 8b 56 5e d4 c5 6b b4 1b 6d 94 ed 92 0c ba b3 37 b0 72 a3 85 5f 57 43 30 f5 ae 49 d5 8f"
1787300109599,42,15.9425631,22,NOMINAL,32,"0c 2f 5d 08 0b 44 1b bc ba 1c e9 56 09 37 53 79 18 9d 82 97 7f ed 35 ce 7f a0 b0 e9 66 d4 38 45"
1787300109601,42,16.4250374,21,WARNING,32,"f9 57 d4 63 80 f7 17 42 b3 37 c8 ee 38 1b 3e 2c d9 0c 0d 2c 28 fc 99 b2 c4 3e 4b 91 d7 b0 2f 7e"
1787300109603,42,29.9577789,20,NOMINAL,32,"47 c2 11 0f aa ba 26 57 c7 0c 1f 0e 98 09 1b a4 06 7b 1f 7e 93 a7 f1 47 de ee ee e0 2b 76 45 4d"
1787300109605,42,33.2774429,19,NOMINAL,32,"6b 8a 0f 9a da d6 9e ea 41 20 a9 91 33 1c 0b 47 de 5d 01 00 b8 4f 7a db 97 1f 67 d2 b3 26 65 be"
1787300109607,42,24.62953,18,NOMINAL,32,"b5 89 08 f6 15 08 20 37 a7 57 ca 57 c2 76 d0 04 2c 64 31 c1 49 05 c0 ff 4e 5f 7c b6 85 86 6c 98"
1787300109609,42,15.0771408,17,NOMINAL,32,"0f 7d b2 c8 75 44 43 f0 eb ce 1b 97 95 36 52 2e c7 d3 c8 f5 32 d7 79 bd 75 7c 0f cd a7 39 2b 71"
1787300109611,42,22.3051548,16,WARNING,32,"df 1f 98 cb 87 6f 3a 8a 98 3c ee 95 ea 7a 19 a7 7d ee 54 3a f4 fa b1 5d fe 68 39 b6 37 1c f8 c3"
1787300109613,42,12.2506742,15,NOMINAL,32,"ce d6 db 89 5a ac dd 33 1d 3e bd 1e 65 f0 f2 04 67 ec ba 52 4f 62 b9 17 c7 aa a0 bf 3e 2b 84 02"
1787300109615,42,25.4529209,14,NOMINAL,32,"cf 2b 87 a7 4d b1 37 c0 47 6e bd d1 03 33 d5 c8 97 4f 37 d4 1a 58 50 6e af 98 52 ed 02 35 2b ab"
1787300109617,42,23.1704884,13,NOMINAL,32,"ce 0a 7b 8e b9 08 00 46 0d 13 5a 7b b9 04 04 55 52 8c 8a 80 28 f1 bd 50 11 ff 3c 67 5c e0 e1 56"
1787300109619,42,22.5576229,12,NOMINAL,32,"97 f0 bf 07 f3 1a 57 8c 52 bb 83 9e a4 62 ac 74 29 e0 82 62 3f 49 65 b1 59 83 87 7c fd eb d2 f5"
1787300109621,42,16.4382019,11,NOMINAL,32,"b6 62 41 a6 dd c8 cb 17 64 c5 66 df 9d e0 22 16 f2 c6 e8 d1 eb 4f 47 3f 28 44 5e 5c 6a 34 c7 dd"
1787300109623,42,15.0387468,10,NOMINAL,32,"8e 40 f2 1e c8 52 3d cb 34 ab 5a d2 09 a3 8a 7e 38 12 bf b2 60 3b 05 7b f0 d9 da 39 2c 57 37 a5"
1787300109625,42,20.8816185,9,WARNING,32,"9d 70 6e 2e 6d 3b 1e 04 1e 1c e5 92 36 db 59 27 bb ce 34 ec 7b 27 15 c6 71 1d bd d6 21 c5 ff 13"
1787300109627,42,29.0117283,8,NOMINAL,32,"ac 0a 17 eb fc b5 65 ef ca e8 c9 d9 8c 08 ea 87 50 0b 4b c7 45 48 dc cd 77 e5 0d 06 31 3b 0e d4"
1787300109629,42,19.4013691,7,WARNING,32,"9a cc 82 4e 35 49 da fb ea ab 39 ef 02 55 2b 9b eb 08 dc e5 5b 83 0e 8d a4 4f 61 fa be b0 4b a7"
1787300109631,42,21.1975021,6,NOMINAL,32,"01 c1 19 41 32 49 03 1c 25 73 ab 39 4f 0e d0 16 c5 9c b2 47 bd 99 29 a6 ee a3 d8 f0 16 12 1c f3"
1787300109633,42,23.4295578,5,NOMINAL,32,"57 72 dc d2 b2 1c 22 95 6d 8d 0a 40 be 34 8c 07 b8 ac c8 55 2d f2 82 b1 3f c4 7a 39 04 5b 5a 05"
1787300109635,42,20.9311371,4,NOMINAL,32,"0b ec 53 0c 1c b5 88 0f 77 77 c4 ee f5 f4 92 fc 55 d8 ee ec dd 62 2a ea db 48 5f d6 d8 6f 7d ea"
1787300109637,42,19.7330933,3,NOMINAL,32,"33 80 79 83 47 54 54 f0 24 f1 09 f4 b8 69 40 85 93 5c ad c5 ab 03 bd ee 3b e6 d5 9c 1e 89 ac e9"
1787300109639,42,13.8287859,2,NOMINAL,32,"c5 f7 c3 0a 2a 86 ab 07 a6 4b 81 e7 4e f8 2f 24 bd f9 1d 0a 4a d8 c2 46 b3 ae ec b4 3a b3 ae be"
1787300109641,42,22.3367577,1,NOMINAL,32,"6a aa 24 9c f0 46 95 94 ef b3 3d a5 7e 9b 10 f3 fd e3 a9 7e 72 ea 61 e2 76 fc a5 96 9e 35 ff e1"
1787300109643,42,15.9934807,0,NOMINAL,32,"cc f8 b3 a3 ae 23 e1 30 bb b4 22 fa 6c 5e bd 2d 2d ef 81 a7 81 e5 04 df 57 a6 64 9b fa fc 66 95"
1787300109645,42,28.1567287,100,NOMINAL,32,"90 3c dc 13 fb a0 73 ab 78 2e ca c5 a6 0a cb 63 cb 00 af df 01 40 1b 60 63 23 5d fa 1c d0 7e c2"
1787300109647,42,27.3556023,99,NOMINAL,32,"94 df a6 33 c3 bd d9 c6 02 15 5e 86 eb e0 4b 34 6a 97 9a c6 15 13 52 b7 9d 0a 9f 7a a6 ad 11 cb"
1787300109649,42,21.1138306,98,WARNING,32,"c4 d3 82 84 7e 96 4d c3 36 a8 77 d0 3f af 49 ec b5 b8 d8 81 32 ce 67 69 c5 09 7b cf 6b cc 45 08"
1787300109651,42,26.4351921,97,NOMINAL,32,"2f a6 6d d3 92 3a 3c d7 17 f1 e7 89 bb a7 36 f7 59 22 a3 3b bb 62 1f 06 dc c4 94 45 fd b0 e8 17"
1787300109653,42,23.336298,96,NOMINAL,32,"e6 e8 1b 5d 5e 8d fd 1d d5 9a 0e e6 63 45 47 23 e6 ce af 2e 58 e9 cc 1f 5b 06 08 f0 a0 db d5 df"
1787300109655,42,34.8736382,95,NOMINAL,32,"c4 ec 7c 53 8c 67 94 77 d9 92 09 1a ca 30 42 7a 48 22 0d 79 f1 2e fd 1d c9 bf fe 73 9a 01 df 8f"
1787300109657,42,20.4516125,94,NOMINAL,32,"ec 32 20 f2 e6 83 0e 93 35 5e 00 7f 25 91 43 46 e8 60 04 e0 f1 87 62 9b 2d 0c ca 05 b0 a7 b7 b5"
1787300109659,42,19.1798267,93,NOMINAL,32,"36 19 2c 56 c8 78 f2 4f 8c 8b db e3 57 72 73 00 fd d5 55 1f 94 79 3d 15 e0 9a 9f 3b 51 60 e5 76"
1787300109661,42,19.3159618,92,NOMINAL,32,"ea 79 94 80 3e 5f 73 e2 6d c3 22 2f 36 c3 88 65 fa e9 49 f2 86 b9 97 9e 3b 5e ff fd ac 6e 07 9d"
1787300109663,42,19.3825741,91,WARNING,32,"d9 31 8a 61 9a 10 d8 5b 05 18 6c e0 35 48 af db 20 bb eb 3e cf ff ab 1e dd 38 82 36 f7 e8 b8 88"
1787300109665,42,18.8296509,90,NOMINAL,32,"12 a1 2b df 8b dd db 43 49 d1 c4 13 10 34 dd fd c7 ea c7 8e 1e 93 f9 66 49 44 a0 f3 40 37 e2 fe"
1787300109667,42,20.5725327,89,NOMINAL,32,"74 03 5f 14 92 4d 57 98 e0 19 6a e8 55 1c 5b 45 ef d1 16 ef f9 2b 04 f4 2f 12 d7 1d 97 ce 46 80"
1787300109669,42,22.6264763,88,NOMINAL,32,"64 da a4 a7 cd f2 59 5c 72 84 96 6b 00 2b 76 11 4e 93 dc 0e 8c 4e b7 8b 22 65 69 61 f7 9b 21 71"
1787300109671,42,19.8020821,87,NOMINAL,32,"a4 00 fd 82 42 a1 20 6b 80 3d f4 68 25 da 8a f9 c6 94 2b 4f a9 bb b8 2d bf 7e d7 ba 16 07 58 ef"
1787300109673,42,21.1437893,86,NOMINAL,32,"70 84 3e 26 38 cd 38 06 06 fe a0 3b c9 96 26 41 61 f4 c5 25 80 4a f0 a2 f4 fd 87 19 90 31 2c 73"
1787300109675,42,25.3835583,85,NOMINAL,32,"ab a7 00 f8 8c bd e9 a2 03 ef b1 4a 9a 3d e0 c1 4b a9 49 c0 96 eb c8 d5 e2 a7 3f 54 ba 5f bd 30"
1787300109677,42,18.7385597,84,NOMINAL,32,"16 7f 22 d4 fa 95 e5 60 52 fe e4 db 90 23 a4 e9 a4 85 5d 54 47 bf 56 38 9a 56 ce 12 2d 7d b4 b7"
1787300109679,42,21.4840603,83,NOMINAL,32,"22 bf f8 5c 40 3e 10 ba 42 b4 2d 06 c3 b4 3a 67 b2 18 02 fe bd 11 84 8f 6f f8 5c d6 f5 65 14 bc"
1787300109681,42,13.9395638,82,NOMINAL,32,"36 6a ba 33 57 d6 b8 6b 8a cb 93 3b 95 72 87 6d d7 79 5f 34 75 2f 34 6d 8e d6 ea 25 eb c1 29 56"
1787300109683,42,19.9603405,81,CRITICAL,32,"ff d4 e6 95 22 0c 7f 54 21 5b c6 b3 78 4c 5c bb ae 01 3b 19 31 50 f4 04 88 e6 a8 25 a6 41 58 02"
1787300109685,42,17.7988434,80,NOMINAL,32,"70 31 f8 b3 88 0c d6 9c cc 8a 26 73 40 07 10 65 e7 cd 81 28 23 f8 9c a7 d2 b8 fe 7a f3 55 e0 ab"
1787300109687,42,19.9787903,79,WARNING,32,"d3 ea b7 ef 19 49 51 7f 61 50 92 60 a1 92 85 62 f1 7a 5f c7 35 61 7b 9b 25 5d c5 91 3b ea 59 81"
1787300109689,42,20.7492199,78,NOMINAL,32,"52 4c b4 32 0c f0 55 b3 48 29 38 66 ff ed e6 41 e4 d4 2a b6 9a 60 f1 df a6 3e e2 61 e7 35 be 69"
1787300109691,42,26.3337479,77,NOMINAL,32,"97 d0 e7 3d f1 c3 6e c2 e8 08 dc ee df 43 d6 71 09 af 94 70 48 fb 75 93 e0 40 59 52 86 86 b1 71"
1787300109693,42,24.0426292,76,NOMINAL,32,"4b 60 42 a1 80 5b 1a e2 68 7c f4 5b 24 8b c0 21 a7 16 55 94 9a 7f 64 09 d6 5e 3e 37 01 16 e9 03"
1787300109695,42,21.5240746,75,NOMINAL,32,"0a f8 d4 ba 86 34 97 d3 ae 86 87 d9 74 2d f0 c8 1f 8a 0e f5 df 88 c5 13 1b 6f 5b 2f 04 69 b7 30"
1787300109697,42,11.754797,74,WARNING,32,"b5 66 af 05 6f 71 dc 10 45 a0 0d a5 44 28 1e 22 06 ee 78 3e a3 dc cc fd b4 fb d5 c2 d3 9e bd 42"
1787300109699,42,24.1608906,73,NOMINAL,32,"ac 84 70 a9 b3 4e 3d 06 33 50 24 6f 63 a3 c8 b2 c8 c9 a8 0b dd 65 2f 4b 39 57 e4 9c 94 f2 1f 37"
1787300109701,42,25.896162,72,NOMINAL,32,"68 4c 44 cc 88 f3 5f b9 2b c9 d1 c4 31 c6 4a c0 61 74 77 21 55 3c 29 b7 eb 00 4f 83 74 f6 94 31"
1787300109703,42,27.3663673,71,NOMINAL,32,"67 d8 fe 6b 09 64 6a 1c e5 20 e0 f8 e2 e5 55 cb 30 81 1b 19 c0 f2 55 a3 c1 14 81 63 aa 90 e1 bf"
1787300109705,42,14.2882137,70,NOMINAL,32,"fc e3 cf 97 f4 85 48 b8 58 45 2d 18 98 23 4d b8 bb 35 17 c5 3d 0a f3 b0 2e 03 b2 c1 ed 4e 9c c2"
1787300109708,42,21.9588833,69,NOMINAL,32,"b7 0c ba 1e 6e 1c 71 bd f3 97 b0 40 26 91 34 19 22 14 c2 a7 60 d6 dd f9 07 7d cc ab a5 99 96 fb"
1787300109709,42,17.4037685,68,NOMINAL,32,"d5 10 92 98 49 8c 5b 47 49 4a b9 83 78 b5 f6 c4 13 9c c0 92 b1 c7 80 3e 2a f0 64 67 0e 56 e6 0d"
1787300109711,42,19.1745186,67,NOMINAL,32,"4a aa d3 b4 f6 b3 49 9a 1d e6 1a 1e 28 d9 57 f9 2e c7 e8 53 e9 d9 8d 73 3a b5 92 70 8f 02 f2 0f"
1787300109713,42,25.8202763,66,NOMINAL,32,"5d 45 b4 3c 95 3b 94 78 51 0b 5e 2c ef ce b1 c1 e0 5b e1 dd ef 52 3b a5 47 aa de ec a4 12 ca 35"
1787300109715,42,24.1830406,65,WARNING,32,"2d 83 8b 60 07 1b 1c 0f ba 3f d7 fe 98 79 37 ad 15 07 e9 86 10 f1 98 b3 b4 09 92 fd 68 e5 26 6a"
1787300109717,42,27.6098442,64,WARNING,32,"10 1e 55 a8 d0 27 c4 d8 88 c1 82 87 4c c5 01 5b 1b 42 e6 02 f9 60 42 e2 e1 fd 58 0e 6c 91 99 bb"
1787300109719,42,22.9347382,63,NOMINAL,32,"22 dd 6e ba fc 09 d5 04 51 f1 65 b1 d0 1b 38 83 5b 4b 6f 9b ce 05 75 90 db 33 fb f4 c3 1d 6b 83"
1787300109721,42,18.8000622,62,NOMINAL,32,"ff 00 2f d5 fe 30 75 ba 5b 97 38 23 04 b1 8a 93 4b 5f 2e 39 c6 3d 71 88 2b 03 db 0f 09 48 d6 15"
1787300109723,42,28.1676846,61,NOMINAL,32,"20 07 d9 60 49 89 e5 bd 7f 2b d2 f7 39 43 66 42 4b b6 68 22 8b d1 ed 4f d7 d2 13 9e 9c fb 86 c9"
1787300109725,42,14.0930624,60,NOMINAL,32,"1b fc 7c f8 0d db 91 7c af 32 e4 2f b8 07 64 f9 7c e0 86 e3 a6 89 d1 34 56 7b c7 ea 16 af 28 2d"
1787300109727,42,21.1395321,59,NOMINAL,32,"e7 3f 04 eb 5f a9 fa df ac 0d 74 f9 b8 eb 5b 35 92 ff 68 df 9c 56 97 a7 1a b0 fc 62 d4 22 c3 1c"
1787300109729,42,19.4688683,58,NOMINAL,32,"d9 5e 69 92 75 38 0b fb c1 e4 bc bc a1 86 d0 b2 4f 3f e4 b2 68 5d 59 8a 01 b0 4e 2c 8c b2 3b 9f"
1787300109731,42,30.3593102,57,NOMINAL,32,"3a 57 f7 fa 7c 85 ce 5e af 1a 34 30 41 ee 1e 10 7b 51 6f fd 57 a1 9b 47 60 44 1e 98 f2 da eb 83"
1787300109733,42,14.7416077,56,NOMINAL,32,"74 ea 12 85 c8 51 25 34 f3 36 64 01 0c 3d e9 d2 f6 e5 66 67 f1 1e 9f c8 fd 68 7e a1 d6 1e 7d b5"
1787300109735,42,15.7640667,55,NOMINAL,32,"07 06 1d cb 64 bd d0 98 7a 0e 72 19 fe b9 49 3e 26 b7 66 36 aa 92 c6 24 f0 15 ad d8 af 0e 64 c4"
1787300109737,42,24.1262321,54,NOMINAL,32,"f4 29 5f c5 fe 10 3d 35 f0 64 d9 7f 4b 68 77 43 39 79 3e c2 2f 0d 8b 7f 0a 74 db 60 2b 89 80 bd"
1787300109739,42,22.7022972,53,NOMINAL,32,"02 fd 54 d2 4a 5c 79 a1 c4 e2 75 4c 55 0f 92 65 a9 d6 99 fb 28 15 b0 6e ee 4e aa fa 71 a1 a7 f9"
1787300109741,42,22.2092705,52,NOMINAL,32,"5a 08 7c db f9 7e bb e4 01 f1 19 ed ef 9c ce e8 ef e2 60 3f 59 be 85 c0 5d de 29 3f 9e 58 69 87"
1787300109743,42,16.5022411,51,NOMINAL,32,"fa 14 ab a9 2a d3 fa e3 30 d7 a9 45 a8 d8 5e 66 ca e0 fa c8 98 ba b3 4b 28 88 91 f6 1e 7d e9 e5"
1787300109745,42,28.5512867,50,NOMINAL,32,"bc fc 66 80 24 e4 da 5a 55 d2 2b 92 ce 75 34 b8 da 72 8e 83 c4 c8 04 ee 14 a2 ef d8 7a df c1 7c"
1787300109747,42,22.2852364,49,NOMINAL,32,"43 49 6c 33 1c 12 3a 22 70 ee 89 43 ef 75 15 08 4e 43 df 9f 1a 2b ea 3a 6e a3 cb ba 77 91 29 1f"
1787300109749,42,21.6344967,48,NOMINAL,32,"c2 67 62 f1 e1 6a 85 e9 85 fa f1 b5 58 c0 32 16 a5 11 3b 7b 46 d1 be e4 2a f7 d0 d8 e7 7e 54 ac"
1787300109751,42,13.8570576,47,NOMINAL,32,"e5 f3 64 de 06 37 cb c3 d6 6b b8 50 3a cd 8a 60 b6 28 68 ca 73 b9 a3 58 1b af ee ed 20 df 1c df"
1787300109753,42,26.9276714,46,NOMINAL,32,"81 27 5f 15 0c 1d 86 74 74 d6 b6 1a da 88 f9 30 1c 19 43 f7 9d 26 61 98 1e aa ab 88 25 db f5 eb"
1787300109755,42,23.6590652,45,WARNING,32,"06 be 5d 98 a5 f5 f2 8e 16 5f b0 16 08 ae 98 ff d1 f2 e9 4b 5d a8 29 2f 19 51 66 44 b0 47 28 ef"
1787300109757,42,15.1235447,44,NOMINAL,32,"09 fc b7 9e dd dd ab 64 13 8c 9e 47 c2 a1 f6 c9 f5 53 58 b4 02 ed af d2 be 88 21 62 e8 18 3c 1f"
1787300109759,42,22.6633701,43,NOMINAL,32,"d1 c6 6c 86 a7 4a b1 ab 92 84 05 ba 37 a9 2d dc 6b 2e b6 f7 e0 0f e9 3d 2b c6 80 89 13 cb ce 9f"
1787300109761,42,21.3864365,42,NOMINAL,32,"01 23 9b 95 f9 be 44 59 d7 24 0c ff eb 30 23 7a 26 54 bc f1 fc 9a e5 b5 fe 75 6a ec a8 87 f5 8e"
1787300109763,42,21.0807247,41,WARNING,32,"d5 81 91 25 16 d8 42 18 5f 18 38 f2 cb d5 91 bd d0 34 76 88 a8 2d 4b 18 b8 7e 36 e1 c0 4c c2 b9"
1787300109765,42,22.1103153,40,NOMINAL,32,"7c 6d 8c c4 33 76 00 c8 ca 69 63 82 b6 45 d4 e5 71 20 8c 5a cc da 1f c3 50 9c 75 e1 4a 9d 3e 75"
1787300109767,42,21.551651,39,NOMINAL,32,"7b 48 88 11 21 35 e1 d0 e3 bf ee 4f 64 b3 32 99 a5 c9 0b 8f 7b 34 73 a5 12 a0 23 ee ff 73 80 e0"
1787300109769,42,17.0214615,38,NOMINAL,32,"dc 26 12 f9 49 5e ac 1a e4 ca c8 62 1c fe a0 02 a6 78 55 74 70 1f bb c8 e9 5f 26 d7 b4 18 43 7f"
1787300109771,42,20.0287895,37,NOMINAL,32,"ec 73 bf f7 ef e2 8c 93 cf 4a 0e 6c ab 48 62 be 1c dc d0 97 9b e2 b5 48 e4 60 5c 93 ea a6 82 4a"
1787300109773,42,27.0203857,36,NOMINAL,32,"28 4f ae ba 7c ea 55 64 67 0c 72 7c d5 0d 6d 33 82 fc 6c 83 87 3c b7 6f 82 b5 57 ac 69 3a 27 34"
1787300109775,42,22.9877434,35,NOMINAL,32,"9d ee 15 99 5c ff a9 1f e3 78 62 8d c4 1a 04 06 10 fe 99 fa 20 5f 6d 05 ea 37 2b c2 5a f9 6b 34"
1787300109777,42,18.2369461,34,NOMINAL,32,"02 ed 6b 0a a8 10 dd 83 c4 5d 38 3a 05 2d 6a 54 ef 11 95 4b 5c c8 1e 18 21 4c ab 60 c8 75 7c 87"
1787300109779,42,26.7607727,33,NOMINAL,32,"1d 4e a2 a1 60 83 9a 54 c4 29 84 d7 f9 3e 02 41 f2 3b 10 ff 40 36 7e ee c0 d2 d7 80 46 dc a3 4e"
1787300109781,42,19.1687832,32,NOMINAL,32,"8d 06 b3 91 ce bf 6e 07 1d 86 cb 1d 18 00 b3 3d 6e 3a 95 b9 f4 67 47 b6 30 93 19 53 d6 e7 cb 69"
1787300109783,42,23.4838524,31,NOMINAL,32,"6c 7d 73 6e 41 67 7a 34 6d bb 18 3f 70 2b 78 ef 5a 85 4f 3c 86 10 9e ab 30 e1 1e 7e e6 6c b9 68"
1787300109785,42,15.71912,30,NOMINAL,32,"78 e7 94 c2 f7 f5 71 4f 30 39 9e ba 30 9c ae 3e 79 ab ce 26 9b 69 88 1c 41 f2 92 1a 2c ac e2 f8"
1787300109787,42,22.9469662,29,NOMINAL,32,"ed a3 9d 62 b1 64 7b 21 8e 35 67 59 c0 81 01 c4 e5 98 ad ab bd 8e c0 cf 1c 37 0e e6 c9 ba 23 cb"
1787300109789,42,25.757515,28,NOMINAL,32,"85 85 98 c2 ab 90 13 29 35 4b d8 1e 26 40 91 fd 4a 89 de 19 84 0c 60 e0 b9 a7 41 93 2a 1b d8 f7"
1787300109791,42,19.7328758,27,NOMINAL,32,"cc 31 ab 3d f8 48 96 01 be 15 c0 16 95 03 40 8e 52 dd f4 b3 9c af ad 74 1c 32 a8 ee ad fb 9b 3c"
1787300109793,42,32.1168137,26,NOMINAL,32,"74 e3 7a ee 45 60 8a b3 60 74 35 1d d9 0f d0 23 57 9c 64 85 95 25 85 71 cf e2 e3 70 e2 e9 6f 1a"
1787300109795,42,18.0937729,25,NOMINAL,32,"94 ce 04 4a 91 bc 9e 91 4d 7f 81 d9 d3 7d dc 89 ef 2b 40 e1 ed b9 f2 1b c4 cc 45 26 9c b0 11 56"
1787300109797,42,19.9885178,24,NOMINAL,32,"01 8a 42 3b f3 4c 33 fc b0 16 07 5f 77 86 3e 72 63 df 8d 2b ad ec e2 8f 0f f5 7c ac 98 f5 01 e1"
1787300109799,42,22.4264069,23,NOMINAL,32,"e7 90 20 b1 49 be 49 9e 96 00 c8 ad 5d 35 b6 53 a9 f9 fc 2f bf 57 0d 0d eb 29 8c 18 04 e8 17 ca"
1787300109801,42,21.4726658,22,NOMINAL,32,"fe 24 86 b5 da aa 98 36 32 1d cc b5 c9 84 0e 1d 59 f4 c4 b4 8a 6e 0f b4 42 2b cf 0b ef 95 a4 e4"
1787300109803,42,14.204833,21,NOMINAL,32,"96 da 05 2a 6f 3a c2 1c 1d 2d 56 4e 90 f8 cd e5 3e 68 fb 77 83 01 de 98 5f 14 77 2e 76 b3 3d 94"
1787300109805,42,26.553175,20,NOMINAL,32,"63 95 03 b6 e2 0f 50 d5 24 41 5d 0b 81 36 0d 7d 9b b9 20 cc 49 3c c3 60 3f 44 63 fd 66 05 65 1d"
1787300109807,42,18.3432255,19,NOMINAL,32,"50 2b 12 91 69 72 ea 66 58 94 b6 67 35 83 10 69 04 55 94 af 6b 20 72 78 fa 9a 43 b1 c6 1f 5e e3"
1787300109809,42,24.3769855,18,NOMINAL,32,"7c 09 b8 46 86 bb 68 ad ce 39 35 33 e7 4f d2 23 b3 3c 9f 75 4e 35 de 3b 2e a0 c7 70 e1 04 0c 19"
1787300109811,42,17.357933,17,NOMINAL,32,"28 7c c4 5e 55 fb 35 6e 37 77 dc 36 97 3c 07 55 99 1d c7 c9 dc 03 d2 fe a6 06 77 22 4a 8e 49 71"
1787300109813,42,15.1739273,16,NOMINAL,32,"00 ee 89 03 c9 2d 94 05 5f 0b 2a f0 9f d6 ca 4a 28 a8 59 ab d5 51 0f 44 78 d6 d7 f5 d7 90 23 b5"
1787300109815,42,18.9208889,15,NOMINAL,32,"37 6c 93 ae 96 66 8b 83 13 8d f1 2a 80 bd 95 71 01 a1 44 52 a8 7a 40 93 8d 9b d6 66 e8 fa 07 ab"
1787300109817,42,26.1613407,14,NOMINAL,32,"44 1d 8e b2 24 e9 b1 67 9c 46 38 76 0e 78 86 4f d8 eb ca 2b 82 9e 7d e7 c9 17 af 9a 41 78 f9 c6"
1787300109819,42,23.1536903,13,NOMINAL,32,"ce 08 93 9f 7b e9 fd 16 a5 4d a6 f1 bd ad bf e4 d4 47 82 26 27 75 20 37 f9 15 38 fd ef c7 d3 c2"
1787300109821,42,30.7457542,12,NOMINAL,32,"bb b6 03 b4 99 5f da 19 3c f0 9c 98 d0 04 3a ca 4c 60 14 74 34 74 83 d9 c8 7a 79 19 69 5b 1a fd"
1787300109823,42,25.479496,11,NOMINAL,32,"44 f4 a5 f4 38 6f 16 13 9a 5e 22 2b 5a 83 ed 7d 54 12 a3 0b a9 f9 e9 40 49 60 95 2a d5 84 59 00"
1787300109825,42,16.2956409,10,NOMINAL,32,"4c 75 fb 0e 20 fa a2 76 ca 12 18 11 b0 35 ed 75 77 f6 0f b2 4c fd d3 b7 78 29 ca 19 a5 af 11 17"
1787300109827,42,19.4125156,9,NOMINAL,32,"58 19 21 9f 0a 29 f9 88 77 07 da c2 c5 e7 56 73 a9 72 df 4d 31 70 ae e6 7d dd b2 18 22 a7 81 40"
1787300109829,42,21.255764,8,NOMINAL,32,"54 82 65 72 07 9f 98 6a 88 fc c0 0a f7 53 a1 3d 0d b8 5e 3b c9 53 d1 ac 86 9e 13 66 02 9c 24 63"
1787300109831,42,23.9291439,7,NOMINAL,32,"c5 6a a6 be 53 e1 94 97 78 1e 27 7e 07 37 9a 7a 4f 71 08 07 20 94 7a 23 81 85 94 1e 77 d7 ef c5"
1787300109833,42,17.3647461,6,NOMINAL,32,"fd 0c 60 62 55 6b 74 e2 93 94 2f 90 cf 18 31 71 19 53 2d 39 39 e5 19 30 41 41 de 5b 21 75 ed 63"
1787300109835,42,18.7530937,5,NOMINAL,32,"39 d8 ef 93 19 97 37 85 ce 07 72 ee 12 e1 e3 76 fa ca 63 5b a9 2a 81 26 1f 56 48 50 32 5a 7b 9b"
1787300109837,42,24.5399036,4,NOMINAL,32,"2c d3 9a 9c 67 10 88 58 18 f5 c2 3f 92 c0 e0 8f e8 c0 9c 4e 8b ea b6 43 dc fb b2 46 ea e3 42 15"
1787300109839,42,23.4887943,3,WARNING,32,"bc 22 63 0d 31 72 09 a7 9a 6c 3c 44 f6 a2 22 db 36 c6 c0 43 35 24 91 f3 67 35 d5 7b 46 0b 13 99"
1787300109841,42,20.2475357,2,WARNING,32,"c9 fa f7 f2 cc 24 26 5d 35 7c d7 c4 11 37 53 90 1d ab 6d d9 3c ab 0f d4 2a a2 c3 f6 d3 e7 55 f3"
1787300109843,42,21.1033401,1,WARNING,32,"eb 3f d3 25 51 b2 f7 6e 36 83 4a 9c c4 a6 22 ba 00 d5 31 d1 2a 40 18 ac d0 31 4d a1 50 0c 14 41"
1787300109845,42,16.1702213,0,NOMINAL,32,"0e cd ed 6a 77 b7 19 f2 25 51 8f ff c3 f6 20 d5 7c 33 0c 57 14 7f 4c c4 fb d8 c9 ad 66 ba 91 26"
1787300109847,42,25.2182388,100,NOMINAL,32,"92 6a 54 92 87 01 5a 94 f9 79 4c 82 b3 83 09 6e 6e 34 1c 71 b5 36 52 ac 65 3f 47 79 bf 4f 33 dd"
1787300109849,42,19.9536304,99,NOMINAL,32,"ee 65 ea 41 84 a1 46 47 7c 8d 1a 2a d2 2e d7 ec 04 6d 63 05 8a 85 78 69 42 f2 02 43 d8 97 62 fd"
1787300109851,42,27.8896103,98,NOMINAL,32,"52 6d 56 b8 c1 25 ca 92 82 1c e2 02 56 68 ae 51 3c bb af 83 e0 71 c9 3c e3 d0 91 a8 d2 ed df 60"
1787300109853,42,25.4319057,97,NOMINAL,32,"72 0c 1f a5 a3 32 1c cb 01 22 09 8d 65 49 84 af 09 dd 25 3c 13 b7 86 33 d9 b8 ed 90 9e 1c 24 8a"
1787300109855,42,28.4204216,96,NOMINAL,32,"a5 71 14 d1 6b fa c5 29 38 12 bf aa 72 43 6d 18 ec 9d eb 0b f3 b9 b1 e2 24 d9 a5 2e 05 96 b7 01"
1787300109857,42,26.9044685,95,NOMINAL,32,"f5 46 2d c5 bf c0 91 dd 21 18 f7 9e d9 d1 35 34 0a 46 46 5b d2 e4 1c 9c 76 f9 0e b2 a4 29 0f 9c"
1787300109859,42,25.5102444,94,NOMINAL,32,"a8 80 76 e6 2c 3d 1c f0 01 15 2d d1 a0 72 6a d4 2b 55 5c 80 3b 3f 6e 4e fb 2c 45 66 51 40 3a 3c"
1787300109861,42,21.9123764,93,NOMINAL,32,"e9 1f a4 88 2a 96 e6 b8 fb 8f 6a 0b e9 e4 d4 86 c5 b5 b8 f1 b9 22 44 6d 5b ae 03 74 08 e0 c8 0e"
1787300109863,42,24.5145931,92,NOMINAL,32,"7c 15 a6 19 5a 77 88 c6 27 be 03 ec ef 31 7b e2 bb 8a ec 19 3e c4 67 57 44 15 a6 ae d2 da 2c d1"
1787300109865,42,16.0425835,91,NOMINAL,32,"d4 b3 63 bd 09 64 0c ae fa be 77 d9 77 95 2d a6 fa 2a cc 0d df b1 28 77 fa 1c e0 96 af 59 5f 44"
1787300109867,42,21.4843216,90,NOMINAL,32,"d0 77 7a 7c 78 ee 3c 62 52 8f d1 a6 ed 0a f5 a2 2a 1a 9d 39 8d 21 fc 70 d7 e9 a1 01 58 4d 8f 3b"
1787300109869,42,20.8578606,89,NOMINAL,32,"b1 7b 70 69 f5 61 a1 20 5a cb 0a d0 10 01 76 cf ec 00 65 41 6f a2 dd be b4 96 b5 7a ea 7b c9 cc"
1787300109871,42,21.4936047,88,NOMINAL,32,"89 a9 f6 4e 8a ca f0 5d b1 25 9e a2 1a 45 6e a1 4b c4 19 33 8e 4d 45 14 5d c8 03 20 c3 2e 7b f6"
1787300109873,42,24.7973671,87,NOMINAL,32,"bd b2 8e cb 71 01 39 9d c8 ae 42 3e ca c1 ba 4d 57 24 3d 3f 35 a3 24 09 5d 85 3b b0 44 50 b5 d1"
1787300109875,42,26.3281746,86,NOMINAL,32,"5e 84 44 a8 a6 9b 92 e8 66 88 dc 8c e5 b0 80 aa ad 2d af 65 39 a4 dd d8 11 a3 22 a8 d6 54 59 24"
1787300109877,42,26.7873898,85,NOMINAL,32,"75 85 42 a3 53 f6 23 b6 c2 74 94 86 cc 75 b7 1f 89 ec 37 d7 41 e6 7a c8 79 88 95 08 1b db d9 70"
1787300109879,42,19.878643,84,NOMINAL,32,"fd 2d 0c e4 32 03 ff 80 47 3d e8 24 2b 70 2f d6 c5 8c 9f 10 73 8f 81 16 75 70 96 2c d8 72 d9 ba"
1787300109881,42,19.3386459,83,NOMINAL,32,"57 68 4b 54 53 11 8b 34 9c 09 1c 7b 7d 0c cc b8 0b 52 3e d8 64 53 b6 a1 7e 70 fd fb 2b 1b 32 61"
1787300109883,42,28.9569855,82,CRITICAL,32,"75 02 04 7d dd 74 b2 c7 02 d1 f3 f8 75 93 f0 7b c2 7c 89 7d 74 17 2c a3 28 ad 62 a8 cd 2b 0c 66"
1787300109885,42,23.1494198,81,NOMINAL,32,"2c 2d ba d9 db db ed c1 10 dc 05 ef 20 f1 fb 0c b1 2f 50 c8 ec ff 2f 08 e0 15 c5 02 dc 12 1f cf"
1787300109887,42,25.7048702,80,NOMINAL,32,"75 67 e3 d7 93 69 e0 3a 9e ea 5e 71 40 a1 14 6d 5a 2c e7 41 c5 5a e0 ca 2a 0b 04 f3 b7 bc 75 fc"
1787300109889,42,22.6423283,79,NOMINAL,32,"11 e1 d3 46 31 40 9c 4c ca 19 98 7f 55 8d 85 bf 52 42 0b 83 4d e4 4a 6f 0f a2 ef 9b 87 1b ed 2f"
1787300109891,42,22.1491508,78,SAFE_MODE,32,"74 58 1e 61 d0 d1 ff 12 c8 0e 1c 39 7c 42 1c f9 00 27 c4 d6 ad a8 7a ac 09 bd 8a 69 96 2b 3a 10"
1787300109893,42,23.900713,77,NOMINAL,32,"42 56 3d 38 fe ce ce fe 05 eb de 18 54 1a b7 17 84 02 0f 9b 9a 8e 10 3d 6f 28 9d b4 b1 8c fb 52"
1787300109895,42,18.4764214,76,NOMINAL,32,"7f 1b 0c 68 74 a8 87 eb 35 a5 79 e0 0a 05 b6 a8 47 86 87 6a de 0e 9c 23 99 1e 8d 4a 57 96 8f 09"
1787300109897,42,28.0559368,75,NOMINAL,32,"e6 13 34 ad 0d aa 15 38 f7 32 1c 4a 33 f6 e4 64 aa d5 53 57 9d 76 de 9a cc 68 04 66 53 e3 d1 7f"
1787300109899,42,14.0454063,74,NOMINAL,32,"14 66 ce d0 47 00 88 a1 cb 4e f2 30 a9 9b 0c 21 09 e1 1f 44 e3 16 4e 25 05 56 7a a9 3c c8 77 0a"
1787300109901,42,17.6950798,73,NOMINAL,32,"dd 23 d6 21 5f 18 ce 9b f0 a2 fd cc 54 b9 e3 8c c2 86 45 a5 65 cd 54 79 a6 ed ce 6d 18 1f 3c e7"
1787300109903,42,21.9474945,72,NOMINAL,32,"7d 9c a0 2b 04 60 e0 7f 2f f6 6e 56 b6 fd 07 7a 31 e4 da f8 e6 6d 05 12 73 c2 e3 8b de 7c 4c b2"
1787300109905,42,16.5109596,71,NOMINAL,32,"52 a3 8e fd 53 9c 89 1e 05 c2 8a 41 a3 97 c4 62 b5 a4 c6 df dc 69 e8 e1 38 9d c3 89 c1 9e 10 04"
1787300109907,42,18.2667217,70,NOMINAL,32,"c4 77 ab df bf f8 76 de 39 d3 0b 30 15 aa 23 09 9a 8b 0c 1b 89 89 73 7c 83 41 b5 cb fc 79 19 64"
1787300109909,42,21.9028091,69,NOMINAL,32,"9d 1f bc 16 5a ed 91 4c 95 ca 3b 3a ad 26 2b fd 3a 26 da bf df ef b9 3f 1c 0a f2 6a 2c b6 46 9f"
1787300109911,42,22.3156357,68,NOMINAL,32,"c1 00 85 b3 5c b8 b6 f4 26 a8 e8 72 15 78 1c ee 7b 90 0e 96 6e 64 b1 ff 4b 9c df 83 fb 83 c9 6f"
1787300109913,42,22.2841206,67,NOMINAL,32,"5e d2 bc ad 56 71 f3 10 38 c0 65 6d b7 f8 01 6e b2 65 0e e7 e5 e9 35 6c 9f 92 eb cf 12 04 92 5f"
1787300109915,42,17.5464611,66,NOMINAL,32,"e2 15 0b 62 bf 23 bd f2 6f 46 9d 4b 1c 69 46 5a 90 20 52 0c 1d b2 dc 76 02 68 26 00 0c 47 ae 05"
1787300109918,42,23.6340466,65,NOMINAL,32,"21 54 eb 43 54 f0 c4 38 0d c3 58 07 a5 54 5f f2 2a 43 dd b8 a3 a3 b9 e0 75 ef d7 2c ae 1a 60 12"
1787300109919,42,23.3689995,64,NOMINAL,32,"56 c0 82 a4 00 b7 ab 69 71 8e 30 dd 87 ed 70 8d 48 38 0b 4c cd 36 1d c9 bd 28 ef ae 88 58 b2 c0"
1787300109921,42,22.1893635,63,NOMINAL,32,"79 52 dc 5c 46 57 4d 9f fe e7 73 9a 97 f7 4a 48 6f 99 66 d1 2f f1 b5 f7 77 f6 6a 2f 64 6f be ca"
1787300109923,42,25.284483,62,NOMINAL,32,"ff 0a b5 66 11 7f e6 aa 97 3c 00 0e 75 c0 5d e4 40 69 40 14 17 4b 7d 0b 72 2b 36 df 3c a3 01 b4"
1787300109925,42,20.5242786,61,NOMINAL,32,"e0 fb f6 12 ee 53 26 d1 25 df 21 f0 db 0a c6 3b 20 96 64 e5 26 99 78 b8 23 30 6f 9d 58 f4 54 42"
1787300109927,42,24.9804802,60,NOMINAL,32,"7b ad 56 d7 f4 61 be 56 43 4e 7c 4c 7c 4c 74 11 88 7a 27 11 25 8b 36 41 41 05 3e fb 89 c6 f0 52"
1787300109929,42,23.7417183,59,NOMINAL,32,"4c e3 ec a5 2d ce f6 46 22 b5 e0 f0 91 31 84 38 3f 32 f6 56 ff 4e c1 1a 47 97 0a 5c 3b 9f 81 d3"
1787300109931,42,19.0606422,58,WARNING,32,"a8 e6 f3 c3 7c 93 ac 1b d4 dc eb fb 85 d8 ab d1 d0 a7 50 7e 1d 62 0e 2a 95 d6 7d 32 97 e3 da 2a"
1787300109933,42,20.9513874,57,NOMINAL,32,"01 a4 06 d0 5c d5 05 bd 3d 23 3b 20 9e 30 15 1b 43 91 1e 7a f6 08 48 df 1a 2a 0c 28 43 61 1d dd"
1787300109935,42,34.1172333,56,NOMINAL,32,"c2 86 ab 82 ea 80 ac 2a ac 10 3c 4e 31 aa 98 26 20 5b f0 9f 36 96 75 db 93 6e 08 9e ed 48 c5 5d"
1787300109937,42,24.8336277,55,NOMINAL,32,"71 d8 5e e2 48 58 b1 44 4c d0 12 ca bb dc 51 8e 66 66 d2 ed b2 36 c1 94 b0 82 51 53 5d 9d f0 01"
1787300109939,42,22.2564125,54,NOMINAL,32,"60 ce 20 9f f1 c2 96 5e 0a 61 92 f0 dd 0f 16 a2 fd bd d0 fb 30 5d c3 b1 74 1d a1 19 90 13 d6 dd"
1787300109941,42,26.989418,53,NOMINAL,32,"83 f6 24 98 6a 18 ac 20 d1 fc 8b 11 f4 95 ca 53 07 92 49 5e b3 1b 72 de 9f 03 52 3b 34 f1 04 dd"
1787300109943,42,21.3417301,52,NOMINAL,32,"68 69 f1 28 a9 54 4b 4c 79 ba 96 c1 51 43 af 68 c8 34 47 ee b4 c7 24 11 d6 f8 d8 20 e2 32 b7 85"
1787300109945,42,26.0683212,51,NOMINAL,32,"cc bd 7c 2a 56 f9 f4 f7 e0 b6 09 81 58 06 61 e3 f8 8a fb 42 05 66 ad c8 1f ec 20 d0 75 0e 2c 5a"
1787300109947,42,24.9398308,50,NOMINAL,32,"5c b7 de 9d 41 31 f4 93 a2 76 e7 e5 e6 16 5f 98 b8 52 11 0f 6e 6c 10 3f f0 10 13 55 60 96 5c 8a"
1787300109949,42,24.0228291,49,NOMINAL,32,"21 4c a7 5a a1 b3 cf dd de cd 37 9b 3c 53 c7 0f e9 a8 fd f5 00 9a 3f 24 95 ec 61 22 ec 43 ff bb"
1787300109951,42,18.2147217,48,NOMINAL,32,"33 09 a4 bc 8f fe 18 2e 65 b0 85 6a 08 40 95 90 e8 7c 98 50 f5 08 c3 25 57 6f d2 88 0e e3 0a f1"
1787300109953,42,21.5598087,47,NOMINAL,32,"f6 86 80 88 b3 85 ad 4f 30 a7 da d9 44 59 29 27 a1 64 8f 1c 5c 4c ca 10 a5 a5 61 14 75 79 12 8d"
1787300109955,42,17.3291168,46,NOMINAL,32,"38 3d f7 15 cf 3a ef b6 40 bd f7 8a 4b 19 ab 73 6e f5 42 47 3b 04 5b 96 7a e3 38 96 f8 5d 87 ab"
1787300109957,42,21.5298996,45,NOMINAL,32,"8f ad 6d c7 89 9b f5 19 78 bd 80 c0 5f 5c 24 ba 49 fc 91 26 57 16 fe 24 3f b6 77 60 b3 d9 cf 7f"
1787300109959,42,22.8281879,44,NOMINAL,32,"25 fd 4b 17 79 e9 4f d8 7c 71 7c a6 9b c2 9c c0 b8 9c 35 2c e1 93 96 eb 4f dc 16 c8 10 a1 5e 32"
1787300109961,42,23.4383755,43,NOMINAL,32,"65 89 db 9d b7 9e 02 de c3 2b 6c c0 12 75 34 26 a9 97 16 93 00 40 ee 6b 15 c0 63 9e 86 aa fe f0"
1787300109963,42,26.8754349,42,NOMINAL,32,"34 14 5b 60 6b 71 4b 4c a1 1a e4 19 5d f8 e1 b9 68 18 04 7e 08 6f 68 d8 9c 20 4f c3 86 36 93 87"
1787300109965,42,25.3888416,41,NOMINAL,32,"a5 fa 34 c1 5f c1 33 28 e9 1d 5d 38 43 fd e4 09 17 da db 0f 0e 71 a6 7b 54 c3 7d 93 d9 e9 56 4e"
1787300109967,42,18.3639145,40,NOMINAL,32,"69 0c a8 1d f0 75 d0 05 f6 b4 82 d2 95 b2 5d 85 e3 28 0c d3 ae a3 e3 35 1a bf 11 4c e7 13 0f a5"
1787300109969,42,17.4180717,39,NOMINAL,32,"05 f5 e6 21 c5 e0 6a e5 5b 5d 3b 51 e9 b3 46 af 1d f5 b0 50 cf b5 5d db 62 71 9f 2c 2a eb 5b 3d"
1787300109971,42,24.4528904,38,NOMINAL,32,"ae d2 87 fb cb 97 fb be 20 46 73 c8 fe 2b 93 33 97 4e 18 b9 76 ec 50 3c 98 db 9d c6 9f 34 be 30"
1787300109973,42,22.4695797,37,NOMINAL,32,"64 94 16 21 f0 1f 0e 2a bc 78 b4 53 21 5b 18 5b 60 09 d0 76 0f 83 85 f4 5d d6 61 01 ce 12 4b 17"
1787300109975,42,18.0965042,36,NOMINAL,32,"ae 02 fb 81 c8 a2 dc a8 54 b2 98 e5 93 9e 45 1f d5 92 0f 44 ca 8a 59 e4 c1 4a 64 e0 d7 11 77 17"
1787300109977,42,26.5642071,35,NOMINAL,32,"83 9f 57 bc c2 dc cc 8f 1f 57 a9 e6 62 ea 50 fe a4 6a 02 c8 cb 03 19 2b 9b 52 c6 13 3a 93 7f 6c"
1787300109979,42,22.6623306,34,NOMINAL,32,"0e 69 14 d9 25 2a 4d ad 6d aa db bf 6d 3c 99 f5 da fe 30 f8 0b 8e 5b 10 0f 2c 9e 03 6d 36 db 37"
1787300109981,42,27.494648,33,NOMINAL,32,"ae fb 86 21 dc 8b 54 06 7e 94 cf 3e 17 c7 d0 19 59 14 9b e9 ae df 41 3a b9 7f 92 38 62 57 ee 28"
1787300109983,42,24.7627201,32,WARNING,32,"46 a6 c6 fc 5b 40 c2 93 4f d4 8a 15 3a 9e a5 22 a0 c5 84 4d c2 5c 7b 37 51 88 82 13 1a 34 c2 34"
1787300109985,42,16.8239288,31,NOMINAL,32,"5c f8 80 9a 35 51 17 15 8f 81 2e 40 06 ed 0d cd 99 43 cf e3 f4 3a 81 9d e4 74 ee 5e 0f c7 48 17"
1787300109987,42,17.4915371,30,NOMINAL,32,"96 16 cf 74 f3 bd 8a 5c 1c c1 e5 30 40 bc dd de 86 b6 99 53 3d 48 1c 18 2b 62 01 bd a6 c0 35 db"
1787300109989,42,21.2773304,29,NOMINAL,32,"e4 95 1e f9 c6 2e 8c e0 58 4f fe fa 81 12 d8 e7 41 fb ac 32 85 d5 6b 4b db 30 4e a7 8c bb 70 bf"
1787300109991,42,19.1724796,28,NOMINAL,32,"8b 5d 27 4a 81 7f 52 dc 77 de 1f 0f c7 e5 3e fc 1e 8f 12 74 c2 e8 70 36 a0 c5 be e0 d7 b2 9b bb"
1787300109993,42,16.7211819,27,NOMINAL,32,"bf 0e c1 bd 96 ce 01 27 10 a2 b9 02 cf 4e 5b e6 9c 85 8b a4 8d a0 fc 12 78 d1 b3 13 6f d1 c9 f2"
1787300109995,42,21.8680477,26,NOMINAL,32,"e3 56 fe f6 e1 4d 30 f4 d2 4f fb 9c ac ad d2 a2 e7 38 9a b0 b1 60 b1 e8 6d ba e3 1f 74 7f 50 36"
1787300109997,42,28.4573917,25,NOMINAL,32,"90 66 09 8d b5 e9 64 4f 47 30 61 3d 31 84 a0 44 da a3 fa 7d 73 e9 ad 5e 1d c5 4d 10 77 58 99 f1"
1787300109999,42,26.6776237,24,NOMINAL,32,"46 34 45 f2 c0 10 43 53 dc 41 91 3a 80 2f 50 34 78 fc 60 10 a1 fa e8 80 46 40 3a 14 2d 78 36 01"
1787300110001,42,16.2389336,23,NOMINAL,32,"fe ed ba c5 24 2e 47 2f 68 7a 29 6c e0 da 1b 90 c0 32 52 49 a5 dc 5b e2 c4 b8 11 4a 04 35 68 8c"
1787300110003,42,18.5369549,22,NOMINAL,32,"3c ff 5e 2f 69 0a 3c 24 c4 3d 74 19 d5 d5 fc 70 3a 3f b1 26 22 cd 9d f2 7b 8f 17 b8 18 c9 2f 6c"
1787300110005,42,20.0400085,21,NOMINAL,32,"44 62 8c 75 50 2c 10 23 35 98 07 8a 72 22 43 f9 55 5f 21 96 1a 24 fd 4d d1 a8 0b 8e ef ff 07 21"
1787300110007,42,19.0391769,20,NOMINAL,32,"d5 b0 1f c3 a2 6a fa e9 57 ea 9a 36 e7 0a 9d 7e a3 52 4e 78 d5 42 d2 e3 3a 9c 38 9d 1b ef 99 86"
1787300110009,42,21.8086529,19,NOMINAL,32,"6d a0 e1 a6 9b 14 49 d4 66 6d 40 7a 81 52 a0 24 56 7f c8 30 a7 e3 c7 62 0d b5 07 1b f6 ef 4e c2"
1787300110011,42,22.6598339,18,NOMINAL,32,"ae 78 c2 63 1a c1 6e 41 e1 0e de 35 5a 95 67 4e aa 80 f3 1a 48 c0 ab 97 31 67 66 4b 76 6e e6 df"
1787300110013,42,18.7891598,17,NOMINAL,32,"c4 4e dc 29 a4 81 25 4e 3a 90 c0 4c 85 35 74 62 99 aa aa 61 40 5c 80 8f 35 ec 41 94 9f 4e 29 86"
1787300110015,42,24.054739,16,NOMINAL,32,"2c 2e 3c 65 48 95 2e af 1b 4a cb 22 81 0a 31 a3 1d a5 a8 bd a6 de eb 78 4c 6f 74 6c 9d db d5 cc"
1787300110017,42,27.049633,15,NOMINAL,32,"cc a7 69 77 40 c8 01 cb 5d 0a 76 1b 21 cb 54 be ea b3 0d e3 41 cc 45 cb c4 47 f6 d7 4b 85 0d 6a"
1787300110019,42,13.1632023,14,NOMINAL,32,"22 77 12 f4 68 54 51 0e e4 49 51 71 d3 28 cd a4 e3 d4 ec f8 45 25 4c af 30 c5 28 f9 88 b1 12 e9"
1787300110021,42,22.5583649,13,NOMINAL,32,"f3 6e cf 3b 80 50 ff 48 cb ae 0f af 65 f5 81 a9 50 a1 3a c2 c9 17 ce 46 42 91 5d e6 a2 17 76 cc"
1787300110023,42,19.3063526,12,NOMINAL,32,"db 45 79 8a bb ea c0 af d7 03 cb a9 50 ec 55 ca aa 26 27 5a 81 c8 32 8f 43 f7 d7 60 8f 70 83 8d"
1787300110025,42,18.9688931,11,NOMINAL,32,"6d 24 57 b0 3a 44 39 39 44 31 e2 b5 13 f8 89 60 0d 12 96 a2 88 dd 37 4b 29 98 82 e9 7a 63 62 89"
1787300110027,42,11.8727922,10,WARNING,32,"0f f5 9d b4 00 c3 17 b7 13 b4 16 e6 1d 8e 2e 36 15 d1 ab b6 f1 59 27 77 c1 4f 62 0b 0d f1 20 e6"
1787300110029,42,22.7711525,9,NOMINAL,32,"dd 71 d3 1b 1b 2c 72 36 00 3e 2a b6 b4 44 5a f5 8e 00 ce ca 15 91 15 1d 59 47 f8 6f 45 a0 17 8b"
1787300110031,42,24.8997345,8,NOMINAL,32,"a1 c0 0a b3 a4 66 cb 80 ea ec bd c3 bd 99 c9 68 58 c8 86 83 55 f8 fb 1c 97 3f 56 36 64 41 43 60"
1787300110033,42,23.650753,7,NOMINAL,32,"e7 de 0f 92 62 de 41 a0 a3 dd 96 6c 7f ed 21 6d e5 eb 79 af b3 72 f6 4f 3c b7 6b 56 c4 9c 0c 3c"
1787300110035,42,22.3395519,6,NOMINAL,32,"57 fe 3a e3 a0 de a8 78 bc 7f 40 ff 83 5d 06 a6 6a fb c6 e1 06 eb d3 c5 2c f3 02 ed d5 39 5f 58"
1787300110037,42,33.9163742,5,NOMINAL,32,"55 1c 27 cf 1a c9 54 44 f0 cc 82 3a 21 d5 fe ea 60 fb a7 f3 f4 4e 29 8a 51 f6 51 a5 10 41 21 e9"
1787300110040,42,17.9333439,4,NOMINAL,32,"f7 e7 d0 d8 20 7b 1b 1f 0e 29 70 52 30 b9 37 97 b1 f9 44 e0 56 87 e0 7c 8f 31 35 21 2a 21 90 c9"
1787300110041,42,24.0071812,3,NOMINAL,32,"7c de a3 44 90 81 1f de 82 2d 86 5c 64 57 8a fe 04 b2 5c d0 1e e9 70 22 0d f8 9e 79 8f 2a 9f 07"
1787300110043,42,32.0801659,2,NOMINAL,32,"f5 99 45 54 e7 a2 2c 6e 77 34 28 40 b3 18 ca 3c e2 cc a8 22 4a c2 cd 53 80 67 2b b1 02 12 fe 00"
1787300110048,42,28.7546959,1,NOMINAL,32,"a0 e1 2f 4e f6 25 3f 7c 66 a3 78 ee e9 cb 9f 23 5b a1 7e 61 9a 08 f0 c3 d0 3d f2 d2 b8 c7 7b 7b"
1787300110048,42,20.2525806,0,NOMINAL,32,"5b bd c3 aa a4 26 76 bd f2 83 65 89 0c a5 86 19 b5 5a ee da 17 30 a9 9b 38 97 ff e2 56 6b d8 8e"
1787300110049,42,21.3650723,100,NOMINAL,32,"aa 5f a5 11 0b d4 41 85 2c 5e a9 a5 1e 73 73 b8 ce a7 2b 90 bd b0 9a 48 b0 13 5d 37 9b e2 9c 92"
1787300110052,42,27.5065975,99,NOMINAL,32,"8c 90 fc 72 f2 cb 45 89 2c 92 75 df d9 d4 0f 13 a1 d4 59 4e 7d 7f 69 1f 7e 65 98 cc ce 2f bb e6"
1787300110053,42,16.8363304,98,NOMINAL,32,"f7 27 1d 64 28 6b 06 55 ac d6 fd 10 2d db dd d6 48 1e 4a 52 50 6e 46 1f a4 f3 0c 70 4a 26 50 5e"
1787300110055,42,23.6151485,97,NOMINAL,32,"a7 a0 f0 69 3e e5 83 5b 05 24 12 6a 72 b0 70 89 52 79 8a 6e 29 f7 ac c2 11 03 fc be ff 85 ae 7c"
1787300110057,42,22.7508297,96,NOMINAL,32,"2a a0 0e ea d7 77 ec ef 75 00 1f f5 96 60 1b 98 8b 18 31 aa f9 a0 ed 5b 38 b8 bc df 2f 39 52 f9"
1787300110059,42,17.9223213,95,NOMINAL,32,"67 01 5b 1d 0c a1 bd 31 f0 99 f6 c5 d5 e6 fc 5b 07 a0 b9 23 25 db 43 4b a7 3d 5c 8b dc 2c 64 25"
1787300110061,42,15.3159733,94,NOMINAL,32,"7f 24 32 fe f4 0c d6 0b fd f8 ce 13 d4 bd 6c d7 e6 e6 7b c7 68 c4 47 d3 a1 eb 45 39 e7 74 21 4f"
1787300110063,42,21.1153946,93,NOMINAL,32,"d2 2d 59 dd 1b e7 8b cb 68 92 51 ae 4a 44 45 ef 64 e3 e3 9d 35 89 18 10 a8 96 ec 5e 7f f3 b9 bc"
1787300110065,42,18.4740601,92,NOMINAL,32,"26 1e 61 5f e9 93 9c 3f 10 ff ee 85 53 8a f2 31 a7 14 a6 2c a6 b3 7e b4 39 0c 83 9f bb 7c 93 b4"
1787300110067,42,25.4332619,91,NOMINAL,32,"20 47 16 70 18 61 09 de 05 15 ba 31 79 c6 14 c6 d9 cd 41 ba 11 a8 bd 22 6b 2f 24 18 5a d3 40 7f"
1787300110069,42,19.9100437,90,NOMINAL,32,"d5 3e f4 95 c0 5e d0 3a 8f 20 ac 69 3e 52 b0 c8 2e 9d a0 e6 9e 25 5c cf d8 70 55 c5 01 41 a9 d3"
1787300110071,42,23.2825317,89,NOMINAL,32,"7a 3a 74 35 1b 96 9c 16 49 9c 6b f0 84 8e 57 39 f1 96 80 ac dc 1e 03 6d 6e e9 4f 82 99 1a 79 08"
1787300110073,42,16.5252628,88,NOMINAL,32,"33 25 cd 89 42 95 41 f8 fa ac 7b be 9d 93 8b c6 31 0d 72 62 90 ed 48 75 96 8a d0 59 c2 cd 3c a4"
1787300110075,42,27.0098953,87,NOMINAL,32,"0a f5 97 6d da 14 31 65 db c0 4f ff 22 1f ea d4 91 e8 26 6e 78 8d 0c 90 69 06 c6 01 a3 f6 e6 49"
1787300110077,42,20.7441692,86,NOMINAL,32,"04 03 59 95 c5 16 b7 31 4e 95 41 1e 08 5a f4 4c 75 25 dd 4a dc 19 1e 24 b4 4e 42 c8 4f 4a 89 b9"
1787300110079,42,18.3788452,85,NOMINAL,32,"d7 05 bf a1 96 d5 cf 20 67 a4 96 28 4a e2 15 46 93 38 ee 73 0b 68 24 5a 4f 28 39 0e 1a 0b 33 4c"
1787300110081,42,22.0916882,84,NOMINAL,32,"63 94 3b cc 4e 07 02 88 04 56 19 7a 0b 73 6d 3f 52 dc a7 cd 23 8f c2 3a 31 70 60 98 11 9d 86 1f"
1787300110083,42,24.6003304,83,NOMINAL,32,"e5 f8 dd a9 03 0d 3d 62 31 63 da 75 0c 14 57 a4 af 21 6e 3b b1 6d d4 9c af 8d a8 24 a5 23 cf 1e"
1787300110085,42,22.3006992,82,NOMINAL,32,"91 ab 1e df 3a 48 b8 9d b5 45 6f ae 23 ff 1a 9e b3 ab 9c b0 30 bc 73 7a 57 67 af f5 f3 e1 72 75"
1787300110087,42,10.2439966,81,NOMINAL,32,"5e 5f 63 5e c2 22 25 ab 1c 1a 9b 3e b0 a8 9d f7 65 89 bb 19 46 61 92 ad 03 b8 26 c8 96 6f da 04"
1787300110089,42,25.4939919,80,NOMINAL,32,"e5 45 01 f7 5a 61 24 bd 4d 4d 8d 17 9f 0b ea 05 25 66 05 49 b6 25 ce d8 8e 63 06 02 72 a0 c8 82"
1787300110091,42,24.0278702,79,NOMINAL,32,"db f9 fe 1b ae 88 b5 a1 02 9c a1 db 0a 34 67 bc 55 b6 b1 fd 4e 16 bd 6d 54 b7 06 b1 ad 1a 80 32"
1787300110093,42,21.6145172,78,NOMINAL,32,"70 f2 9a 7d 2a 2c d5 1a 47 98 a7 da 60 d9 5e 5a ab c7 1c f7 cf 98 90 ad bb 1c c7 29 d7 f3 81 44"
1787300110095,42,28.0807762,77,NOMINAL,32,"74 a5 df 31 d9 88 56 38 9f 85 14 a7 d4 44 61 51 0a ac 91 98 90 a4 b9 1d 53 22 a5 89 1e 51 3b 60"
1787300110097,42,18.487915,76,NOMINAL,32,"ee e3 fa 9c df 07 68 70 a9 78 17 8f 30 93 a3 ef 3d 4b 9b db e1 58 e2 89 79 22 6d 22 a9 02 96 fd"
1787300110099,42,25.4821281,75,NOMINAL,32,"2e f4 96 ae 29 14 4d 68 7d f1 61 a5 a9 cf b2 d0 67 eb 25 03 ed 23 5a 26 70 01 68 63 51 f0 c3 8d"
1787300110101,42,14.1156693,74,NOMINAL,32,"39 2c fc c2 da 61 e3 1f 4e 6e b8 fe 61 99 bb 19 b3 c9 c2 44 2a ef ab d3 b2 9a 73 10 72 86 1c 83"
1787300110103,42,15.0827017,73,NOMINAL,32,"5e 9b 53 49 17 53 14 70 36 9b 13 1c 1b 9b ac a3 b4 5b 5d 7a 84 06 f9 d3 0b 79 45 0b 30 af 61 82"
1787300110105,42,22.2322884,72,NOMINAL,32,"07 f0 fe 48 20 c3 95 1d 7b dc e1 de 20 eb 92 f1 d9 a3 06 81 9d 39 c3 e1 eb 17 11 80 ca cc 83 9b"
1787300110107,42,18.9585304,71,NOMINAL,32,"07 a9 05 16 a7 00 c0 4c 69 4f 60 3a 83 68 b1 3e b3 71 d2 b0 21 12 16 d8 f5 20 32 18 4f 00 09 dc"
1787300110109,42,19.2455006,70,NOMINAL,32,"85 dc 38 0f d6 7b ce 6f 54 7f 5a 53 d8 25 4e e9 4f 02 71 8d 68 4d 19 70 7a a8 c9 c1 fe 20 55 57"
1787300110111,42,20.0276775,69,NOMINAL,32,"0e 16 cb f5 89 6d e6 7c b7 d9 fa 13 43 c5 52 11 bd 5d b5 0f 44 a9 b7 5b 55 6c 44 f4 51 ee d6 41"
1787300110113,42,18.1797142,68,NOMINAL,32,"4f 11 c6 a3 ac af a6 09 2c 2d fb 8e 94 6e 0b da 52 30 4c a2 59 d5 5d 53 97 a8 6e ed c8 c2 02 08"
1787300110115,42,20.3403873,67,NOMINAL,32,"22 34 06 ce e1 ab b3 8c 0d 61 d7 10 f2 9d d2 a1 21 f9 4b 96 80 b3 37 d3 50 d0 80 28 d1 f9 90 91"
1787300110117,42,28.8513145,66,WARNING,32,"1f 80 28 17 80 ef 05 e6 9c 2d 24 3e f3 2f 77 35 62 30 ba e3 d9 f9 fc e8 1b 58 dc 37 2c 41 8a 0c"
1787300110119,42,23.9254684,65,NOMINAL,32,"16 90 13 09 27 90 21 a4 47 59 4e ea b7 96 8a 8d 30 ad b5 9f f5 66 14 5a 44 7a 70 37 1d 9c 10 d9"
1787300110121,42,16.5284252,64,NOMINAL,32,"75 74 ca f1 47 8f ef 1f 30 ee c5 fe 0d 94 3c 50 10 0e 73 32 d4 20 09 50 a1 1d 84 b4 94 18 e4 a1"
1787300110123,42,13.8809996,63,NOMINAL,32,"ed 88 ac 74 43 cb 54 84 ee 3e 82 59 69 bb 3e 4a e7 02 91 dc cf a8 99 9c 20 02 00 e4 0d 84 e1 a6"
1787300110125,42,21.2447128,62,NOMINAL,32,"46 86 fb 1f d1 9f 27 da ff d6 81 f9 4f fd 24 9b 41 bb fa f5 aa dc 9a 5e 19 fd 99 36 ee 3f 70 82"
1787300110127,42,23.3365993,61,NOMINAL,32,"5b 07 9a c7 76 9c fc a3 59 9f 69 ad 2f 5c 44 61 b3 04 90 c3 fe 30 de c3 ff 9b 43 d8 e4 1c ef 29"
1787300110129,42,21.8680668,60,NOMINAL,32,"58 30 9b f4 5c ea b3 3e 77 6d 1e 90 f5 9a 6e b2 5a c4 81 46 6c 5b 13 27 05 a6 66 8f 04 13 9a 1d"
1787300110131,42,27.0119762,59,NOMINAL,32,"7a d0 66 ed 3e d5 5f bf cb 23 7f 94 4a dd dc 8b 12 d1 48 44 50 7d 75 41 2f c4 80 6f 96 55 64 69"
1787300110133,42,19.6381702,58,NOMINAL,32,"6b 33 1a 94 62 55 e5 55 c9 3f 99 d2 15 3f c1 5d 2e 3f dc 50 f5 8c fe 6e 4a cf 08 0c b4 9e 6c 75"
1787300110135,42,23.6551056,57,NOMINAL,32,"4b 28 28 59 df 32 42 42 8a aa aa 68 a7 96 b9 0f c5 2a dc e1 de c8 e5 21 ac 2f bb 83 bb b4 d2 42"
1787300110137,42,28.7052269,56,NOMINAL,32,"e3 8b 7d 4a ea 3a 40 b3 96 d6 1a 39 c6 b9 d3 f8 6a e9 e5 10 1d 6d cc c0 65 1e 92 91 b8 41 1e 31"
1787300110139,42,21.9353523,55,NOMINAL,32,"55 54 2b f7 0c e5 9f 06 1a 41 52 f8 e0 3e dd 02 6e 2e 71 89 20 d8 78 95 f5 e5 a6 6d 70 35 6e bd"
1787300110141,42,18.9370728,54,NOMINAL,32,"65 f2 e9 13 38 7a 95 2a b0 66 87 50 6d 1e 89 28 60 4b 13 ea fb 26 6d 4f 12 ee 13 cb 0f 33 bc 4b"
1787300110143,42,16.9676418,53,NOMINAL,32,"b5 7c e5 5e 8a de 1f 01 f0 62 d4 ed a6 6e 7d 7f 5c b3 6e 7d db ee 7b 0d 0d ff 30 96 64 d3 49 31"
1787300110145,42,30.248579,52,NOMINAL,32,"fd 8f b6 97 89 ab 07 0a 59 4c bd 01 f3 80 2b e4 0f f9 c2 4a c4 bd 38 90 c1 7c 19 04 c8 b9 35 72"
1787300110147,42,21.6708622,51,NOMINAL,32,"62 02 c9 49 c8 ea f6 22 50 2a cd 35 47 d0 a1 4b bd 6b cb c2 7a 6e d6 c4 55 90 06 e1 97 00 ba 02"
1787300110149,42,20.7393532,50,NOMINAL,32,"fb 6a 8a c8 64 c0 61 cc 27 36 0f fe d3 0c 6f bd f4 d9 55 d0 22 1f 78 80 b5 cd af 26 fe b7 8e ba"
1787300110151,42,14.5354614,49,NOMINAL,32,"66 0c 6f 7b dd 29 50 58 60 67 d5 21 c8 ab 7a f2 8a a3 51 1d 29 c8 01 95 e8 d4 c5 1d 6e f8 e2 0e"
1787300110153,42,20.4132366,48,NOMINAL,32,"fd 03 ea 70 56 ba a9 26 5b bd 35 1d 83 f9 d0 8a 44 3a fe 21 4e cb 74 3c 14 13 34 88 3c 0b 57 c9"
1787300110155,42,24.4868202,47,NOMINAL,32,"9a 96 ce 96 02 51 67 95 e9 8c fc 4f 20 d9 10 10 9f b5 48 a0 33 e5 fc 10 64 93 ee 98 69 3f 36 21"
1787300110157,42,24.3546066,46,NOMINAL,32,"11 19 a0 df 79 da 47 65 5c 6c 08 80 37 90 f8 0d 74 3f 36 a7 d8 b6 53 bc 11 df ae ad 7c 50 7b 83"
1787300110159,42,20.9831295,45,NOMINAL,32,"89 ac f2 59 38 c3 69 0a 12 cb ff 97 fb c7 d4 18 54 03 f5 c2 91 e8 af ff 8d f4 38 30 0e 04 43 db"
1787300110161,42,22.9075298,44,NOMINAL,32,"34 0b 5c 34 08 68 0a da 13 2c b0 a0 aa 86 1a 70 4f 9b c6 27 f7 16 c1 15 c6 53 ec 09 18 e3 f2 12"
1787300110163,42,20.2334995,43,NOMINAL,32,"1d c4 b0 6f 41 d4 02 37 9f 2b cc 2c fb 6c 35 2c 10 89 27 5b 96 54 15 a2 0e 65 37 b4 9a db 63 d6"
1787300110165,42,18.6152191,42,NOMINAL,32,"bc 10 55 b0 8b a5 3a b4 85 c5 61 9e c7 2a f6 b6 5c d6 29 14 c3 61 34 b9 f1 52 4c bd 67 20 61 65"
1787300110167,42,19.399456,41,NOMINAL,32,"c0 d2 35 97 ed df 60 56 29 e6 15 d7 1d c4 df c2 fc 8a 0d b8 35 c1 23 6c ca f6 95 61 b7 a8 b2 79"
1787300110169,42,24.4252319,40,NOMINAL,32,"6e 1e cb 70 71 a2 96 60 8b d5 eb 99 d2 7d e7 9f 87 6e a0 8b 20 7b 22 b6 f2 e2 c4 65 24 dd 2f 34"
1787300110171,42,16.108263,39,WARNING,32,"71 54 ab 29 c0 b6 6b 4f 33 9b b4 16 77 e2 f8 83 b7 39 04 b3 4c 24 69 4f 51 f5 fa bc 32 31 49 ce"
1787300110173,42,23.9087143,38,NOMINAL,32,"aa a5 95 3e 30 0b 86 72 6b 75 ec 69 51 b5 90 15 c0 49 3f d0 9e 21 c6 f4 72 33 e9 ad e8 d0 e7 e9"
1787300110175,42,23.5961781,37,NOMINAL,32,"f4 af 9d 96 72 75 c1 f5 84 9a 8b ad 47 c2 6c 4b 45 a5 16 5d a2 14 b1 cf 50 0e f1 2e 12 60 e3 bc"
1787300110177,42,16.7902927,36,NOMINAL,32,"13 e7 7a c7 7c 18 a8 02 12 a4 e8 08 62 ee d5 09 3a b4 aa 9c 07 30 0c ac 1e 0d e1 25 b3 4d b1 32"
1787300110179,42,19.6914272,35,NOMINAL,32,"a9 d4 43 40 32 d3 4e 5c b2 d5 1b 29 a8 74 e1 f6 ad 57 4f cb e1 c0 6c d9 e1 6a f0 6b 70 80 f7 01"
1787300110181,42,20.5215473,34,NOMINAL,32,"f3 cd ce 9c 7c f5 77 98 f8 f1 1e fe 2b f8 7a de 2e 3c 28 c7 f0 dd b4 11 11 65 97 77 71 02 71 40"
1787300110183,42,17.5352478,33,NOMINAL,32,"28 a7 61 6a 75 4d 3c 14 b9 b8 4f 54 12 aa 73 c8 05 86 dc 6b b4 02 5c a0 0f 5c 4c 17 d5 92 c3 e6"
1787300110185,42,25.2240486,32,NOMINAL,32,"b5 fe ac 2c 97 c6 ea cc 68 fe 9c 5c dd 17 ea 4f 99 0a 69 d7 99 93 d5 85 a4 80 b9 41 0e c5 04 e2"
1787300110187,42,17.6684227,31,NOMINAL,32,"45 44 15 f5 45 dd 44 51 6c 38 f6 bf 72 0f 36 49 0b b3 6b da 85 d9 f0 a0 25 68 ac c7 5c e0 79 1c"
1787300110189,42,20.7447319,30,NOMINAL,32,"72 1a 38 ee 8d ca 75 9a fb c1 be a6 2e 3b b9 5c d4 22 1d ce 60 87 e9 c0 c4 57 b5 af 7c dd fc b1"
1787300110191,42,22.6409569,29,NOMINAL,32,"54 b5 c5 6e 01 67 d4 b6 ae 6c c4 56 cf c5 e4 46 e1 d5 67 b5 9f b2 4c 80 55 88 a0 a1 47 a7 c0 31"
1787300110193,42,17.1493969,28,NOMINAL,32,"34 88 06 bf a2 4a fa ca 9a 8b ae 64 4a a4 67 60 e8 61 14 92 10 58 e2 ea b5 47 03 d2 2a d6 58 6f"
1787300110195,42,28.7710419,27,NOMINAL,32,"47 4f 96 22 40 09 2f 3e db ba 39 f0 7b f6 d8 14 ae 86 c1 0e 7d 22 0d d0 1c d9 89 14 e8 2c b1 2d"
1787300110197,42,23.8554573,26,NOMINAL,32,"66 f2 c9 06 bc c4 9b 36 ae 19 c0 2c 78 84 9e 1f 24 4a fc db 3a 4c c0 6c ef 84 0d 01 74 27 f7 fc"
1787300110201,42,22.136013,25,NOMINAL,32,"3c 72 3b 04 c6 7f e2 bb 81 c7 17 9b 0e 4f 52 33 4b ba 7e 99 2c e6 ae c7 64 ec 78 fb 0a bb 3c c2"
1787300110202,42,22.9026222,24,WARNING,32,"0f aa fb b3 18 54 de 01 de dc ae 6e c3 3e ed 41 f7 8e 4a c4 74 fd ac 75 d2 71 65 31 29 e6 64 28"
1787300110203,42,16.7616062,23,WARNING,32,"b9 5d 43 a2 c0 2d e4 74 3e d4 0f 95 5b f6 c4 d4 0b bf bc 15 ca 22 d5 b6 57 5e e7 f8 bf e2 ec fc"
1787300110205,42,18.9656124,22,NOMINAL,32,"b6 db e8 9c e8 c1 77 db 32 56 c0 0a ad 9d dc 33 7c 5b a5 0c 51 a1 78 fe b5 d9 b9 cf a4 7d d4 34"
1787300110207,42,16.6457405,21,NOMINAL,32,"27 01 6e f3 a3 fb 3e a7 81 40 47 42 af 5e a0 bf 80 e5 bf 14 41 12 c0 1c 0f 27 ab 3e 9f 44 75 2a"
1787300110209,42,23.160532,20,NOMINAL,32,"98 b7 d0 14 3b c7 62 cc 21 d7 4c b6 28 c0 a5 de 5a 94 5f cc 37 a6 96 6a 85 c1 0c c0 6e 07 0c 8b"
1787300110211,42,21.2112331,19,NOMINAL,32,"dc 90 5d 13 ca ec 74 9a f3 e6 54 20 ae 61 7d ad ca cb ef 46 b7 e9 a3 cf 36 38 ad 7b 78 53 14 49"
1787300110213,42,23.5034828,18,NOMINAL,32,"8e 6d c9 9c 13 5b 60 e6 6a 45 84 fd f9 4c 42 61 38 f0 75 f4 97 3c d9 db 0d 76 09 9d b2 e2 c2 da"
1787300110215,42,13.7013607,17,CRITICAL,32,"63 cb 6d 94 50 81 f7 ac dd 5d 0a a0 16 56 b4 ad 60 96 3c 83 6c 30 23 fb 35 bd 2b 19 23 5b 80 3e"
1787300110217,42,17.8855171,16,NOMINAL,32,"2a 64 79 47 f0 2d b0 70 e4 c5 ee 1c bc 92 66 a5 41 10 33 4e 30 3d f0 d5 36 78 4f 86 1c f9 da 79"
1787300110219,42,20.3734665,15,WARNING,32,"1a 65 c5 dd 4f 8e 8d 86 bb 4b bb e5 38 31 80 b2 6a 87 d5 41 80 10 e8 6e 26 84 3d db d9 a8 0b dd"
1787300110221,42,14.7040854,14,NOMINAL,32,"54 66 87 a6 5d f2 48 9f d8 2e 49 54 5d 68 a8 83 99 9f ee 0a 9c 21 1e fa d8 5f e3 24 6a 2e 40 9d"
1787300110223,42,22.8299065,13,NOMINAL,32,"5b f3 0f c6 0a 59 20 a1 75 43 73 34 c6 96 e6 ab 85 ac 24 27 94 81 41 dd 88 8e 1b d7 a8 b3 11 cd"
1787300110225,42,25.4696484,12,NOMINAL,32,"40 7b ae 89 6e cf 59 65 e1 b4 9c e9 ea 2c 3b 86 e6 54 d6 45 b3 8f f1 4f 43 15 ac 85 c1 a8 f4 26"
1787300110227,42,20.24473,11,WARNING,32,"73 70 a2 d7 01 5c 9d c5 58 44 d8 04 cd 1e 12 1b 5b 8b b4 e1 d4 23 2e 28 4c 64 94 85 23 7f 5e 70"
1787300110229,42,22.1822777,10,NOMINAL,32,"f6 48 c5 81 63 61 ec 96 85 4b ac 86 73 ed 32 4e e5 be 3c 2b f6 51 bf f7 3e 95 76 54 09 38 ce e9"
1787300110231,42,22.2052479,9,NOMINAL,32,"b7 d3 34 74 e7 f0 0d 28 cb 16 7f 7f ac e6 5f f8 21 cd 81 ca d4 54 4b 43 15 09 e9 86 d7 ca fe 19"
1787300110233,42,26.6206551,8,NOMINAL,32,"13 eb 35 de 83 92 5b 07 cf ce d0 e4 43 7a 23 ff 45 14 aa 35 51 62 62 11 26 d7 a2 aa bd 17 61 82"
1787300110235,42,14.2874374,7,NOMINAL,32,"07 ba 1a 51 5a 89 5b e0 31 8a fe 59 2d c5 71 26 b0 45 f1 14 e8 bf 07 3f 95 e5 cc e3 45 6c 22 1d"
1787300110237,42,24.4822941,6,WARNING,32,"79 c6 9f 42 a5 40 a9 52 d5 0c ac 0e 1a 66 20 23 d8 f1 4c 5b 49 cc c3 8c 44 bc f6 96 aa 51 fb 7c"
1787300110239,42,25.1477203,5,WARNING,32,"c3 38 54 68 ab b2 7e 1e e0 63 db 5c d5 98 f1 b0 12 cf 77 e3 c2 a8 4f e5 2a 16 b5 04 3c 03 30 65"
1787300110241,42,22.6145039,4,NOMINAL,32,"f1 5a d6 7b 6f a9 aa a1 99 e5 0a 93 57 bd 2b 9d 06 c5 98 ee 39 00 53 ef dd d6 49 8a 06 f9 28 be"
1787300110243,42,17.2748413,3,NOMINAL,32,"44 c5 bb 4b 30 be 38 bd c2 46 37 bb c9 07 cc 4d 59 82 fc 40 fd c5 34 02 a5 0d e3 86 b7 a1 c2 f5"
1787300110245,42,24.2459679,2,NOMINAL,32,"22 ac 6d 7d 8a d5 74 60 a0 92 af 99 c9 48 b4 45 9d 5f 8e 99 41 6b 80 2a 1d ae 2c 7c 87 47 79 98"
1787300110247,42,18.9234982,1,WARNING,32,"1e ed c8 9b 5e db d3 08 a5 02 5f aa 5c ef cb 88 69 df 5a 10 49 4b 54 6c ad 9f bc 3a 6b e7 18 4f"
1787300110249,42,24.5548553,0,NOMINAL,32,"46 70 43 d4 d5 4d bc 22 13 73 19 44 4d d2 d1 6c de 79 9d cd 7a 70 d4 38 40 12 ec 39 b7 65 e2 7a"
1787300110251,42,21.9473495,100,NOMINAL,32,"33 fa 95 bd 61 94 c1 e5 a5 9a c5 f9 8f 8c 5f 26 a0 ae 7f d3 d3 dd 8c 0f 92 56 62 a9 0f 3f ac 49"
1787300110253,42,30.3490219,99,NOMINAL,32,"c1 8f 3b 24 ad 00 b0 e8 52 75 f5 69 ae 96 6d 86 de ef a1 98 46 7f 1b b4 c0 e1 d4 7f f6 93 f3 ba"
1787300110255,42,17.8702812,98,NOMINAL,32,"bc 5b ca 76 15 1f 63 00 e1 8b 4b eb 0a 73 37 66 d3 51 36 25 2a 05 46 fe 27 98 c3 8e 91 ba 50 c0"
1787300110257,42,21.2774277,97,NOMINAL,32,"fe 35 bf 33 56 b6 2b 92 e4 0e 43 43 cb ed 48 06 14 93 b8 66 bf f4 d4 7f 37 3f 12 b6 1d fc ac 6d"
1787300110259,42,24.312809,96,NOMINAL,32,"2d cd c4 60 bc 3e 95 ff 56 27 31 7d 53 07 c3 a7 1d 4c 39 37 8c 66 0d d9 9e 68 6c f5 0b 13 11 31"
1787300110261,42,24.2051334,95,NOMINAL,32,"56 73 e0 a2 fa 0d 34 9c cb d2 c0 59 7e eb 7d 37 dd 19 d5 ac 00 a5 48 ad f9 bc ce 1b e4 d6 84 5b"
1787300110263,42,20.0859413,94,NOMINAL,32,"69 15 45 28 2f 1f 5c 0f 84 80 68 e0 ab 55 04 3f cc b7 d4 b8 a9 ac a1 5c df 8e 54 cb f2 fb 07 3f"
1787300110265,42,16.1099377,93,NOMINAL,32,"c4 4d df b7 dd 3d 54 05 9c fa 73 cf c0 af ce 1f cf e5 97 81 78 d3 bc 5a f7 d1 16 2f de 46 46 f5"
1787300110267,42,18.81744,92,NOMINAL,32,"ae 3a e1 73 72 ea a9 d2 a9 6e 02 d6 68 02 65 f5 8d 2d de 2f f3 2e d1 41 5b 85 24 0b e0 bc 99 76"
1787300110269,42,25.0141945,91,NOMINAL,32,"80 e8 ca 36 9c 5d 72 bb fd f8 38 c9 6f c9 da 33 ce 2c 79 1e a8 de 2a 55 bc 35 81 1a 79 26 01 cd"
1787300110271,42,26.8900585,90,NOMINAL,32,"04 d3 3f 41 ca ef 59 3f 09 c1 82 a3 8d b4 41 28 a3 2b 52 46 c0 23 1d 2b 6a 1f 4b 11 80 cc 7d c6"
1787300110273,42,25.9914665,89,NOMINAL,32,"11 c6 91 3c 6e c9 cb a3 5a af 3a cf ae 7e ac 7b c0 bb 38 5a 7d ca 12 01 f5 49 b6 b6 96 e9 e4 99"
1787300110275,42,22.0489159,88,NOMINAL,32,"92 a4 c5 16 9e 00 61 07 72 8b 40 fa 3b 49 90 ef c7 db d2 75 73 5b 45 bc 9a d2 53 00 f5 9a 93 17"
1787300110277,42,30.1248207,87,NOMINAL,32,"5a 3c a4 11 01 a8 4a 52 22 75 cb 78 04 56 79 90 eb 4b a1 dc 9e e7 06 d6 d1 cb 00 4c e9 73 a9 be"
1787300110279,42,19.3101234,86,NOMINAL,32,"26 f7 9a 4c 7a cf 99 cc 9b 66 ba 0a 4c 7e d2 f0 2c 20 e0 08 4f bb 64 cd 4b 95 60 bc 9c a5 05 6e"
1787300110281,42,21.271286,85,NOMINAL,32,"3a 03 f5 e2 3a bd 6c ca 72 f1 16 b8 23 07 b2 50 2a eb f2 ca 79 33 af f9 0a fe 52 6c 66 30 30 c0"
1787300110285,42,17.3182144,84,NOMINAL,32,"ba a9 db 27 a8 e5 93 bf 89 f0 c3 80 b0 d7 13 6e f1 bc aa a1 71 6f 64 95 db 81 72 68 b0 c2 e7 09"
1787300110285,42,22.425169,83,WARNING,32,"89 98 ed 7e 61 92 b3 0f fa ef 95 d8 cc 5a ca ce ca c0 51 65 e9 cb 96 65 50 71 51 16 d2 1c d7 23"
1787300110287,42,18.7518368,82,NOMINAL,32,"65 a3 d9 26 2e c4 17 ba fc 53 67 56 0a f7 56 a6 aa 3d 71 fd e6 b0 fd 28 ea 82 c6 90 10 b5 c5 2d"
1787300110289,42,24.3541698,81,SAFE_MODE,32,"8b c9 3c 36 ab c0 71 55 8b c2 12 ce ae 64 87 59 df 03 60 65 9b 2d fe f2 59 d4 e1 4a a9 ae 25 e2"
1787300110291,42,15.6215096,80,NOMINAL,32,"c4 6f 44 b2 36 2e a6 68 6a 56 ab 93 20 bf f2 b5 4f c0 bb 4a 03 8c 9e 4f 5e 08 e6 7a eb f4 7e e7"
1787300110293,42,27.6312485,79,NOMINAL,32,"14 bf 21 68 22 9b 84 1f 80 2b a3 ec 96 b7 7b 28 c3 19 cd 0a 5c 90 f4 62 18 ae 35 78 f8 be 48 5e"
1787300110295,42,26.4660492,78,NOMINAL,32,"d0 b0 5a c8 0d 8b 6c 7c 19 9f 52 3c 01 81 b8 c7 c7 97 d4 eb 97 c6 14 30 ce 39 7e a0 53 1e 7c 80"
1787300110297,42,21.4783859,77,NOMINAL,32,"11 e5 25 83 b8 75 4f a4 9d 7a 3d aa f7 45 fc 30 bb 75 2e dc ed f2 51 b7 a8 62 b9 81 87 ff 3e 16"
1787300110299,42,26.4291992,76,NOMINAL,32,"c5 74 39 46 7c 29 66 04 99 57 25 50 18 ea 59 90 22 28 c8 34 28 21 79 f6 ed d0 bc e8 b8 93 3b 50"
1787300110301,42,25.5736904,75,WARNING,32,"29 95 89 27 f9 06 72 c9 b6 f7 01 23 d5 34 92 a5 84 d9 9f 75 27 4d 6a 98 b9 00 46 30 b5 f0 13 90"
1787300110303,42,24.9656162,74,NOMINAL,32,"e1 c6 e9 34 15 f5 5d 2d a9 29 17 57 50 a3 d9 39 55 5b 5c 8d b0 08 80 e1 45 b7 61 df 1c 90 ed fa"
1787300110305,42,23.7929993,73,NOMINAL,32,"db e3 0e 36 6d ee 53 2b d3 9e 37 8d b3 00 2a 74 c1 6d 70 8c 8e d5 12 65 52 34 a8 21 a0 56 0b 50"
1787300110307,42,21.5690155,72,NOMINAL,32,"19 b2 7b 2f 55 b1 cf ff 95 d1 e7 b5 3c e4 f5 27 7f 84 6f ec 21 04 45 2b 63 cf 7a 9c f6 b0 5a 0e"
1787300110309,42,18.7149563,71,NOMINAL,32,"d8 88 33 39 32 e5 5e de c6 7d cf 45 e1 e2 60 5c 9c 99 23 2a 1e 8f 43 a4 4a 64 31 e4 52 24 4c 0e"
1787300110311,42,16.9373035,70,NOMINAL,32,"42 fa 2b 3b 26 8f 3e 95 28 ba 69 a6 84 37 96 50 37 8c 89 79 6e a8 b8 8c 90 dd 1c d3 f6 c2 c6 70"
1787300110313,42,24.9128761,69,NOMINAL,32,"89 f7 93 db 0e 5d a2 cc 89 ae 15 bf 3d 2f 10 7c f6 81 44 bf 92 12 bb db 2e 28 6a 39 b7 5d a8 c9"
1787300110315,42,24.7518826,68,NOMINAL,32,"43 8e cf 78 39 fa 8d 43 c7 ec 85 0f 77 2b 67 91 e2 b9 d3 23 d4 a9 1b cb 6d c2 a5 84 20 9f 32 57"
1787300110317,42,18.1393185,67,NOMINAL,32,"93 2e 85 ce 29 b7 5b 03 1e 3e bb 41 0b 4a c4 e6 15 40 bb 6b c4 1b aa c7 10 4e 5c 65 a0 7f 9b 41"
1787300110319,42,19.7002029,66,NOMINAL,32,"62 3e 57 4b 13 ba 3b 4a 9b 82 2d 35 ff a3 8e 34 19 b6 10 05 a3 e9 7d 5f c7 37 eb c3 38 0c 4d d5"
1787300110321,42,14.4537258,65,NOMINAL,32,"2c fd d8 d5 2c 77 4d b6 a1 a2 94 bb 20 ab 8e 86 f4 1d 6a e6 e8 12 f5 1e dd 70 46 ac 95 91 c5 d9"
1787300110323,42,22.252079,64,NOMINAL,32,"cc c9 d8 8f 39 1f 3c a0 76 e1 db f6 0d b6 07 a4 b9 aa f2 0c d6 1b 66 b7 dc 53 ba 6b d0 1f 45 13"
1787300110325,42,22.5414963,63,NOMINAL,32,"25 11 99 d2 43 97 57 ec f7 2c 62 5c ce 57 24 9f 72 c1 af 3e c6 02 06 e2 b5 20 f6 f0 f5 20 bb ce"
1787300110327,42,22.5564079,62,NOMINAL,32,"5a 78 ce 16 70 9a 76 0f ad 29 d3 b5 67 0a 3f 51 3f 9b 9c b6 c8 f1 2b 05 3b 3a 2f 8c f6 d1 39 3f"
1787300110329,42,18.254734,61,CRITICAL,32,"46 48 fb 9d 13 d6 11 83 12 6d c9 cc b5 0d be 25 86 41 c0 f0 92 54 bd ad 09 f6 66 90 02 92 c6 b2"
1787300110331,42,27.3361969,60,NOMINAL,32,"39 f7 f4 bd c9 cb 1d 1a 62 c3 a8 83 b4 4e 0b 28 de b3 51 97 4d 50 0d b1 76 bb f8 ab b0 5d 1d a1"
1787300110333,42,24.5401478,59,NOMINAL,32,"8c 3d 90 fd 25 ba 64 51 20 79 93 76 20 0d 86 64 ee 70 39 6a 59 26 90 52 7f 73 a8 e6 bb 62 f0 12"
1787300110335,42,20.986845,58,NOMINAL,32,"83 cb 44 5f 1a f1 24 e8 3f b0 eb 7a 8e 5c 95 35 7b 76 52 aa 7f 55 af f8 44 02 2f 62 53 b4 26 b5"
1787300110337,42,15.1145058,57,NOMINAL,32,"92 b0 5c de c0 9d 68 97 0e 7e b6 f5 96 40 e2 f7 2b 62 4f a6 85 62 cf 1f 75 c1 6c b3 0b 94 00 8c"
1787300110339,42,17.0334148,56,NOMINAL,32,"28 bb fb 4c 38 e1 c6 16 be 9c b0 09 99 3c f8 b8 65 3e 43 f0 f8 7b 67 b9 4c 4f b0 56 76 d2 4b b2"
1787300110341,42,19.6816597,55,WARNING,32,"c2 20 8e 7f d6 38 5e 2a cd 1c 62 bc 80 45 aa 0a 65 59 7c b4 73 a5 43 23 ab f8 4c 45 8a 8c 03 e8"
1787300110343,42,22.382061,54,NOMINAL,32,"13 62 57 1a 99 61 7a 99 40 53 42 15 29 ee 59 75 a0 90 fd 7d 39 62 13 8c a1 71 8f d4 8a e0 0c 6d"
1787300110345,42,18.2793179,53,NOMINAL,32,"ba 5f e6 bf 9c 7c 85 39 cd 6b e1 08 33 02 1b 3a ff ca e3 7f 86 c9 bb f7 61 0c 49 d5 02 65 10 27"
1787300110347,42,16.0105019,52,NOMINAL,32,"a8 10 fc 9d b3 83 9c e9 95 e0 1e ef 4d 3c 99 4f bd 6b ca 89 04 4d 56 2d 6e 71 80 3a 4b 46 cf 69"
1787300110349,42,19.7022114,51,WARNING,32,"13 28 f3 2f 87 3b 44 13 ae f6 af 51 ac f2 90 07 9c c1 20 c6 4c 4b 36 ea 28 55 06 7c 9b 7f f2 8a"
1787300110351,42,17.056942,50,NOMINAL,32,"b7 3f 83 90 4c 23 48 96 f2 e1 98 1e c9 45 10 11 09 bc 1f 42 41 9a cd 8f 62 9f b8 0e 02 12 a4 ac"
1787300110353,42,17.9178848,49,NOMINAL,32,"27 e7 f9 b9 c8 00 76 fd 6c 8e 2b 23 1d b1 49 8b 47 55 52 1b 35 e0 01 b2 8e a2 c7 bb e3 74 68 dd"
1787300110355,42,28.720417,48,CRITICAL,32,"ab 47 e5 0d a2 3c 71 51 3a 0a ad a1 df 47 f5 1b 01 49 f2 3b 95 56 bc ae 37 c3 52 e0 2d 4c b3 ba"
1787300110357,42,21.1952648,47,NOMINAL,32,"41 c0 47 c5 5d c3 9e 7b d8 0c ac 1b e4 24 59 0b 66 39 66 b5 06 4f 0f b7 bd 1c 1a 63 8b 72 ab 07"
1787300110359,42,15.8466434,46,NOMINAL,32,"5e 2d 7c 40 a5 57 85 a4 8d 8c 09 6e 0b 42 35 45 eb 2b 26 f0 02 d5 46 3f 01 d9 bb 25 b5 80 8f 6e"
1787300110361,42,21.7746315,45,NOMINAL,32,"07 37 22 63 eb f5 27 3c 66 3b 8d 64 61 a9 70 11 b2 18 38 7d 6f 2a a8 da 13 23 db 24 06 14 43 e7"
1787300110363,42,29.2289391,44,NOMINAL,32,"5d 5d de 95 dc 08 ee 36 f9 c5 ae f5 cb 81 fd 0c cd 2f fb 91 a1 7b 40 1a db db cd 5d 0c 74 21 4b"
1787300110365,42,14.1539049,43,NOMINAL,32,"bd f4 3f bf 6f ff 4b c3 d0 c6 eb c6 d1 e4 69 95 6c a5 06 9e 1b 6a 73 6d 68 37 00 48 5c b7 ff ce"
1787300110367,42,20.3620338,42,NOMINAL,32,"b8 1d 2a a4 09 6a fe c6 2a 82 81 4d 4a df a5 d2 86 d1 71 3a e9 2f 17 50 ba 46 47 af 20 aa a7 18"
1787300110369,42,21.2207909,41,NOMINAL,32,"94 61 01 27 86 dc d1 2b cf d2 1c 9b b7 4b fa c2 31 28 16 50 67 d7 62 f8 46 82 4d aa 3f 7e 0f 19"
1787300110371,42,17.4580307,40,NOMINAL,32,"10 0e a2 09 d4 f1 3d 24 cb 7a e7 94 2f 0c b0 95 ce c9 28 af c3 40 af 3f 0c 90 7b fc 7a f2 19 7c"
1787300110373,42,18.4910259,39,NOMINAL,32,"4d 09 31 1d 74 81 a6 71 e6 ad e1 fd 84 80 26 ce be 66 19 dd 5d 82 6b be 13 cf 59 e7 d7 f8 3e 90"
1787300110375,42,17.1499634,38,NOMINAL,32,"4f 56 40 7c 8f a6 d6 76 79 e9 14 33 e3 25 85 d1 bf 5d 9c 03 51 b6 fb e4 b7 5b ea af 42 87 09 51"
1787300110377,42,21.5991821,37,NOMINAL,32,"b4 6a 8e 26 5a 0a 10 91 94 78 f7 91 1c c9 66 2e 67 93 7d d0 4a 72 ae ac b8 20 35 ac c1 02 af 2c"
1787300110379,42,29.3633423,36,NOMINAL,32,"93 f4 34 eb f0 64 64 06 b2 9d 91 68 ac 03 50 2a 2c 5d cc d3 5f 0f 0c 5a ed fa 17 f6 c3 6c 80 48"
1787300110381,42,25.5500584,35,NOMINAL,32,"e8 cc 67 77 24 4a 7d 85 30 12 dd 9a 82 92 40 d1 4b 47 9d 56 1f eb a2 82 85 06 7c e9 32 63 8a b0"
1787300110383,42,26.2474518,34,NOMINAL,32,"bb c0 d7 91 61 b8 12 fe 19 3c da 5d 0f 4b 64 14 06 e7 cf 99 a3 6e 18 55 5f 5b 25 5c f6 17 d4 79"
1787300110385,42,24.3107567,33,NOMINAL,32,"7d c8 d8 8c f5 84 68 f6 ef 74 1d 47 dc bc f7 31 b6 95 1c 03 b0 e9 b9 26 8e 65 7b f5 9e ee 7e 62"
1787300110387,42,22.2095661,32,WARNING,32,"3c 1f ee 98 9c 67 46 c9 2e e4 f6 25 3b 36 fb af 05 94 20 52 60 39 4f 1a a9 8b 1b e3 c6 4b 95 82"
1787300110389,42,19.1716576,31,WARNING,32,"1e 89 ed ca 67 23 ff 39 d0 9d 36 96 6c fc a5 24 67 ea 03 00 40 e5 fb 3c a0 0b fd 2a 97 37 35 7e"
1787300110391,42,25.303709,30,NOMINAL,32,"8a 15 93 c2 89 38 17 7f 97 4a de e9 5d 60 73 b1 13 d8 2b df 61 0a 31 7b f1 d6 f5 60 80 32 04 6a"
1787300110393,42,24.5840511,29,NOMINAL,32,"5b a6 be cc 2f ef ff 96 e0 f7 fc ab 78 aa 46 7d 41 89 9e 3c de f5 c6 d4 71 2a 38 31 c0 91 83 14"
1787300110395,42,18.4271145,28,NOMINAL,32,"aa 00 45 d3 6f ed 02 4a c7 23 22 f0 20 ea 95 e1 9a 59 72 68 a6 6d c7 48 83 33 1f 75 1c bb bf 34"
1787300110397,42,20.8187733,27,NOMINAL,32,"67 be 3f a6 03 63 d9 8c cd b6 2c 5b 99 48 3c 1a 78 fe 8b 36 27 ca a1 cd 5f 08 36 ef 57 97 74 d3"
1787300110399,42,19.5200195,26,NOMINAL,32,"34 39 69 25 0a f9 0c bc 37 72 3a 47 d6 0e f0 a2 13 58 64 29 3a 9e c7 4f e2 f1 15 b0 20 ba cc 72"
1787300110401,42,21.3567333,25,WARNING,32,"43 1b 2e d2 70 9a a1 6c 4c 8a 85 13 dc 2a 27 b0 4b f0 ab d8 fb 35 e0 8b 1c 75 86 bd db 0a a5 a3"
1787300110403,42,25.9080296,24,NOMINAL,32,"fc 70 1f f4 2e 81 07 fb 0c 74 83 31 0d e3 25 b6 89 6e 2f 0b 0e c9 f8 3c dc f2 16 b9 69 2c ec fa"
1787300110405,42,21.4528198,23,NOMINAL,32,"8b ab 70 cb 3b a9 33 9e 56 27 ad e4 5b 44 8c ea 51 1b 3b 5d bc 15 7c 9d 26 4d bc 5a 62 89 82 09"
1787300110407,42,19.1417274,22,NOMINAL,32,"32 c9 16 ee 1d ab 90 99 fa 1d 4b fc aa 69 0f 55 bd 56 07 8d 89 a9 1b b7 e1 34 71 b7 d5 f0 7b 5a"
1787300110409,42,28.8862476,21,WARNING,32,"7e 5e 64 85 45 f2 a1 b1 11 ae fd eb 34 7f 7e a2 fa 34 6c b3 2c a6 8b 6c ec fa 9e 98 e0 1f 7f d0"
1787300110411,42,20.9951782,20,WARNING,32,"cb 01 ba d4 32 4c 19 8c 16 8e 59 2a 1f fe 89 22 a0 3d 1e 6c 81 8e 13 5c 77 0e 2a 51 3f 7e e9 f9"
1787300110413,42,19.8203468,19,NOMINAL,32,"18 5c 74 c1 81 e6 0d 5c 7e 24 21 88 be 85 e2 c7 b9 12 7b 31 cb 2a 89 c9 c9 1f 32 c5 7d 70 45 db"
1787300110415,42,17.0706978,18,NOMINAL,32,"74 2a 42 7f fd 34 20 0a 9d c8 4e 95 20 be 01 98 7d 8f dd 91 d5 b3 d1 27 2e c3 8f e2 4c 32 ef c4"
1787300110417,42,26.9687958,17,NOMINAL,32,"4a f9 9b 64 2a 61 f2 df bd 1a 71 03 f7 e4 80 d2 51 3d 04 9d 36 8c 91 8b 96 b7 b7 78 28 db af bc"
1787300110419,42,24.1100273,16,NOMINAL,32,"d7 fe c2 ea e9 dc 02 d5 0c 7d b6 4a 77 68 ed 7d 35 dc 4b 89 7d 62 20 c2 63 1f 17 ad 9c 35 fd 61"
1787300110421,42,26.5608044,15,NOMINAL,32,"ec b7 f0 7f 65 72 67 59 7e 96 33 d8 61 37 cf 62 01 40 a8 05 be 0e 48 f3 39 d8 65 26 c3 4e e6 d6"
1787300110423,42,24.6922321,14,NOMINAL,32,"c7 68 9d 5c e9 ee be 9c 2a ce 7d 75 c4 40 10 df 67 74 71 b4 74 dd 97 b2 68 b7 48 87 77 29 32 ce"
1787300110425,42,23.2017803,13,NOMINAL,32,"0a 0b 8c 7a 62 c8 8e 7b 5c eb 79 c7 13 3e 68 02 76 12 1e a3 67 59 83 83 4f 84 5b 57 e8 b3 37 37"
1787300110427,42,14.5990696,12,CRITICAL,32,"35 25 c0 ee 39 a2 31 83 3e c1 e0 48 80 91 f0 6f 3a f3 f6 3f 17 84 6a 7a 3b 2b ff a4 46 88 e6 5a"
1787300110429,42,21.810276,11,WARNING,32,"6a 78 19 8c 0d ab 91 7a 97 d8 74 ea 80 e2 3c 09 a1 7a 29 b4 f0 ea 4c b1 9b 50 a7 f6 2b d2 55 81"
1787300110431,42,26.6239109,10,NOMINAL,32,"3b e3 60 93 1b 7b 1d 7e 2c 8a 0f 25 22 50 5b 6e f2 55 e7 5c fa 1e 7f 33 c1 a1 7c de ff 1e 7c a6"
1787300110433,42,29.6608791,9,NOMINAL,32,"0b 97 3a 96 8c e2 d2 6d 08 fc d1 bd d7 02 9d 46 c5 cc 2c 9d cf 3c 6e da 12 13 0a 2d 72 ba 9f b2"
1787300110435,42,22.3762722,8,NOMINAL,32,"b3 90 af b6 a1 8e 3b 0f 0f 90 be 69 49 b5 83 6a 11 2b 07 ed 0f e4 76 36 c6 d6 39 f9 26 45 57 27"
1787300110437,42,21.3708439,7,NOMINAL,32,"8c 11 f4 3e 1e 80 46 22 73 64 a5 3c 32 3b 95 f1 bc 82 47 32 aa ea 03 36 fd dd c2 a0 01 3d 47 9d"
1787300110439,42,16.9106579,6,NOMINAL,32,"e2 6b e4 0e 69 90 6b 07 23 9e df 80 6f 6a ed 28 ec 01 18 7a 4f ee a3 e1 f3 25 e4 38 3d a9 6d ee"
1787300110441,42,27.1609001,5,NOMINAL,32,"58 1f 3f b0 13 4f 2d de f8 03 d7 64 00 96 5e b9 ea 17 0b a0 ff d1 15 1a 88 58 c6 e4 f1 06 3e 24"
1787300110443,42,25.725399,4,NOMINAL,32,"6b b6 da ea 81 94 04 9d e2 90 6e 1b 73 3b 19 4d ba 4e c5 ad 31 70 1e 9c 47 14 b5 bd bb 47 52 cb"
1787300110445,42,26.8067169,3,NOMINAL,32,"87 70 4f b6 01 90 c6 3f 53 cb 27 43 df 51 4e 4c 79 3e c8 17 3d 8f 3f 16 9f 1c 9a 58 01 29 6e 2d"
1787300110447,42,19.7410927,2,NOMINAL,32,"90 b9 90 e6 0b 7d 31 98 c8 a6 75 74 9d ff 48 4b c7 d9 e1 54 a4 44 bd 1a 7e 27 8b a8 0b 4c 36 f2"
1787300110449,42,26.6123352,1,NOMINAL,32,"c9 41 f9 09 f9 4f 57 f6 ec f0 c4 b6 77 28 40 1f 0e 17 45 43 62 ad e6 85 bc 2d 66 4f ee c5 a0 2d"
1787300110451,42,13.9897165,0,NOMINAL,32,"0b a9 c8 b8 a2 c4 80 db 4f 3f e2 e2 ff 67 7b 6b 08 e1 31 27 cd 69 63 4d 42 6a 99 00 e0 84 6b 7f"
1787300110453,42,21.7452164,100,NOMINAL,32,"c0 8e 6a 04 46 48 85 46 45 2f 57 e3 f8 fc 27 1d 4c 04 0e 92 59 41 26 94 67 7b d3 2d c4 35 3b f2"
1787300110455,42,24.232029,99,NOMINAL,32,"89 07 b0 ec 7f 9f b1 15 f1 c3 6e 15 1d 51 fc e2 d7 30 82 d2 38 ee 75 e3 fe 98 07 e4 f8 e4 26 ce"
1787300110457,42,18.6284657,98,NOMINAL,32,"0e 83 11 f8 6a 6a 63 d2 ed a8 5a 4e 2b fa 59 e5 89 ed ea 42 87 c1 dc c1 de c6 90 93 6c 5a f5 d6"
1787300110459,42,22.552681,97,NOMINAL,32,"77 5a cd 71 19 3d 90 01 1d c3 18 f5 96 1e 8f 2b 9c 79 80 68 e5 cc 42 03 68 e5 6f 67 37 2a 52 e3"
1787300110462,42,23.5757065,96,NOMINAL,32,"f5 2b a8 46 e5 5b 66 c0 f6 50 16 82 e2 7b fa 6f d0 d2 ba 12 fd a8 47 67 f6 56 46 e5 53 ee 61 33"
1787300110463,42,28.8126717,95,NOMINAL,32,"07 52 0b f3 57 76 97 b5 db 15 64 5b a3 56 bf 08 a3 ca 07 9a c2 7d 12 8e 09 df c3 ed 72 fd 7e 2d"
1787300110465,42,18.0672092,94,NOMINAL,32,"3c fa eb e3 e3 e5 8f f1 13 e6 30 ea 32 68 89 f5 c4 43 0b b6 52 f9 10 9d 32 02 88 b7 69 8e 80 bb"
1787300110467,42,22.424509,93,CRITICAL,32,"4a f4 77 0a 96 94 27 e0 eb f8 72 ee 26 ba d9 87 58 92 42 51 62 7a 12 fb 8b f9 96 ac df 35 ed 0a"
1787300110469,42,19.1024017,92,NOMINAL,32,"80 68 ae 3a 94 8c ec 11 7a 89 f6 ff 4b 4e 09 21 44 78 c0 9a 68 f9 45 4d 33 7d ac 74 04 05 fa c3"
1787300110471,42,32.4259071,91,NOMINAL,32,"e8 9d a2 2b 1c 33 81 5b ce b4 6a 25 78 fa 5c a2 94 41 82 c1 24 54 a5 dd 87 78 4b 94 ab 95 ca dd"
1787300110473,42,28.4471493,90,NOMINAL,32,"b3 ec 35 8d 0d be fb 8e 1b 79 92 e7 8d 54 fe 21 0d 0a 17 10 c0 90 9c b9 65 f6 a2 a1 40 1e d2 9f"
1787300110475,42,22.8721027,89,NOMINAL,32,"e4 36 a5 fb 8c e7 ef 80 43 94 ba 09 a9 06 59 82 83 e6 17 8c a5 70 77 af 0c 40 01 a5 84 72 1b fd"
1787300110477,42,23.009449,88,NOMINAL,32,"63 7c e1 35 e5 9a 84 11 aa 9d b1 28 4d 68 f6 6d 02 1d 36 93 98 19 ef 15 97 76 51 b1 0e bf 15 94"
1787300110479,42,20.8428402,87,NOMINAL,32,"e9 2d 88 56 22 5d ba ee c1 65 8a 0c b6 21 a4 73 16 7b 67 49 5e 98 13 70 6c 61 74 ff b1 db 1e 20"
1787300110481,42,20.9242725,86,NOMINAL,32,"29 f7 ea 7a e7 2a f9 39 3f 25 a3 c4 a0 eb 99 47 4f c6 db ab 7e 1d aa 93 d5 d9 9b 91 2d 2c 98 8d"
1787300110483,42,32.2112541,85,NOMINAL,32,"e2 06 07 22 72 2b eb d0 29 82 39 43 8c 8a 86 cb 52 b0 ee 3d 2e df 4e 84 a5 2e 18 8b 11 3a 81 ab"
1787300110485,42,25.3450966,84,NOMINAL,32,"b5 2b 6b ad 1d f1 81 39 e6 1f 88 0a 8b d2 e2 1a cd 4b d1 7e 90 7d 38 07 82 37 2b 6c 35 98 1e dd"
1787300110487,42,20.5012646,83,NOMINAL,32,"06 99 6f 3c f2 d4 fe cd ee 3c 72 b2 c8 63 7b 67 7b 71 63 25 da 88 3a 69 28 f0 2f dc 87 36 7a c5"
1787300110489,42,23.5861187,82,NOMINAL,32,"f8 35 cf dc 57 27 cb af 0e 0e 0f 6e e4 4a 35 0b fd c7 81 c8 61 59 c3 41 0b fb 76 87 f9 69 07 7c"
1787300110491,42,21.2748013,81,NOMINAL,32,"d1 c1 b3 12 a5 d7 cf 76 70 27 bb 4f 30 92 0a e2 fd 4e e9 f5 a1 e6 ac 42 97 00 4b 80 46 82 1c cd"
1787300110493,42,23.3861084,80,NOMINAL,32,"37 dd 0b 62 fa 67 22 e5 82 db d7 fc ff a6 96 ed 1f 11 53 f5 c4 0e f0 52 33 1e f1 33 34 42 3a 32"
1787300110495,42,21.7655106,79,NOMINAL,32,"a2 74 9e 07 44 e0 01 30 98 9e c6 56 84 e1 44 4f e6 87 17 a7 d4 94 34 1d b6 86 e5 51 59 6f 86 fe"
1787300110497,42,20.5159721,78,WARNING,32,"2c 19 fd 12 0c 04 66 56 6a ee 1d 8d fa 60 35 37 e8 9b b9 a9 f0 c3 e1 fd 03 0d ed 28 0d c5 d0 c5"
1787300110499,42,25.2166653,77,NOMINAL,32,"dc f8 23 b9 d2 02 a4 26 bb 26 a6 bc 9d 5d ea 04 3d ca 26 e4 c5 c8 53 c5 fc 1a cc 58 31 f3 00 b7"
1787300110501,42,27.4622097,76,NOMINAL,32,"91 95 5a f4 06 f6 ed 72 a1 58 b7 82 5d 8d 09 2d d1 76 1c 83 7e 98 3f d5 ff 95 02 f6 36 56 8d 06"
1787300110503,42,18.9531975,75,NOMINAL,32,"4e cd b6 08 65 e9 ee 36 1c 22 1a 67 39 c3 23 cd 47 3e f5 21 d5 7d ff 1a 7b 56 45 07 75 d1 1b 4c"
1787300110505,42,15.4164724,74,NOMINAL,32,"3b 58 75 7c ba 0d 27 2d fb f2 4e 7c 13 27 2c 00 23 b0 36 f1 74 e6 c1 28 97 a4 6a 3e 18 02 c6 f9"
1787300110507,42,14.5033283,73,NOMINAL,32,"99 50 74 a1 e5 e7 4c 67 2b e8 c5 df 80 43 a5 aa e2 10 81 54 fd f0 5b 54 85 48 ca e7 b1 23 d1 1e"
1787300110509,42,27.6007519,72,NOMINAL,32,"5f e8 ef 87 74 24 da be b5 62 b2 a2 b8 e6 99 3e e3 b4 d9 c5 ae fd 73 58 c4 db 7b e2 31 58 d5 a1"
1787300110511,42,21.2588997,71,NOMINAL,32,"3c cb 8a 43 da 9e 6a 67 c6 b3 c3 87 18 29 89 3f 9b 2c f7 df bb 9b ac 1f 4e 0d 15 a0 2a 56 aa 24"
1787300110514,42,20.0576229,70,NOMINAL,32,"2b ec b0 30 07 41 98 44 85 e3 17 1c 39 f3 4d e1 c1 fd f7 d1 b3 19 ae 1e a2 69 3f 3b 6a d1 8a f7"
1787300110515,42,17.5814514,69,NOMINAL,32,"fd 48 6e e0 34 4f c1 1d cd 9e 90 3e 72 67 0d ec 1c 44 7a cd d2 d5 d1 da fc b9 eb 88 3c 87 53 81"
1787300110517,42,25.5691814,68,NOMINAL,32,"0e b9 bb 3d 79 6d 6c da 22 98 15 c9 7c a5 15 b7 b2 b1 69 5a 8d 00 76 3f ad 57 9d 2d 2f ef 7a 70"
1787300110519,42,21.3011646,67,WARNING,32,"b3 90 4f 1b 55 90 f8 67 fc 56 07 4d 6a 9c 9a 80 f7 5b da ca c0 07 8b 4b 25 0a 50 01 59 b8 76 a5"
1787300110521,42,26.0924683,66,NOMINAL,32,"95 50 ee 46 6e c5 87 23 23 ee a5 49 4c 34 13 ec 08 b2 3e b0 4c a7 7a fa 5b 14 b1 90 3d de 5b 97"
1787300110523,42,20.8348904,65,NOMINAL,32,"ca d5 e4 30 57 8a 08 9f 92 10 1e d5 78 32 f4 2c dd cc d2 9a 44 55 86 19 4c 19 24 7c 48 21 d6 b5"
1787300110525,42,25.3463421,64,WARNING,32,"36 cc 69 5d 24 bb df b0 24 bb 7a 57 68 c2 bb 71 11 cd fc 40 21 b4 2b 2e 3c 3a a1 d0 77 7b 4f 0c"
1787300110527,42,23.2585316,63,NOMINAL,32,"59 a9 36 b1 4c 89 8e 1c f8 b3 91 51 e1 59 53 07 6c cc 18 1a db 6a a6 cd 27 ef 77 25 d3 98 42 40"
1787300110529,42,24.0983696,62,NOMINAL,32,"0d 8a 20 56 05 4d 00 34 1d 76 fc 6a 25 9e e0 fe 15 24 31 d8 fb cc d2 49 ee 84 a7 6d 22 38 90 a2"
1787300110531,42,20.5420094,61,NOMINAL,32,"07 f0 d9 46 4a 4b b9 dc cc a7 50 ff d9 9b 3e 52 7e ed ca e4 7d 4a 07 a3 6f 3f 17 38 b0 59 a9 df"
1787300110533,42,23.4015141,60,NOMINAL,32,"4b e2 71 36 a9 69 ea 90 c9 89 a7 4d 54 f1 c7 82 c0 8b 95 9a ba a7 ac a7 ef 68 65 03 f0 f9 a8 8a"
1787300110535,42,22.2553196,59,NOMINAL,32,"1b 9a be 43 1d 4a 40 11 8c 1e ff 7a 31 43 54 57 01 90 ef 79 b6 47 2b 06 39 6c 51 77 0e 13 b3 e9"
1787300110537,42,20.6114941,58,NOMINAL,32,"ec 5c 29 a5 58 75 87 48 f3 08 be 7d 67 34 74 f3 f3 50 28 c3 3e 81 83 f1 1d be bf 16 18 5c 8b 34"
1787300110539,42,23.7840557,57,NOMINAL,32,"1f 69 90 77 5a 66 06 53 62 5f 26 b1 de 84 bb 0e 68 91 08 21 aa 0e dc 19 d2 f6 be 5f 19 9a 3e fb"
1787300110541,42,20.5120792,56,NOMINAL,32,"7f c7 6b e4 34 8c ec 62 34 b5 cd 59 4a 7c 36 47 a1 ef 23 ae 51 21 34 ad 12 51 14 85 4b 42 4e 5f"
1787300110543,42,22.8926506,55,NOMINAL,32,"04 37 b3 e2 48 ea d5 17 12 f3 7d cd 65 2b f7 e5 63 5a cb 6a 2a 50 c3 ff bb a2 81 bc f1 9e fe c3"
1787300110545,42,20.7901649,54,WARNING,32,"4b 57 31 aa b5 01 5f bf 7f 0f 60 05 83 9f 79 51 37 a4 3f 1d 9c eb 08 9d 6d 12 e1 c6 6d e9 2f 8a"
1787300110547,42,29.7813187,53,NOMINAL,32,"e2 18 87 18 e5 3c b5 6f 33 93 0b 78 fa dc 04 8b 4b 6b ae bf 5e da c2 7c 36 41 a3 16 ce 22 16 f6"
1787300110549,42,26.4772816,52,CRITICAL,32,"89 3c 8b 45 f4 33 79 31 80 b2 45 cd 50 4b f1 19 03 25 0c 6d e2 cf 9b 67 c5 45 3d be 94 5c 89 58"
1787300110551,42,21.2867508,51,NOMINAL,32,"fa 0d 36 ff b2 93 7e b7 4b 07 c8 f0 72 40 7e 8a 99 7a 49 ee 61 d7 66 80 5e c0 ed 44 b9 1c 80 0c"
1787300110553,42,22.6932259,50,NOMINAL,32,"23 14 88 65 bd 2e 9d e9 aa 5a 55 e4 af 3c da 7d 9a 16 cd 1a be 0d b9 a7 74 5d e3 d0 6b bd b9 6e"
1787300110555,42,28.5898781,49,NOMINAL,32,"61 22 d8 e0 91 7d 62 75 fd 39 bf 16 47 d6 29 69 66 de b8 4e 24 ad c1 40 c6 06 05 2a ce 4a 87 bb"
1787300110557,42,21.8850632,48,WARNING,32,"ec 52 4e b9 19 80 7d 23 21 99 c3 95 2e 43 02 40 18 d4 97 fb 4d 9d 62 6d 0a 7d c3 a2 ad f1 8c 0a"
1787300110559,42,23.9886208,47,WARNING,32,"f0 5e f7 3a 6a 91 27 e4 2d 8e 76 ce b0 3f af 38 50 10 6c a0 cf b3 40 fa ee f9 c4 b5 7e dd 69 65"
1787300110561,42,21.8429279,46,NOMINAL,32,"46 22 f6 8a 38 bf f3 0f bd 6d d8 1b 28 9d d9 4a b9 7c a6 9e 3c 11 e6 30 3e b4 cb e8 c2 77 a2 93"
1787300110563,42,23.9141064,45,NOMINAL,32,"d9 bc 4d c7 16 08 84 7b 32 d2 7d 5e 20 99 d1 c6 e9 4a 02 6c d3 9b c2 af 69 14 9f 35 5a 77 4c 92"
1787300110565,42,22.8919601,44,WARNING,32,"84 ea 31 af d5 3a 99 ec 28 e5 d2 05 dd 60 9f 2b fc 63 1a 19 52 b9 8b 4b 9c 61 de c5 92 36 0f 3c"
1787300110567,42,26.146389,43,NOMINAL,32,"73 ff 77 dd d4 91 ee 78 33 62 ab 05 cd 4c 46 4c 10 6a 50 67 1f 15 3e 7b 96 50 4c 15 b0 4d 42 cf"
1787300110569,42,18.5585384,42,NOMINAL,32,"22 c1 cc 9e 0b 1c fd ce 43 c0 fb 1e 62 d8 82 65 46 21 11 fd aa 7c 7f 41 30 13 16 a7 b8 ca 21 91"
1787300110571,42,19.3576431,41,NOMINAL,32,"c0 b9 ee 4d cc 3d 39 58 8f ff 70 e2 c0 ac 5d d6 6e 10 7b a6 28 83 c5 fb d1 c5 7e 7c 93 53 4b d6"
1787300110573,42,24.8032188,40,WARNING,32,"fa 22 cb cf 74 86 27 ce 5c f9 eb f1 f3 2b 85 f9 40 41 14 58 6e ae 68 6d f6 f3 5c 0e 89 52 75 d1"
1787300110575,42,24.308012,39,NOMINAL,32,"b7 76 ed 0e a5 73 27 f9 f9 03 a7 54 6b 53 5d 69 d5 f6 9b 05 70 8d 64 2b 1b cc 1f 78 1d 07 20 87"
1787300110577,42,19.6445713,38,NOMINAL,32,"a8 15 10 8f 4d 2f 59 4e c2 4b dd 53 45 63 67 ad f2 d0 7b 26 45 22 d9 2e 5c 25 a9 4a 8d 71 7b 43"
1787300110579,42,26.0521889,37,NOMINAL,32,"ad 08 7f 28 c3 b2 d9 f1 bc 01 dd 91 07 1e 58 7c f2 c9 a4 ae 4d bb 0c 6a 55 87 d9 70 8a 77 85 4e"
1787300110581,42,20.4360447,36,NOMINAL,32,"16 95 9a 04 92 42 47 31 a6 27 f9 b6 89 14 53 60 37 ff eb ed 18 0b 30 fb 12 31 46 3f 48 63 b5 ed"
1787300110583,42,21.8818417,35,NOMINAL,32,"f7 f1 f8 7d bb 79 10 52 74 60 e0 ed f9 d1 b5 e4 65 f5 ef 83 56 99 06 3a df ca 93 14 62 b5 ff 05"
1787300110585,42,15.8697233,34,NOMINAL,32,"f5 09 8a ee 1a 42 33 b3 63 41 7c 81 9c a1 31 28 67 f1 9f 9e c0 51 8f 03 3b 5f bf 89 fa d1 08 84"
1787300110587,42,23.393877,33,NOMINAL,32,"22 dc 81 9d d3 9a 72 74 0e 3d b6 7d c6 27 b4 77 5b fb 86 4e 7c ec 0d cc b3 ac 1d 6f 9a 20 68 be"
1787300110589,42,27.9604225,32,NOMINAL,32,"cf 6b d1 ea 42 8e 30 dc d3 d0 30 30 de 9f 9d cd 7d 19 02 5b ed 7e c0 b4 d4 fe 10 07 1e 1a 6f 4b"
1787300110591,42,19.8759346,31,NOMINAL,32,"d7 fa 58 d2 c3 f9 ab 7d 10 13 2e 94 90 68 f8 6b 41 2c 42 f0 17 6d da ba ec 9f 4d 1f 21 a8 6b 71"
1787300110593,42,32.2864304,30,NOMINAL,32,"b5 cd 16 71 c3 cc 9e 60 c1 f7 56 68 eb fb bc d1 24 49 3f 65 b6 c9 d3 38 87 e9 20 2f 57 83 08 e4"
1787300110595,42,23.139534,29,NOMINAL,32,"35 43 75 b0 f3 86 76 9c 2e 7e 12 7a 82 59 89 86 4e 41 6c dd eb 49 ad 73 a9 0f c5 58 99 bd 93 f3"
1787300110597,42,18.7554073,28,NOMINAL,32,"e0 a6 15 68 2f fe 07 65 14 be c3 34 b4 03 32 54 8d b3 5e 2b ad c0 de a1 d5 ca 07 46 e2 37 79 94"
1787300110599,42,23.7042618,27,NOMINAL,32,"7c 9d d4 21 b2 e6 fd 02 2c 3f aa 46 6a a8 83 15 28 ac 2b 22 07 99 8e dc 77 48 f4 63 a8 20 74 78"
1787300110601,42,25.0168419,26,NOMINAL,32,"f1 32 7d 5a d0 4f 21 72 51 83 89 bd e0 44 a5 20 de d9 19 50 62 7e 91 55 3f 45 1e c0 81 74 b9 ca"
1787300110603,42,21.0582657,25,NOMINAL,32,"42 9a c1 bc 5c a8 4b e6 57 ad fb fc 0f 6b 2f 43 83 8c 3a 5b af b1 4a e7 00 37 5d a6 b1 3f 08 59"
1787300110605,42,21.3271923,24,CRITICAL,32,"af ca 48 06 69 38 d5 d1 73 1a f6 2e 33 d5 5a 1a 1f 57 42 c6 18 db f2 9b 02 a1 b4 56 24 64 8c 74"
1787300110607,42,25.6245956,23,NOMINAL,32,"3f e3 44 10 32 d1 09 d5 d7 ee e6 b0 2a 23 c8 7d 24 fc 60 dc 9d 34 35 34 e3 b6 c8 9e ca 0d de 9f"
1787300110609,42,20.753273,22,WARNING,32,"b1 89 79 df 2c 89 9a f2 4c 06 9a 2c d8 46 1b b5 cf 3a 13 13 6c 9d 8d bc bb 8c bb ff 1f 45 ee 3e"
1787300110611,42,18.4677944,21,WARNING,32,"88 fa 11 5b 8b bc ca 30 50 16 96 5a 48 d4 08 60 b0 0d 9e 3c c8 ef ae 78 2f 14 17 7b 06 32 8b 3a"
1787300110613,42,24.4502048,20,NOMINAL,32,"6d dd b9 aa 4f 29 cb b3 6e ae 57 80 3e 31 d2 ec 2b ec dd bd c5 16 21 e8 d4 44 18 e6 86 c1 2b 6b"
1787300110615,42,21.6969795,19,NOMINAL,32,"26 b4 98 fb 8f b9 65 fb 31 66 84 30 6d f4 2d e8 ed 0e 21 fa f5 60 a2 1d 39 01 9b 11 21 b8 4e db"
1787300110617,42,21.8439007,18,NOMINAL,32,"2e 61 46 b4 f2 ed 31 b8 9f c8 16 c9 d8 5e ac e3 ff 24 24 5a dd 74 63 07 fe 5d 65 03 77 4c 04 e2"
1787300110619,42,31.2790394,17,NOMINAL,32,"09 d2 12 d6 bf 73 c3 98 f2 62 0a e6 3d d4 df aa 0c d6 de 0c 3a e8 e2 62 8f d2 12 8d 34 58 ac 17"
1787300110621,42,22.3341045,16,WARNING,32,"e4 53 29 a0 34 fa 59 d8 a0 94 5e 1b ec ae 03 35 bb 61 42 8b 54 dc 25 2d e6 7c 6e e9 3f f2 a8 aa"
1787300110623,42,25.0573425,15,NOMINAL,32,"a5 ce 94 77 b3 a2 51 30 58 11 96 a4 66 26 9d 2d fb 49 ba 5c 2e a1 3e 8a b2 8b ab ed b5 66 6a 6e"
1787300110625,42,16.1958885,14,WARNING,32,"ad 8d 61 1e 60 e4 48 f3 c5 77 6f af 4b 11 23 eb 91 c7 e8 52 ec 2e f5 0f 3b d2 46 e5 5a 7e ad 97"
1787300110627,42,23.5853767,13,NOMINAL,32,"bb 7d 27 39 3f f0 fe e7 58 90 ee f0 c3 b2 4c 1f 59 d6 a8 0c e4 5b b7 7e 97 c0 85 90 2a ba 3b 34"
1787300110629,42,18.1421432,12,NOMINAL,32,"70 0e a0 24 b9 9d 93 b3 be 3f 20 8b c4 32 ca 49 e5 ff f0 98 27 79 2a cf 36 c0 68 5d 7f bf 9e ee"
1787300110631,42,25.9114056,11,NOMINAL,32,"fd d3 3e f3 10 68 0d 6e 2c 83 a5 35 90 cd cc a0 39 d0 ee 64 69 3c c0 7c 3f d0 66 02 d3 bc df d8"
1787300110633,42,24.6677647,10,NOMINAL,32,"9d bc d2 0f 82 e6 97 97 68 59 c6 26 ed 81 52 2f b3 b5 13 dd ef 07 a6 99 30 e1 b4 bb 3e 51 de 2c"
1787300110635,42,26.0186749,9,NOMINAL,32,"be 00 6d d4 38 78 ac 4c 45 fd 44 7b 29 7d ff 67 c3 27 82 14 47 e9 02 b2 77 45 6b 0f 0c a5 e0 a3"
1787300110637,42,27.0203896,8,NOMINAL,32,"e3 74 1b 48 a3 56 fb 49 f1 cb 50 8d 13 de bc f5 89 49 96 c2 a5 d1 28 e1 48 ee e2 ba 63 c6 84 8c"
1787300110639,42,17.1322384,7,NOMINAL,32,"05 d9 10 59 50 2f 51 53 9b 2f 63 1e e2 91 d3 90 90 c1 79 2b ae 30 d9 d8 54 8b ad 4b e1 b2 e8 da"
1787300110641,42,30.3576527,6,NOMINAL,32,"d3 34 c8 a9 f2 ea f4 6f b5 34 82 e4 e5 0d c7 b3 0d 6e 3f cb 2c 8d a0 48 b5 62 09 63 8c 0f ff 8f"
1787300110643,42,26.8927193,5,NOMINAL,32,"5e 2e fd ff 24 1d 6c 9a 7f f7 39 90 ec 9a 67 03 3c a1 eb b2 6f 79 c9 9d ce 8c 25 67 09 64 eb fa"
1787300110645,42,22.5432816,4,NOMINAL,32,"8d 98 84 24 d0 14 1d 02 2c 1b 7c 53 06 15 c5 71 eb 6a 02 e0 14 6f f9 e6 66 d9 c3 4d 91 52 3e 07"
1787300110647,42,22.1204491,3,NOMINAL,32,"ff 35 b8 bc ba 9d 3f 1d 62 34 c0 44 2f 9e 91 2c 22 88 15 69 f5 2e 11 11 de 1a 84 b6 46 0b 93 eb"
1787300110649,42,17.6777382,2,NOMINAL,32,"3b 6a 18 93 01 d1 b3 31 c5 34 9e 03 15 83 15 53 b4 9c c5 36 db e8 ab 3d e8 e5 a0 0d df 1e 67 59"
1787300110651,42,27.4538269,1,NOMINAL,32,"78 7c 61 7a 7e 7c e6 46 f5 b4 6f 91 b5 d8 85 ed 46 8c bd 93 85 1a 12 44 6c 10 01 df bf 03 8b 3d"
1787300110653,42,23.1483936,0,NOMINAL,32,"f2 be 72 84 da ce 65 5b e1 a6 e1 de 57 39 c0 fd f9 d1 b9 19 13 26 24 e1 a1 c3 53 47 1a a2 6e 83"
1787300110655,42,27.4842014,100,NOMINAL,32,"23 63 bc 8d 3a 91 ca e7 11 d7 29 25 2e 8f 77 9f 68 60 e4 50 1f b8 22 e2 c5 30 5b 4a 8e eb 5b 10"
1787300110657,42,18.5171795,99,NOMINAL,32,"97 14 57 40 cf f5 13 58 6c 8b 12 ed 1d 1d fc b6 b0 2f ab 56 5d d8 23 93 a3 b2 03 bc 15 d4 96 9a"
1787300110659,42,23.834959,98,NOMINAL,32,"72 67 50 04 5d de cd 8e 2b fd 33 b1 29 2e 7c 20 3a 4e 7a 82 b9 a8 cb dd e6 42 89 d9 e8 29 7b 37"
1787300110661,42,28.4842567,97,NOMINAL,32,"c7 08 7c e4 26 4a 77 30 13 a3 ad ba d1 c4 e2 b8 c9 12 e4 83 7c 61 cf 71 c1 68 29 96 00 a9 6b bf"
1787300110663,42,31.2049942,96,NOMINAL,32,"27 de 47 5e e6 eb 62 7a 25 51 68 be 5e 8d af 9f bd a1 44 18 17 53 b9 e0 a9 e2 90 5e ca 63 1e db"
1787300110665,42,17.5839939,95,NOMINAL,32,"fd 51 8f 61 87 58 57 71 d1 37 66 88 75 6a a2 b2 ea a5 04 c3 4c 90 87 fd 7e 78 06 43 2e 22 aa 94"
1787300110667,42,19.2025471,94,NOMINAL,32,"ac b1 a3 0f 14 dc 99 9c 1a 07 51 0e cf 84 de 56 f6 d5 a3 4e d8 d1 cb 7f 77 75 11 1f b5 8a 26 ac"
1787300110669,42,26.7141457,93,NOMINAL,32,"d5 9d 0b 75 42 98 5a 22 87 9b 0a 6e 2b d7 f6 11 71 dc 6e 1e 1c 3f fd 5a 74 16 5d b6 de ba 62 6d"
1787300110671,42,24.3093052,92,WARNING,32,"29 7a d1 8b 8d e0 b0 e6 b2 e7 ad f5 6d 62 04 03 0e a6 dd 7a e8 63 02 a4 7f 60 75 e1 6e 4d c2 b8"
1787300110673,42,20.1983032,91,NOMINAL,32,"ca 6e 8d fa 4f 86 1f 16 85 f9 fa 7e 15 bd 58 bc 72 5c 4d 82 63 4f 51 f4 00 96 d6 ec aa fe 55 d2"
1787300110675,42,24.3185349,90,NOMINAL,32,"e4 19 40 b6 d1 61 92 da ec 66 2d 2d 90 14 b2 8a cd 50 4d f6 97 9e cd f3 ce a5 93 d9 7f c8 9c fd"
1787300110677,42,16.4321995,89,NOMINAL,32,"d3 54 b9 d7 a9 69 5d 5c 64 b6 a6 6f 91 0b 8c 6d d2 df c3 c7 11 51 61 2a fe fe 21 6f 8a aa 89 9f"
1787300110679,42,29.1726208,88,NOMINAL,32,"ee d3 50 d8 76 f6 8e 52 47 f2 5a 13 be 67 39 d1 21 4d 7b 08 9a 6d c2 a8 16 22 78 4c 90 7a 0c 37"
1787300110681,42,19.9534969,87,NOMINAL,32,"17 6d 3c c1 6d 5f 9d 3c ad 6b 4a d4 b9 11 4e 99 9b c2 ce 1a 54 b6 20 3d e4 da 11 59 0e d8 26 ad"
1787300110683,42,23.0363979,86,NOMINAL,32,"f3 02 86 c1 f7 2f d3 e5 b6 22 95 a5 98 bc 81 74 db c6 6e f8 9c 56 98 ec b7 ab 55 72 12 b8 c9 77"
1787300110685,42,30.5775871,85,NOMINAL,32,"d3 5c 54 61 97 a9 86 d5 54 e4 e3 80 a8 95 7b 5f b8 38 d5 45 e6 00 2c f3 8f 4c 41 99 e5 15 b0 dc"
1787300110687,42,18.3453236,84,NOMINAL,32,"2d 38 3d 0d 04 77 79 9c 6f 53 14 bf 92 ff 02 e6 18 5e 99 11 ac 9c 28 3f e1 51 69 bc 98 c4 18 46"
1787300110689,42,16.8299503,83,NOMINAL,32,"d8 c8 ca 7e ef 43 25 a7 71 c6 b2 36 52 a9 85 b7 49 6e 19 6a a5 9e 80 21 1c cd 7e 41 54 ce 68 88"
1787300110691,42,23.6130505,82,NOMINAL,32,"7f 78 01 13 aa e0 7f fc b2 12 06 a4 ba 16 63 22 3e 74 5d c7 da d6 26 9d 12 31 3a ba 1f d4 9c c1"
1787300110693,42,20.7070675,81,NOMINAL,32,"3a 79 7d 98 08 b2 ca 92 d5 9c 74 14 ef ff a7 53 33 83 1f 7a 02 60 f2 68 3a d2 ad 60 bd 4b 99 a4"
1787300110696,42,23.0677299,80,NOMINAL,32,"b5 a2 30 4d 7b c0 e7 c9 95 26 f6 a0 ca 54 4b 25 20 8f 09 e9 ba 6d 55 2f 1f ea f4 5f 45 92 36 23"
1787300110697,42,22.2910519,79,WARNING,32,"3a 79 3b 4b 87 9d 6a 64 d0 b3 05 31 df 97 e2 e0 39 7b d1 07 84 7e 94 ae 41 88 3a bd fc 1a 2c b7"
1787300110699,42,19.9197845,78,WARNING,32,"07 91 3c 97 6a f4 43 f2 2b c7 38 20 79 5c ea 38 c2 4b e3 6c 55 0a f9 44 04 52 66 0f ce 12 f0 b7"
1787300110701,42,22.8469563,77,NOMINAL,32,"0d bd 5e 23 a4 1e 0d 9c e6 af 62 71 4f 55 bb ec 57 41 f0 fb 67 b6 f6 42 44 6d 7f 41 97 1e 85 99"
1787300110703,42,22.8365993,76,NOMINAL,32,"29 97 dc 34 76 b3 d1 6a 15 59 1d b2 09 f2 5d 8c d1 6b c7 fe 35 c6 0d eb fc 2c e4 83 0b 61 85 9a"
1787300110705,42,25.6823425,75,NOMINAL,32,"82 38 bd 79 5e 6b fd 3f e7 92 fc be d7 a5 7e ad 1c cf b3 54 80 b1 4a 8d df 75 fa 13 88 6b ae e0"
1787300110707,42,19.8591537,74,NOMINAL,32,"f3 51 60 23 da 79 a1 2e f5 4e 06 4e 47 32 01 a9 e3 4c 39 8d 7c ad 6a 6f db 9a 93 8f 11 d1 04 56"
1787300110709,42,23.2193432,73,WARNING,32,"04 fd aa b1 75 fc 67 c1 87 21 90 dd cc d9 cf ba e9 74 e4 bb 8d ef 6a 78 a0 e2 c2 cc d2 82 8d f9"
1787300110711,42,23.887188,72,NOMINAL,32,"fc 79 f3 3a 9d cc c9 b9 d4 27 83 2d 35 e9 00 d8 ee f7 d1 49 db 63 7f a5 3b 72 0e 15 11 ee 6c 76"
1787300110713,42,19.0290928,71,NOMINAL,32,"7e 16 77 aa 4d a2 8b 89 57 f2 1f 7f 67 59 fb 3e 04 42 ad 4f f3 74 fb f6 fc ce 9d ec 76 79 92 97"
1787300110715,42,20.8869781,70,NOMINAL,32,"fe 0a de ea 31 56 14 6a 8d 73 1f 71 ce ca 45 e5 26 53 c8 25 3b 6d 85 fa d3 0e d1 e0 38 18 d0 44"
1787300110717,42,29.4739227,69,NOMINAL,32,"ba 12 f5 77 9e e5 97 1f 89 8f 38 8c ef bf 52 be 27 aa f1 b3 b2 59 48 87 17 f0 70 2d 0a f8 5f 29"
1787300110719,42,19.9371166,68,NOMINAL,32,"0d ec eb 64 d1 a5 c8 1c eb d7 4a 8f 86 dd 0a 07 47 d9 bc e8 5f 2d 26 bc 1d e2 ac c9 60 74 87 17"
1787300110721,42,18.9427452,67,NOMINAL,32,"c2 bb b3 ac b0 08 97 a1 fa a0 dc 70 9f 06 db e4 ef b1 25 65 07 48 ef d6 63 58 a4 83 09 d7 43 0e"
1787300110723,42,20.8673267,66,WARNING,32,"c8 57 a9 83 69 4d a2 7d 6f 13 32 45 30 70 b2 3d 86 81 77 a7 99 66 be 4d 3c c2 ee 20 aa 65 1b d4"
1787300110725,42,18.8396454,65,NOMINAL,32,"aa e2 87 6c 31 1b 00 65 b1 e5 c0 07 51 9d 57 f5 e2 1e 45 56 87 ea 08 ec 4f 3d 95 39 a4 6c 29 d0"
1787300110727,42,33.0400391,64,NOMINAL,32,"c0 9f bc c2 5a 87 4c 58 fe f6 ee 05 2c e6 1a f2 86 e3 41 8d 9e ba d2 db 6f b4 b3 c9 5a b3 67 ab"
1787300110729,42,21.7409153,63,WARNING,32,"2b 5a 4b 88 7a cc 01 2f 79 16 3b 31 6c 75 1a 3a 99 20 5a a8 89 46 87 09 2e 3d e3 2e 00 7a 97 85"
1787300110731,42,15.3969593,62,NOMINAL,32,"57 56 7e 08 06 b3 c4 fd 6b f5 67 0f 14 dc fa bb e2 5c cb 6a 58 e4 d2 25 52 eb 05 69 23 46 9b 9f"
1787300110733,42,18.1275082,61,SAFE_MODE,32,"08 0d 78 48 6b 63 fa 52 92 07 83 1a 44 77 ef 2c 0d 4d 9b f0 96 9d 29 f3 d4 c5 17 1f 05 72 44 db"
1787300110735,42,27.1267433,60,NOMINAL,32,"42 c2 e3 5e 5b 5b 6c 8b 54 5b 98 f4 f2 49 c1 70 54 38 7c 0c 54 d7 35 33 77 24 65 55 1d 99 5f 44"
1787300110737,42,25.9917107,59,NOMINAL,32,"28 8b 04 c3 08 f6 83 7e 0c 2f 2a bb cd 44 61 a9 d1 91 d0 ed ec 8e 87 b0 d6 54 ab 82 21 a5 86 a4"
1787300110739,42,29.3437309,58,NOMINAL,32,"52 a4 f2 c8 aa 43 ce 4f ff 1b 0a 4b 2a c5 1b 02 27 5d 91 20 b8 c5 6c 08 2d cd 46 43 9e 4a 02 e7"
1787300110741,42,19.385622,57,NOMINAL,32,"55 cf 34 29 f7 f1 2f 39 3a 30 5d 19 f8 74 fc a6 3a b5 e0 29 80 90 9f c2 9d 35 a3 c2 21 d2 1a 6a"
1787300110743,42,19.5767269,56,NOMINAL,32,"a1 2c 90 3b 71 51 f3 e2 24 d2 4b 3c 07 9c 3a c5 1c 92 e2 b4 74 fb d1 d2 0e da b4 69 74 86 f6 41"
1787300110745,42,21.52141,55,NOMINAL,32,"e1 6d 96 e7 4d ef 26 43 00 3e 9f ba 15 3e f6 24 fe 7e a3 3d de 46 02 3a db ee a3 6f 0a bd 3e 72"
1787300110747,42,24.7506905,54,NOMINAL,32,"bf 09 02 bf d0 76 c6 a8 59 17 f3 d6 9f b9 13 13 36 73 36 54 16 af 2e b0 94 9b 29 ad c1 79 75 81"
1787300110749,42,23.2589912,53,NOMINAL,32,"4f 2f 5e 58 5f c5 e1 52 59 4d 9e 59 96 68 48 28 56 a0 34 c9 6b 50 af bc 37 b7 41 5a 85 ff 24 eb"
1787300110751,42,26.9954109,52,CRITICAL,32,"db 56 32 a9 78 5a e8 3d 94 93 ec a5 6f 4d fb f3 22 b8 b1 f4 1f ec 28 74 4c 59 1a 8d f4 58 5a f8"
1787300110753,42,16.343174,51,NOMINAL,32,"84 03 a5 f2 f9 a9 e4 1e 8b 5d f0 93 68 fb e2 8b 2c 0e ed 14 5f 0f 0c 6d 08 60 53 2f 21 6d cc 2f"
1787300110755,42,29.8356018,50,NOMINAL,32,"fc d4 8c 6a 8c 7e 66 d6 11 46 62 57 21 f5 25 02 66 df fb 65 1c ce 92 aa 70 74 04 8b 2f c8 38 28"
1787300110757,42,16.7336082,49,NOMINAL,32,"6b 2b e4 12 90 26 82 5a b8 82 18 8c 25 30 a3 28 64 30 87 12 36 d9 fe 18 b1 ca 2a 43 90 9b 0d fd"
1787300110759,42,17.9714203,48,NOMINAL,32,"f4 3f 39 f9 c4 de 81 83 20 b5 3e fa bd c5 d7 ff 32 68 82 ff fd f6 fa 4c 86 39 cf 63 9e a7 58 32"
1787300110761,42,16.3393345,47,NOMINAL,32,"57 2e 8e 51 79 c2 f3 35 55 48 d5 12 dd 38 13 6b fd 51 9f 39 50 18 3f 89 5f d5 85 7d 7e 7e fe 20"
1787300110763,42,16.6988411,46,NOMINAL,32,"be ef f6 c1 94 0a 65 74 d3 fd 5c 6f 5a e8 aa a8 19 98 e4 36 58 6a e0 38 b3 87 62 fe 19 be db dc"
1787300110765,42,18.1033401,45,NOMINAL,32,"35 af 76 01 15 84 57 0c ca 12 7e 0b cc a1 37 82 08 7a 08 1e 81 03 9e b6 1e 9e c0 35 2e 71 9e 79"
1787300110767,42,26.8611908,44,CRITICAL,32,"6a 3f b8 cc 0b 06 b8 25 39 13 ac 40 50 a8 b0 75 ce bd c5 b4 ad 18 65 e9 a4 75 fe d8 91 e5 36 97"
1787300110769,42,19.2851181,43,NOMINAL,32,"25 8c 1e c3 e5 ef 30 35 b6 2f da e6 ec 33 c1 b2 f4 55 fc a5 46 9d d6 34 2c 68 df 89 a3 91 41 10"
1787300110771,42,18.7891388,42,NOMINAL,32,"02 28 ba bf d4 5a c8 ed 07 50 e5 00 3c da 22 27 4a a9 d3 3e d7 1e 3c 9b 3c 82 56 93 18 84 7f 78"
1787300110773,42,23.0149879,41,NOMINAL,32,"ba 40 f0 0b 3b d1 3e f4 eb 29 48 f8 ee dd 71 85 4e db 19 3a 82 d7 f8 57 bd 34 62 ba 1a 90 1d fa"
1787300110775,42,22.4138489,40,NOMINAL,32,"56 d4 9c 68 ff c1 b0 03 74 d9 06 b5 b2 7c 3d 20 5b e1 78 17 f9 da 95 75 bf da 25 f3 20 d9 77 ac"
1787300110777,42,19.7965527,39,NOMINAL,32,"2e d0 9c c6 a4 a2 69 77 37 bd 16 5c b4 7c 4a d2 34 5c 04 19 03 b9 4f 6a 2d fa 2f 4d 34 3b b5 62"
1787300110779,42,21.2883301,38,NOMINAL,32,"df 2a 0f 8e de 23 4e 0e 2b 07 84 78 76 c3 51 e4 2d dc 1c f7 e4 8d 24 72 b6 ed 14 53 9e f5 fa 54"
1787300110781,42,23.8934727,37,WARNING,32,"a2 2b b3 75 08 71 32 3c db da 0f 16 7c bc 4e 81 28 ff d1 72 3a 88 79 ba 61 d3 61 f4 28 83 49 5c"
1787300110783,42,20.8412361,36,NOMINAL,32,"1e 2d a4 73 20 e0 8c 51 a5 fb 5a 98 f7 48 9a 0a 81 7f d7 77 e3 f5 81 e4 af 09 13 45 2f 2d 04 4b"
1787300110785,42,21.2865486,35,NOMINAL,32,"51 19 fb ff a9 cd 1b 14 3d 82 19 43 66 8c 26 c4 4a 0a 71 15 f0 a9 d1 14 38 21 73 6c b4 28 d3 3c"
1787300110787,42,21.2631321,34,NOMINAL,32,"2c 2d 76 84 b4 a0 c5 d3 2a 92 54 f5 92 e4 66 77 ee 43 ee 8d d1 b4 57 96 84 27 ea bd 7a 75 d1 2d"
1787300110789,42,19.166811,33,NOMINAL,32,"cb 9a f6 cf e2 34 e6 06 4f e9 b0 db ac c1 4f 60 c6 57 bd 81 2d 10 0e 90 6c 34 bf 62 16 e8 1e 09"
1787300110791,42,18.2382393,32,NOMINAL,32,"bc 3d ef 9b 4b 75 39 d3 d5 56 e9 87 3d d8 98 f5 f2 a1 a6 b4 9a 9b 48 63 1c 63 ce 1b 4f 56 18 de"
1787300110793,42,22.1629181,31,NOMINAL,32,"02 7c d2 06 96 64 16 ff 28 5d 71 5e dc 7e 4f 2f a6 1a ae aa 8c d6 c0 58 4b 71 9c 62 9b d3 b3 33"
1787300110795,42,29.0039024,30,NOMINAL,32,"67 1b 52 9c a0 25 27 1a be 9e 46 08 e7 fd 17 e6 39 1c 9d 77 2e 4f ad e6 d6 2e 90 4d fa e4 58 fe"
1787300110797,42,30.2516994,29,CRITICAL,32,"22 72 4c 7d b6 5c 3c 90 39 6c ff 2b 73 7f 4b a7 19 4e ea 5a 9e 38 34 ae d6 40 c5 be e5 3c 50 b7"
1787300110799,42,14.475256,28,NOMINAL,32,"d8 4a 80 26 b1 b0 ea ba 60 36 57 5a f2 3e 10 a8 61 ba d6 79 76 5c 01 18 d3 5c 24 70 9b 41 3f 80"
1787300110801,42,18.8792744,27,NOMINAL,32,"9e 6c 8e fe 50 49 f8 6f 70 ea 67 1f 04 f8 ec d6 39 05 1e e7 a7 ec c7 b0 0a ae 06 07 b8 46 8c d6"
1787300110803,42,24.3336563,26,NOMINAL,32,"85 14 3b 8a c1 f8 02 ef 99 b2 48 c1 97 6a 36 99 44 08 42 1d a2 4d 20 4b e0 74 9b 6e 14 8a 3a 1c"
1787300110805,42,17.7803574,25,NOMINAL,32,"40 c9 a4 b5 b9 f7 f4 ba bc 6a dc bd 75 c3 93 e0 ed 2c 37 5b ef 25 3d dc 8f 7e 0b 76 26 1b 9d 70"
1787300110807,42,20.889082,24,NOMINAL,32,"1b 0e 78 21 d6 e3 8c 16 72 02 9d 85 15 8c 0a 5c fb fe fb 71 48 41 52 0f 63 11 97 2b a0 3a 23 52"
1787300110809,42,15.9842491,23,WARNING,32,"ea 82 69 d4 1e d7 f2 30 97 b1 70 83 70 99 f1 d0 88 43 95 3c 6b f3 84 8a 63 26 44 7d f3 85 5c ca"
1787300110811,42,26.6084347,22,NOMINAL,32,"16 60 27 f0 a9 03 3e 2d 93 28 52 de b8 9f 70 6f d5 32 fb 78 23 de 4b 65 9f 20 43 df 5f 84 90 05"
1787300110813,42,22.6832352,21,NOMINAL,32,"7b 55 5d 58 1c fc 64 96 b6 be 0c b8 a8 61 e2 ff 11 5e 8f c6 47 32 c9 f1 db 77 c9 0f f4 7e 00 e1"
1787300110815,42,18.8989525,20,NOMINAL,32,"64 c6 9d 2b ed 9a e3 d6 86 50 d8 04 68 a0 11 a2 44 80 15 40 d2 e4 61 9d 33 2c 14 6e 1a 7d 71 be"
1787300110817,42,18.1036243,19,NOMINAL,32,"49 ce 2f 21 8d f2 64 78 fe 7c 92 ad 46 d5 15 79 d7 eb 62 8f a7 d2 2e 24 2c 9f 51 11 d7 0d 61 e2"
1787300110819,42,17.6881332,18,NOMINAL,32,"08 8b 1e 60 4e b9 75 7a 1a 2e 01 b8 3c 69 3d 23 7e ce 4d c0 73 3b e3 d9 1a 34 b2 a3 b5 85 d8 d3"
1787300110821,42,17.5581875,17,NOMINAL,32,"3b 56 83 68 04 e1 6a c7 06 1f 95 40 36 77 6b 67 e8 62 ef 9a c2 32 a2 2f 23 d0 04 25 f3 27 47 42"
1787300110823,42,24.8473759,16,NOMINAL,32,"2b 19 cd 96 02 35 35 6a f5 0b 07 9a 2b d7 4c fe e7 69 30 76 57 4b 7e 6a fa 62 dc 49 90 95 01 a4"
1787300110825,42,21.0690708,15,NOMINAL,32,"07 3c 9d fe 28 08 23 06 b3 a5 be 26 24 69 52 62 a4 e5 bc d9 94 e3 ee a4 6c 20 1d d6 9c a1 ca 9a"
1787300110827,42,17.5682907,14,NOMINAL,32,"c3 c1 05 e9 d9 39 42 94 a6 0a e8 ee b3 7f b8 7a 84 b4 9f 45 2a ed 0e 31 5d a3 34 a8 6b b7 3c 23"
1787300110829,42,29.7662201,13,NOMINAL,32,"fe dd 53 cc 5a de 7e ca 44 46 80 e7 a6 11 3f 4f 49 9f 8c 03 5a bb 25 ff 63 b1 0a 3a a5 b7 0f 96"
1787300110831,42,20.5311604,12,NOMINAL,32,"de 1a 8c ec db 87 0e 47 dc a1 8c 0a 0f 01 a3 ff 98 0a 05 a6 92 9c 2e 82 3a 11 b9 03 a6 ef 69 aa"
1787300110833,42,20.651556,11,NOMINAL,32,"a9 a9 20 04 a7 7a 78 5c 43 31 bd 7d c0 4e ba 66 37 d2 dc a5 36 4b b7 59 dd a0 67 9f b6 cf e2 21"
1787300110835,42,22.0642071,10,NOMINAL,32,"bc 38 0e 38 82 b1 83 58 15 ac 5a d2 b1 7d ae 47 aa d7 3a f3 f4 07 aa 9a 1b cf 9b c0 49 c8 fc 28"
1787300110837,42,25.1617928,9,NOMINAL,32,"84 7d 50 a6 7a ad e2 64 4a 0b 9c a8 3d 72 35 1e be 94 2d 15 d9 f3 a5 7d 72 a6 a9 6a 1c ed 15 4d"
1787300110839,42,25.4073563,8,NOMINAL,32,"46 42 c3 2c 80 24 07 7a 9a 8e 4b 6f f7 e1 37 91 36 75 7f 44 ee 24 ef 46 b9 9a 72 60 01 9c bb 9e"
1787300110841,42,27.7458858,7,NOMINAL,32,"66 26 3c 24 46 6a 2b 65 65 cb ad f7 68 a0 b7 1d a9 b4 95 c7 4a f0 a8 ac d1 e3 6a 06 e8 15 7d 17"
1787300110843,42,18.2494316,6,NOMINAL,32,"b8 cf da 6f 00 f3 b0 5d 47 c0 cd 05 88 a2 79 5e 51 1d e6 9b d4 51 e4 e8 9a 2d 6e 84 3f 00 d6 f2"
1787300110845,42,22.6897869,5,NOMINAL,32,"42 1c 02 6e 10 76 0d 2c ba 87 0e 95 9e fd f5 bb ad 22 92 19 cd bf a5 32 90 ed af 73 1c 21 6b 56"
1787300110847,42,20.6818924,4,NOMINAL,32,"8e 5e 78 c2 d6 24 7a 1d 92 c0 7c 90 1d d1 23 2a 4e a0 58 7b 25 cc a9 af 1c 3f 37 e6 05 2c 6d 7e"
1787300110849,42,21.6658764,3,NOMINAL,32,"30 78 51 91 d7 5b 99 b8 1b 75 0c 72 d8 25 52 b7 84 de ad d3 58 4f 3d 24 79 8f 09 e5 4b f5 a6 9b"
1787300110851,42,26.4862061,2,NOMINAL,32,"a6 9a 30 bc 90 fc 69 03 ab b4 ad c1 a8 de 2c 40 cf e3 1a 9d 35 d0 8d da 38 5c b2 0e 24 a5 39 01"
1787300110853,42,19.0443993,1,NOMINAL,32,"5e 62 4f 06 8e 5d 1c c1 f8 d6 ce a6 30 62 e7 d2 10 20 5d db eb 56 7b 35 9a e0 23 27 ac ed 83 a8"
1787300110855,42,27.331789,0,NOMINAL,32,"40 e6 e3 c5 d0 80 ee 90 33 22 62 66 42 5d 30 16 5e 3f b5 c5 66 3c bd 05 5b 05 f7 74 c3 45 5c 2c"
1787300110857,42,15.5134068,100,NOMINAL,32,"13 f3 73 97 a7 bc c2 58 94 e9 0e 24 7e 1e de 1b 32 33 53 4c a4 1e 95 02 19 7d 05 e3 94 86 83 eb"
1787300110859,42,20.8242378,99,NOMINAL,32,"41 f0 b6 1a 3e fd 51 fe 35 eb 62 ac dc b6 6e a0 55 02 e1 2e 6f a3 b0 0f 5b 7b d3 5e 1f 53 fe 89"
1787300110861,42,25.9210663,98,NOMINAL,32,"eb aa 23 b2 39 17 bc 11 59 51 72 25 b9 9f 3e 4e 4a 09 a4 e9 70 8a 0c fd da c1 59 ec 87 f9 81 d6"
1787300110863,42,22.2665043,97,NOMINAL,32,"26 24 25 14 d4 20 77 3f 13 df 43 9c c0 b6 bb 73 4f df 61 13 cc 4a 52 52 17 9d ac 3a 42 62 2a 7c"
1787300110865,42,19.63937,96,NOMINAL,32,"f6 9b 18 d5 b9 88 3d 02 ee 0d 51 73 26 48 a4 08 ae c0 53 fe 88 48 45 bf 20 a5 d2 42 03 0b af 9b"
1787300110867,42,24.8432941,95,NOMINAL,32,"4c cb fd 89 9c 84 de 76 88 be b6 2c 3b 3c 61 cd 96 f0 fc 24 e8 a1 d6 7f 24 40 33 76 9b c7 5f db"
1787300110871,42,17.9951248,94,NOMINAL,32,"a7 5c 04 37 6d 01 d4 f7 ab ca 55 bb f2 1b 1d e0 6e 7a 7d 1f ac f2 05 51 22 7a 4c 6d d5 32 4a 83"
1787300110871,42,19.6053486,93,NOMINAL,32,"86 9c 45 d2 31 65 30 67 24 f7 c2 95 d7 12 48 1c 25 14 cd 2a 3e a8 07 9a 55 0c a2 e7 26 e4 c4 cf"
1787300110873,42,18.1068172,92,NOMINAL,32,"24 d9 10 9c 1c d6 58 e9 95 89 8f 3a aa 94 60 dc 70 d8 c0 51 f5 90 5a 55 73 58 a6 92 70 fe 17 21"
1787300110876,42,24.1118717,91,WARNING,32,"f9 5c e4 c9 f5 7b 53 42 9c 00 0f ac 7f 73 a7 cd 61 29 23 0a 64 af 86 bc df 09 a9 9b e8 97 1b 9d"
1787300110877,42,20.318903,90,NOMINAL,32,"4b 44 03 43 ee 04 40 ac f7 46 54 48 ac 5d 46 d5 9d 8a 54 6e a4 51 5b c8 8c c4 e8 02 f7 ad 54 43"
1787300110879,42,20.6254406,89,NOMINAL,32,"0f fb 1a 9d fe 5c 42 26 09 4f d6 8a 51 b8 82 07 c6 f0 4e da f3 6e 23 18 bc 6b 33 29 2e 95 bd 6c"
1787300110881,42,23.9117222,88,NOMINAL,32,"0f c4 a8 f4 c8 07 8b da 75 dc ab e9 b8 95 0e c6 bb bc 8c 35 fb a3 81 a3 00 fc ec ac 26 04 5d 7a"
1787300110883,42,17.5199318,87,NOMINAL,32,"8e 99 32 4f 6d a9 6c 4e 28 31 36 d3 45 f8 bb bd 29 15 fb 5a 7b d3 f6 61 42 d5 cb b2 9f e4 d4 07"
1787300110885,42,19.9372654,86,NOMINAL,32,"da 28 22 23 f0 04 1b 02 1a 88 42 95 63 39 38 2f ab 6e 8d cf fd ad d7 28 2e b3 bc 75 8c 9a 38 3e"
1787300110887,42,19.1862831,85,NOMINAL,32,"e6 0a 8f 17 ec ce 35 6a d4 0b fa 08 6a 84 97 1f 51 ec 39 8a d3 3d a3 d2 47 23 92 2d 40 60 bd e0"
1787300110889,42,23.6814518,84,NOMINAL,32,"c0 30 f6 95 94 d4 0f 0b 84 41 fe 10 2c ac 39 40 3a 3b 57 8d d9 a3 e3 6f 6a 83 c8 d1 4e ea 37 f5"
1787300110891,42,19.5972519,83,NOMINAL,32,"de 63 d1 1e 47 2c cb f7 2b 5d 08 31 41 42 66 33 f8 bd f3 89 cd 55 7a 49 11 33 39 11 c9 7b 91 9d"
1787300110893,42,24.8287983,82,NOMINAL,32,"d4 b5 40 d5 16 b9 c1 68 34 58 7b 90 63 6b ce 8c 8e 75 07 bf fd 85 6a 00 2f b2 87 31 9d 19 c4 9f"
1787300110897,42,22.475008,81,NOMINAL,32,"c8 11 c1 a4 ae fa 3e 67 2f 7d 48 60 35 ea 5a b0 6b 99 8e 79 ed 63 ff 7d 52 6d 14 d8 95 a5 0b 5e"
1787300110897,42,33.2784271,80,NOMINAL,32,"f3 4f 2b 22 a9 d9 53 0c 5c a3 80 80 91 20 ee d7 41 32 96 24 0b 46 94 52 72 66 7a 1e 3f 94 9f 3f"
1787300110900,42,23.3024139,79,NOMINAL,32,"86 d0 ab 00 dd b4 c8 0d 14 1b e3 7f 8c cb af db 71 b6 a0 15 54 f6 5c 7b 11 d3 39 95 5d 7c 7f e3"
1787300110901,42,25.8373814,78,NOMINAL,32,"f5 97 7f 07 cb ff cd 74 e9 2a 4a 07 8e df 6f 7a be 77 e5 7d 02 ce c3 b1 a0 5a 49 e0 e9 e1 60 c4"
1787300110903,42,20.3215656,77,NOMINAL,32,"f7 b5 7f 52 9d 11 6a 6f ba e2 9b 60 08 4f 2b 7c 4c 85 9b d3 48 59 76 72 77 ff dd ca 4a 68 34 fe"
1787300110905,42,23.3913517,76,NOMINAL,32,"36 04 8d 5c 4a e6 da db 09 7c ee 3b 97 80 01 9c 9c 63 ed b6 67 84 a1 c9 9d 2d 94 39 2d 1b f3 0e"
1787300110907,42,21.6148205,75,NOMINAL,32,"d3 42 3f ea fe c3 7a 6f 0a b0 ba 9a fc 7a 77 94 bf 7a 02 5e fb 03 a9 23 06 35 d9 5e 07 35 4d ae"
1787300110909,42,10.9069023,74,NOMINAL,32,"04 2b f7 cf 46 3f 38 84 6d 5a 95 33 9a 12 a4 50 b5 91 16 f4 65 77 d8 a5 c8 73 46 3b 75 70 05 d2"
1787300110911,42,26.3213387,73,NOMINAL,32,"40 93 8d 06 43 1d 3a 55 dc 5e 1e 89 7c c4 8f 3e af b9 ca 67 02 03 16 de b8 de 7d 14 64 d3 8d 42"
1787300110913,42,25.0221558,72,NOMINAL,32,"ac a4 0f ae e3 2d 78 a9 65 41 0a ca 99 03 87 9c 93 8e 61 19 11 d7 99 09 56 c2 be 8e 14 6f 6a 02"
1787300110915,42,21.4361134,71,NOMINAL,32,"d8 c1 1c 2c 6d d4 f5 ea ad ad fa 9a 86 c8 f8 27 55 77 5d c4 9b 2a 08 47 82 da 7c 6c 03 96 a6 50"
1787300110917,42,29.278801,70,NOMINAL,32,"3e c1 9a e3 f8 68 8c 50 ed 99 7a f1 ba d2 0e 90 32 9f 7f 1e c0 05 42 91 70 f0 cc 42 05 76 e4 1a"
1787300110919,42,20.7397118,69,WARNING,32,"f5 9a 18 6e 48 bb 25 66 90 6c c3 c2 a5 67 e9 53 a4 c0 df 2b d8 8c 44 57 3e 87 3a 44 fd 97 b8 76"
1787300110921,42,22.3924599,68,NOMINAL,32,"08 88 b5 a1 f0 84 70 65 94 6f 6b a1 90 2b 7a 8b 05 e6 9e ee 97 a7 f3 dc ef 08 c6 d0 b5 df 23 28"
1787300110923,42,22.3654575,67,WARNING,32,"ce 5a 63 45 02 48 61 ba 85 09 88 90 33 71 49 1e 5d 60 d4 d2 1d 37 a4 89 01 1c a7 e6 19 e0 16 d9"
1787300110925,42,13.6281967,66,NOMINAL,32,"47 37 c7 67 2f e8 fd 5b 23 f9 2e d6 5a 63 74 76 3e 02 14 86 af de 30 41 32 db 2b f7 fb 47 52 2b"
1787300110927,42,21.2375393,65,NOMINAL,32,"e8 3a b8 2e 85 65 ed 71 93 d1 00 8b 19 10 01 47 e5 c4 12 13 d4 4b 6a fa c4 9a 34 e7 86 28 cd 77"
1787300110929,42,21.7412796,64,NOMINAL,32,"54 e6 c5 18 fb 33 d3 9f a3 5e c8 61 82 31 82 0c dc b8 83 1f 15 67 35 21 31 15 fe ab e0 0d 6b 1c"
1787300110931,42,15.5123196,63,NOMINAL,32,"51 6d 85 71 01 18 9d 9b 3c 25 b5 e5 28 81 76 69 dd 2f 1e 49 a2 ca 48 92 71 46 b6 5f 72 54 17 e2"
1787300110933,42,16.8245792,62,NOMINAL,32,"01 17 68 a8 38 45 45 b7 77 50 3c f4 e7 b1 5d e2 1b 3f cd 17 61 08 16 ec e0 15 fd f2 80 84 d3 01"
1787300110935,42,28.4623241,61,WARNING,32,"ad b8 c7 52 0a cb ba f0 12 ba b6 68 a4 1d 1b 2e 8b 20 2a 05 b3 4c f1 07 ac 7d f2 43 01 45 4f 53"
1787300110937,42,17.483799,60,NOMINAL,32,"67 45 54 42 49 40 f3 a4 0e 4d e9 be c4 fb 1a b5 ee 63 3d 74 f2 72 ad c5 58 80 b8 a1 d5 61 cd b9"
1787300110939,42,28.5960693,59,NOMINAL,32,"00 b1 95 5e ce 89 95 03 d7 8b 1a 08 81 95 5c e9 f0 32 32 29 2c 22 f3 ee 74 23 cf 5d 35 cb 09 40"
1787300110941,42,23.0548077,58,NOMINAL,32,"d0 53 da 6b 74 eb 9d 93 13 d7 f1 a8 18 b4 7a bc 4f 3a 70 55 f2 31 ca 11 f3 d0 82 90 50 fa 12 71"
1787300110943,42,22.6940575,57,NOMINAL,32,"7e 4c eb f8 97 ba d8 d9 53 e0 ad 2c 4d 2f 78 ec 7f d7 86 7e ec 2d 34 0c 1e f5 4e 42 72 4d 38 40"
1787300110945,42,25.3222923,56,NOMINAL,32,"6a 57 fa 31 ac 40 d7 e7 a3 bf cb d9 02 41 db 03 97 bb eb 80 d1 e9 a9 db 69 f4 be 16 0a 89 3a 10"
1787300110947,42,25.1209126,55,NOMINAL,32,"5b 2b 7b bc 4b 60 89 3f 84 52 46 be 57 0c dd d0 03 cd c8 34 c1 72 11 c0 82 94 e2 7d 96 0e 83 4c"
1787300110949,42,23.9779987,54,NOMINAL,32,"5c 36 da 1f eb 88 c9 00 03 2b dd b6 aa d5 b8 cf 08 f2 a7 77 54 0f fb a8 ea 23 bf 18 a4 d6 a7 3b"
1787300110951,42,20.3424149,53,CRITICAL,32,"80 bb 82 c4 f4 73 84 cb 80 d3 f2 3b 99 1f 1f 47 21 2a a9 8c f1 64 14 a1 f3 2e 03 d6 13 bb 6b b0"
1787300110953,42,22.8436165,52,NOMINAL,32,"0d bf 00 0e 6f ca 2f ff 73 90 08 ae 9f 7c 47 ed 3b cb c0 9c c5 28 00 90 d9 e2 49 6e ed b6 9f 12"
1787300110955,42,24.5380707,51,NOMINAL,32,"77 bc 8f 1e 1a 63 e3 97 45 ed 6e bb 58 ad 97 d0 32 13 64 65 81 24 5e 72 13 d9 f4 61 a4 ad e4 ae"
1787300110957,42,26.9026909,50,NOMINAL,32,"1e d9 a3 a3 f1 be 14 d8 5a 14 6e 2e 21 a4 10 ed a5 d2 09 91 65 20 89 5c ea 1c 13 df 0d 4b 8f 4b"
1787300110959,42,26.427742,49,NOMINAL,32,"f5 ea c5 b7 42 f9 1a 6f 4b 92 fb a6 55 42 b3 fa 93 f8 b4 0b ff 27 22 6d a3 69 e9 c0 f7 ad f8 ac"
1787300110961,42,28.4926987,48,NOMINAL,32,"df d7 26 78 67 c2 79 85 61 a1 97 79 ef 05 28 3f 3d 28 c2 a2 76 33 80 57 9d 6f 75 13 65 ad 43 fb"
1787300110963,42,20.7926865,47,NOMINAL,32,"c1 04 39 19 24 b5 dc 1d 1e b6 df da 8d 2d c9 ef cc 3f e1 93 9d aa a7 c4 31 d3 3a 7c a7 d8 06 5a"
1787300110965,42,26.5329609,46,NOMINAL,32,"d9 7c 74 81 6f e9 a2 63 98 34 59 c2 46 ce eb 14 5a b1 04 74 f2 62 89 6c 4f af f8 d0 aa 85 b2 a8"
1787300110967,42,21.1483612,45,NOMINAL,32,"23 16 ac 57 77 7f 5d 7b 19 8b ce f7 60 6f b6 52 58 28 e2 e6 55 05 c0 11 29 a3 f9 f4 ec 7e f2 6b"
1787300110969,42,24.7598801,44,NOMINAL,32,"dd 8e 8a 0b e9 f9 b6 92 61 ff 3c 3e 40 09 2e 5e 22 f4 44 d3 f1 06 89 ce 43 62 f9 bd b9 7d 3d ed"
1787300110971,42,22.5461025,43,NOMINAL,32,"a8 df f2 c2 bf b6 2a 56 98 92 34 94 63 fa 4b 6d ad 9b ce fa 79 00 6d a5 33 30 39 74 a9 da b3 04"
1787300110973,42,21.7973213,42,NOMINAL,32,"95 73 4c 32 1a 78 9e 0d 37 c7 07 12 fe db b4 81 c0 f5 69 5c 07 ef e7 7a d7 08 3a eb 2e db e9 d5"
1787300110975,42,25.0575256,41,CRITICAL,32,"e7 a4 3e b5 73 57 e1 98 8c 85 e6 59 b4 5e d8 a6 bc 03 4e 32 36 cc 58 78 cb f9 b8 7e 0d 80 ae 9d"
1787300110977,42,19.4747925,40,NOMINAL,32,"b9 ae 86 a0 5c ed 43 ef ef f7 8d 5e ae 7f fb 06 ab 80 78 dc 69 6a 0b 8c a3 a0 4b 41 6e a0 24 fc"
1787300110979,42,21.9136715,39,NOMINAL,32,"23 5f 80 5c 25 15 e6 dc 2f d0 85 7d 1a 0f bb 8c 8b ab 5d 4a 1e 98 98 c4 d0 b4 31 ca 46 76 7c 70"
1787300110981,42,19.7522392,38,NOMINAL,32,"91 96 60 19 5c 20 49 bc 55 b2 89 5c c4 ba 6a e1 7c 2d b6 bd a1 e6 c4 b0 97 82 d7 eb 37 f4 de b2"
1787300110983,42,29.8934746,37,NOMINAL,32,"f4 ee 1b ea 8f 78 7d f1 4a 78 30 d2 01 a6 a5 95 4e 27 25 34 4f e8 63 3c bd 8d ae e7 f2 95 48 db"
1787300110985,42,29.2166443,36,NOMINAL,32,"3c 53 4c ba c6 f5 d4 48 1e 50 0e bd 50 68 25 1f 5f 95 be b4 fb c6 23 1f a1 53 b5 1d 47 d2 bc 9b"
1787300110987,42,17.5599861,35,NOMINAL,32,"4b 2b 08 c0 9a 37 ed 11 de fc 17 6e b3 5c 0e a9 94 41 55 ad 8f 40 fb de 77 3b 93 70 fa b6 5f 02"
1787300110989,42,22.9596062,34,NOMINAL,32,"b5 b6 0b 59 98 d3 7a 55 79 20 5e 88 37 03 fa fd ef e4 6a 8e cd d2 2b 27 77 81 74 aa e1 59 e2 7a"
1787300110991,42,16.3083706,33,NOMINAL,32,"71 6a c2 7d 5b f5 93 7a 94 e3 2b 2e 43 9c 0a b4 28 4d 3a a0 8c 1c 1c b7 0f ff 17 f2 b8 c6 62 1e"
1787300110993,42,27.1879082,32,NOMINAL,32,"f2 ea 61 f4 62 67 57 95 e1 42 ca 18 57 3c dc d8 0b 5e 3d a9 08 17 ad c4 a5 32 57 85 a8 17 75 ac"
1787300110995,42,23.7214432,31,NOMINAL,32,"6f 16 4b e3 f3 41 ee 92 46 9d 32 bb b9 98 5e 99 64 ba a3 49 fe 11 49 c9 74 af 92 16 ef 8b 63 b0"
1787300110997,42,21.9308395,30,NOMINAL,32,"76 09 cd 5b 10 97 db eb 85 ea c1 cc 19 7e 7f 13 a2 3e bd 08 87 c1 18 93 13 99 aa 29 b9 86 c7 67"
1787300110999,42,24.4252396,29,NOMINAL,32,"d8 43 88 d0 9f 5a ac 6c fd 67 5c 36 72 cb d8 56 24 7b c0 77 36 64 be e7 53 3c e1 53 c3 18 ea 5b"
1787300111001,42,27.7269516,28,NOMINAL,32,"44 4f 78 0b 8d b9 5b ac 26 a8 09 44 29 0c b6 3b e4 51 cc 3d fc 79 60 19 f8 64 aa c9 ac ad 1c e3"
1787300111003,42,25.5737915,27,NOMINAL,32,"83 2f 68 0d bb 89 17 05 35 1d 93 ea 8d bd ed 9b f3 da cb a4 14 de 2b 91 d4 0d bf 02 35 ea 38 2f"
1787300111005,42,24.2469063,26,NOMINAL,32,"d3 2e 77 ef 12 fe 35 5d b0 07 38 1a 45 dc 92 45 f0 0a d7 86 c2 72 43 8c f1 ed 5b 48 b9 89 1f 82"
1787300111007,42,28.702652,25,NOMINAL,32,"fa 86 ac 8e 59 44 ce 30 40 2a 44 5b da a4 8a 2c 24 f4 a8 ba 4a 7e 9e 4b 0e c6 fc 0b a7 b8 06 9e"
1787300111009,42,20.795105,24,NOMINAL,32,"83 5f f1 89 1e 9b ed 62 86 9d 70 80 10 6f 02 c4 52 a4 c7 cd 78 53 d2 81 f6 90 d2 c2 de 78 07 a5"
1787300111011,42,20.9755974,23,NOMINAL,32,"94 09 c2 1b f5 18 e8 85 6f 7b e9 06 94 ca 2b e5 dd 9e 86 e3 e2 15 45 52 ab a3 17 91 b3 e3 f8 6c"
1787300111013,42,27.8234291,22,SAFE_MODE,32,"90 09 9b e1 0f 96 21 e0 c2 98 87 96 8f 92 90 f2 41 69 fa d3 af a2 65 53 d8 3e 87 35 cb 40 3a da"
1787300111015,42,20.9403915,21,NOMINAL,32,"f9 e0 1f 9d bc d2 e0 f0 e3 5d 46 bd 31 d6 ca 90 bb 5a 15 8c 23 37 bf 83 da 6e 16 13 03 9d 74 24"
1787300111017,42,23.7864914,20,NOMINAL,32,"5f c8 3c 7f c9 a2 3e 12 ad 55 a3 ae b9 c5 76 d8 93 61 ef 55 f0 fd 01 3b 42 2e 4b 5b 55 79 62 50"
1787300111019,42,20.2530842,19,NOMINAL,32,"cd 6a df 97 1c 59 24 44 c3 60 45 73 41 74 d9 ee 91 fd bb 81 68 36 5e ea 58 3e 5e 24 ce 72 9b bd"
1787300111021,42,18.7107906,18,NOMINAL,32,"93 69 2f 8e b1 e1 44 c3 d2 d0 68 f6 38 64 3d d6 5d 39 93 0a fc b8 6c 00 d8 e9 81 37 f9 57 59 de"
1787300111023,42,20.5576935,17,NOMINAL,32,"bc 94 dc 3e 4f 79 57 d6 1d dc bb 44 3d 4f a4 68 16 be 3b c5 0c bc 20 40 fb e6 37 a5 37 75 d4 a3"
1787300111025,42,21.5488777,16,NOMINAL,32,"44 d7 3a 53 fb d9 e9 eb 0c d3 57 d1 97 61 e9 f7 bf 69 80 e3 39 2f e4 f4 b8 ba f1 68 63 d0 34 45"
1787300111027,42,24.6893311,15,NOMINAL,32,"8e 14 6b 3f e7 a0 2e 0c 00 86 b6 10 20 e9 d8 c8 5f 49 01 83 43 a6 d0 0d 80 06 b1 09 e7 74 dc 8b"
1787300111029,42,22.5796757,14,NOMINAL,32,"24 21 10 de 68 cf 78 31 c5 04 cb fd 17 be 9a d4 d5 22 e1 e7 b8 4f dd f3 1b 64 6e 82 d8 65 7b 6b"
1787300111031,42,20.810009,13,NOMINAL,32,"5c 20 c3 a4 c2 1b 36 89 5e 74 a7 fa 5a aa 65 12 b8 b8 ff 4a 86 10 d4 a4 0c f4 ce be ab 00 5b b0"
1787300111033,42,28.4827557,12,NOMINAL,32,"cb c5 ee 45 d2 46 53 11 a0 a8 bb f2 7e 89 0d 07 a1 1d b2 de c7 5a 40 7c 54 f5 82 70 c2 86 61 40"
1787300111035,42,25.9290886,11,NOMINAL,32,"77 26 6c ec 44 00 c4 25 21 29 4d 0d eb ca 83 59 cf f6 06 49 8f 93 05 ec 04 5c e1 06 a4 f3 51 61"
1787300111037,42,20.319664,10,NOMINAL,32,"57 49 c4 d3 53 55 69 22 1d db 26 a7 91 d7 72 49 cc b1 2e 2b c0 fa c9 47 8d 6e 90 2d 19 73 a7 28"
